event_date,ticker,mention_count,avg_tone
20240101,AAPL,14,0.5108547666728374
20240102,AAPL,76,-1.014913639381377
20240103,AAPL,155,-1.3091491618945321
20240104,AAPL,96,-1.8873284844662315
20240105,AAPL,88,-0.6716565665238071
20240106,AAPL,33,-0.6915272725175934
20240107,AAPL,22,-1.749436243164412
20240108,AAPL,88,0.10042652165032079
20240109,AAPL,70,-0.020906586585651005
20240110,AAPL,70,-0.7417730061935242
20240111,AAPL,74,-0.009452222944987737
20240112,AAPL,57,0.1428773408993859
20240113,AAPL,32,-0.6097099325752096
20240114,AAPL,26,-0.1919976296805303
20240115,AAPL,46,-0.5644320212375262
20240116,AAPL,110,-0.013394900199267312
20240117,AAPL,157,0.6163228039593911
20240118,AAPL,169,0.07370918514758881
20240119,AAPL,122,0.19825805997440918
20240120,AAPL,24,0.6199802561023573
20240121,AAPL,30,0.19057454307497768
20240122,AAPL,88,0.09652560038760621
20240123,AAPL,111,0.4519033276555583
20240124,AAPL,137,0.37467825306938146
20240125,AAPL,104,0.6714934350377235
20240126,AAPL,70,0.8027502803134405
20240127,AAPL,44,0.09825637610260378
20240128,AAPL,27,0.281242563929401
20240129,AAPL,71,0.182336876974449
20240130,AAPL,80,0.26965139570926233
20240131,AAPL,90,0.36736978074689886
20240201,AAPL,138,-1.485998579233742
20240202,AAPL,203,0.04847557312514986
20240203,AAPL,40,0.1790039416678188
20240204,AAPL,20,0.5240636685154191
20240205,AAPL,66,-0.04474700022112238
20240206,AAPL,50,0.4283773029389058
20240207,AAPL,84,-0.24038624162148553
20240208,AAPL,106,0.27476867912349007
20240209,AAPL,90,-0.5448140349974138
20240210,AAPL,29,0.04834170790600634
20240211,AAPL,15,1.7932444995430066
20240212,AAPL,59,1.381747869825501
20240213,AAPL,69,0.5464127841932735
20240214,AAPL,76,-1.300437650457039
20240215,AAPL,73,0.39982509449807707
20240216,AAPL,78,0.569375760262664
20240217,AAPL,24,-0.013371318271961752
20240218,AAPL,37,-1.4506568656261498
20240219,AAPL,65,-0.1315008212157347
20240220,AAPL,68,0.799272153913529
20240221,AAPL,87,0.2721891795585006
20240222,AAPL,46,0.6293056842538696
20240223,AAPL,63,0.2965798220218578
20240224,AAPL,11,0.5858230641746901
20240225,AAPL,36,1.1066979026375212
20240226,AAPL,67,0.8507284349574826
20240227,AAPL,83,0.6072596129810999
20240228,AAPL,186,0.6170620464063523
20240229,AAPL,98,0.35848257643530457
20240301,AAPL,78,0.9701401670039812
20240302,AAPL,31,0.6667285618049696
20240303,AAPL,37,0.009431522689835381
20240304,AAPL,179,-0.6429392637314153
20240305,AAPL,179,-0.7458079933662141
20240306,AAPL,102,-1.1566080272758357
20240307,AAPL,66,-0.848042974645744
20240308,AAPL,84,-0.014201082081158833
20240309,AAPL,41,0.25782088682220206
20240310,AAPL,17,0.7318787170238834
20240311,AAPL,78,0.4421421774282579
20240312,AAPL,86,1.0367838238192684
20240313,AAPL,63,1.1969290781227746
20240314,AAPL,75,0.726051439090399
20240315,AAPL,64,-1.2980332922503022
20240316,AAPL,35,-1.4228166689873407
20240317,AAPL,32,0.03480714557225867
20240318,AAPL,116,-0.179574639876691
20240319,AAPL,78,0.47808504227861753
20240320,AAPL,72,-0.33418223428768845
20240321,AAPL,459,-1.7846839906132028
20240322,AAPL,222,-1.4736040775368953
20240323,AAPL,65,0.4784714481513524
20240324,AAPL,54,0.938284434417294
20240325,AAPL,138,0.05474303478630685
20240326,AAPL,134,0.7366134814943888
20240327,AAPL,134,0.5655803816711182
20240328,AAPL,112,0.8526880846507665
20240329,AAPL,77,0.902609952011361
20240330,AAPL,16,-0.11373302454631382
20240331,AAPL,18,0.48904582676344466
20240401,AAPL,96,-0.20703670684859304
20240402,AAPL,48,0.027069500848955014
20240403,AAPL,71,-1.2957194048285479
20240404,AAPL,94,0.014073318431367639
20240405,AAPL,102,-1.0316961756402094
20240406,AAPL,21,-0.341494682840656
20240407,AAPL,23,-0.6267185622554381
20240408,AAPL,54,0.6263581949033691
20240409,AAPL,60,-0.1278023607811018
20240410,AAPL,106,-0.23139290049653904
20240411,AAPL,178,-2.3474083293784593
20240412,AAPL,389,-4.7894050332115
20240413,AAPL,34,-2.0696434068753273
20240414,AAPL,11,-2.3899951989688963
20240415,AAPL,95,-0.8558402282078502
20240416,AAPL,92,0.5784106539618442
20240417,AAPL,113,-0.8093587103897382
20240418,AAPL,142,-1.2105501153506548
20240419,AAPL,90,0.17342064559757325
20240420,AAPL,22,-0.7763598304487773
20240421,AAPL,18,-0.05275999805977222
20240422,AAPL,75,-0.08843323600506776
20240423,AAPL,77,0.4749014449258554
20240424,AAPL,73,1.1586679237648325
20240425,AAPL,52,-1.3523214083777417
20240426,AAPL,73,0.8117219247729747
20240427,AAPL,54,0.40412029610581224
20240428,AAPL,31,-1.1767552954990974
20240429,AAPL,103,0.17838485334819698
20240430,AAPL,115,-0.06502669262642559
20240501,AAPL,56,-0.40942331209388766
20240502,AAPL,172,-0.9645882217129714
20240503,AAPL,238,0.05693454490021288
20240504,AAPL,69,0.2441581107788455
20240505,AAPL,35,0.46988396196047855
20240506,AAPL,76,0.518078105669823
20240507,AAPL,150,1.4567775504890181
20240508,AAPL,170,-2.784193172598143
20240509,AAPL,107,-1.3545619308180863
20240510,AAPL,107,0.09057823257047154
20240511,AAPL,56,0.833596781006044
20240512,AAPL,41,0.62293028483105
20240513,AAPL,94,0.4175407384469096
20240514,AAPL,88,-0.48546870830595223
20240515,AAPL,68,-3.0045300531839616
20240516,AAPL,68,0.25001893438750866
20240517,AAPL,42,0.7984721450119975
20240518,AAPL,32,0.37404776849128907
20240519,AAPL,23,-0.43637787989560806
20240520,AAPL,56,0.866561462239546
20240521,AAPL,102,0.13777618526425842
20240522,AAPL,84,-1.5672076763214342
20240523,AAPL,84,-2.088245096878378
20240524,AAPL,56,-2.2497063162005126
20240525,AAPL,17,-0.48644566804755357
20240526,AAPL,25,0.8658277390526179
20240527,AAPL,35,0.8294575090955725
20240528,AAPL,70,0.7772311455102935
20240529,AAPL,70,0.10363740817777131
20240530,AAPL,77,0.5820035091584367
20240531,AAPL,57,0.08104467024997493
20240601,AAPL,15,0.16705083659288222
20240602,AAPL,26,0.04321384406651829
20240603,AAPL,156,0.7759357788678803
20240604,AAPL,67,1.0502687018042394
20240605,AAPL,263,-1.811536647561558
20240606,AAPL,214,-0.6444000097897273
20240607,AAPL,158,0.023389188018412943
20240608,AAPL,30,0.24375505803383468
20240609,AAPL,35,1.1303030116191364
20240610,AAPL,151,1.1936553893761146
20240611,AAPL,194,0.13515050841611612
20240612,AAPL,134,0.5628176027368424
20240613,AAPL,132,0.6875717469336428
20240614,AAPL,77,0.41411429193962357
20240615,AAPL,87,1.2321508587310475
20240616,AAPL,45,0.6406878232550905
20240617,AAPL,85,0.6466832837823984
20240618,AAPL,100,0.9039944832356106
20240619,AAPL,100,0.7740336247280999
20240620,AAPL,65,0.8648318400103612
20240621,AAPL,70,-0.2039726597635771
20240622,AAPL,43,0.2931114514783087
20240623,AAPL,51,0.7759980440595937
20240624,AAPL,240,-0.13669693664863558
20240625,AAPL,98,-0.42675615439222314
20240626,AAPL,100,-0.12733087004653731
20240627,AAPL,45,0.3542351144097333
20240628,AAPL,55,0.8005131086899238
20240629,AAPL,29,-0.6655741967958437
20240630,AAPL,23,0.4389766819935955
20240701,AAPL,57,0.39448281259438034
20240702,AAPL,57,0.6275572033688147
20240703,AAPL,66,0.486129427524552
20240704,AAPL,42,0.5936159531946841
20240705,AAPL,45,-0.015616509727419847
20240706,AAPL,21,0.6963403203356484
20240707,AAPL,14,1.8184815288845575
20240708,AAPL,63,1.3740911315771824
20240709,AAPL,58,0.966560960472697
20240710,AAPL,76,0.21957319553087828
20240711,AAPL,88,0.7088891917962189
20240712,AAPL,62,-0.5894607342986664
20240713,AAPL,19,0.5794342433628067
20240714,AAPL,21,1.3599399855446932
20240715,AAPL,113,1.09889548932194
20240716,AAPL,51,0.40453887331367056
20240717,AAPL,54,-0.2697344201756748
20240718,AAPL,89,1.0332688721190064
20240719,AAPL,37,1.2432363743723163
20240720,AAPL,23,0.642836858568115
20240721,AAPL,10,1.2762682760441197
20240722,AAPL,32,1.0730959241802767
20240723,AAPL,47,0.5946238404034525
20240724,AAPL,93,0.9768047130687012
20240725,AAPL,70,0.13258171313934602
20240726,AAPL,84,0.4870808663686811
20240727,AAPL,23,0.19527319555162234
20240728,AAPL,24,0.9086116820864157
20240729,AAPL,79,0.054168128859810344
20240730,AAPL,80,0.6601225271862583
20240731,AAPL,63,0.6048758781625089
20240801,AAPL,55,-0.07083167029714486
20240802,AAPL,93,0.08839411755234927
20240803,AAPL,36,-0.1116665760808398
20240804,AAPL,37,-0.2538189087711581
20240805,AAPL,145,-1.6894807326525902
20240806,AAPL,120,-1.0154177853950703
20240807,AAPL,69,0.4253736624588032
20240808,AAPL,64,-0.3770684988119451
20240809,AAPL,46,0.9945340174278808
20240810,AAPL,29,0.1150190483330642
20240811,AAPL,24,1.0076549479637489
20240812,AAPL,43,1.5786016295540448
20240813,AAPL,57,0.25545442989743977
20240814,AAPL,68,0.07485164151259274
20240815,AAPL,69,0.865772350787989
20240816,AAPL,46,0.6446602146101866
20240817,AAPL,18,0.2657556306480869
20240818,AAPL,17,2.8820431014483185
20240819,AAPL,41,0.6534102388286935
20240820,AAPL,46,0.872299113780643
20240821,AAPL,41,0.3356658540093702
20240822,AAPL,44,0.6215069361446894
20240823,AAPL,36,0.3925314807191332
20240824,AAPL,41,0.3380151275326837
20240825,AAPL,32,0.6614214576669725
20240826,AAPL,86,1.2562556475191682
20240827,AAPL,105,1.2959339021264655
20240828,AAPL,153,0.16477379773867856
20240829,AAPL,96,0.8002841835399089
20240830,AAPL,66,0.6433189668940125
20240831,AAPL,29,2.0393051967731255
20240901,AAPL,23,1.9202010316582898
20240902,AAPL,42,-0.1384621927512505
20240903,AAPL,51,0.5612982796128878
20240904,AAPL,59,0.49742660628294016
20240905,AAPL,62,1.2287913627392928
20240906,AAPL,50,1.3886814862063355
20240907,AAPL,44,0.8957958153800508
20240908,AAPL,40,1.0853654499993848
20240909,AAPL,199,1.106021650054842
20240910,AAPL,310,0.10768537077507512
20240911,AAPL,101,0.1507542943522755
20240912,AAPL,94,0.4633425291030921
20240913,AAPL,77,1.6921849782544487
20240914,AAPL,52,1.0983849696533736
20240915,AAPL,22,1.1537226963964367
20240916,AAPL,80,0.9302481301702564
20240917,AAPL,58,0.8312212356047138
20240918,AAPL,55,0.7962767178073105
20240919,AAPL,74,-0.3187887352681873
20240920,AAPL,84,1.0439893602556098
20240921,AAPL,34,1.569222973833791
20240922,AAPL,22,0.6242729861562355
20240923,AAPL,50,1.3584128243633078
20240924,AAPL,47,1.1271637732223385
20240925,AAPL,69,0.655985896391788
20240926,AAPL,35,0.7241690418654132
20240927,AAPL,47,1.0821374876775776
20240928,AAPL,26,-0.9294186687741337
20240929,AAPL,25,0.29691072708539845
20240930,AAPL,50,0.482754352941113
20241001,AAPL,66,-0.4724751803139875
20241002,AAPL,53,-0.0939544441228401
20241003,AAPL,55,0.1458451303202145
20241004,AAPL,46,0.6758166953345459
20241005,AAPL,44,-0.18871883056711775
20241006,AAPL,12,0.27956880468366474
20241007,AAPL,67,-0.2808767376955412
20241008,AAPL,56,-0.2282691384078187
20241009,AAPL,52,0.07562690417228796
20241010,AAPL,47,0.23680399013883754
20241011,AAPL,46,0.4872523844231261
20241012,AAPL,15,0.5112055884413638
20241013,AAPL,12,-0.0019604570377340647
20241014,AAPL,29,0.8702741254115559
20241015,AAPL,45,2.1413573608409506
20241016,AAPL,62,1.2037901887517393
20241017,AAPL,51,1.3761645494524242
20241018,AAPL,58,0.26806477904952736
20241019,AAPL,13,1.437106072550721
20241020,AAPL,17,1.0666258302338125
20241021,AAPL,45,1.0972076453672268
20241022,AAPL,50,1.9274939110580016
20241023,AAPL,65,1.349460851606767
20241024,AAPL,50,1.1045840798237014
20241025,AAPL,70,1.5495972560313673
20241026,AAPL,23,0.9615512042088539
20241027,AAPL,23,0.6662014384030963
20241028,AAPL,110,1.0171042136769715
20241029,AAPL,69,1.2722295905142242
20241030,AAPL,71,1.1471756211382953
20241031,AAPL,65,0.41063854352732837
20241101,AAPL,97,0.5372107128608478
20241102,AAPL,54,-0.11347247079597382
20241103,AAPL,37,0.5763933039088516
20241104,AAPL,74,0.3593577734442703
20241105,AAPL,62,0.16279895385816287
20241106,AAPL,48,1.463689268713863
20241107,AAPL,42,0.6948105959438127
20241108,AAPL,35,0.4948015973816798
20241109,AAPL,19,0.26518133669341915
20241110,AAPL,23,1.1093166551695235
20241111,AAPL,39,0.6891180985327534
20241112,AAPL,43,0.22636289680393923
20241113,AAPL,39,0.7125923175959181
20241114,AAPL,48,-0.4014338872115393
20241115,AAPL,42,1.3745841331765096
20241116,AAPL,23,0.5299923053111029
20241117,AAPL,15,0.9719836268463351
20241118,AAPL,33,0.7431791136999486
20241119,AAPL,56,0.12640641784558315
20241120,AAPL,41,0.41134096290737243
20241121,AAPL,85,0.97136461439034
20241122,AAPL,49,0.789924766918693
20241123,AAPL,17,1.7106865998544354
20241124,AAPL,12,-0.79559871314389
20241125,AAPL,64,1.0462715378405405
20241126,AAPL,71,0.20771614969238036
20241127,AAPL,49,0.20358706070113258
20241128,AAPL,37,0.4747089622474914
20241129,AAPL,41,-0.06487993734552061
20241130,AAPL,22,0.9326243399111832
20241201,AAPL,13,-1.0339501331274683
20241202,AAPL,45,-0.17589389553665927
20241203,AAPL,82,-0.22795143923097136
20241204,AAPL,71,0.06941085431462984
20241205,AAPL,40,-0.11259048747219849
20241206,AAPL,38,0.7825057978965773
20241207,AAPL,30,0.6077968511251022
20241208,AAPL,12,0.202009810852125
20241209,AAPL,51,1.032904248007724
20241210,AAPL,47,0.9378664167170967
20241211,AAPL,60,0.8839141444644729
20241212,AAPL,65,1.3611559877915023
20241213,AAPL,90,1.5449128512723882
20241214,AAPL,32,0.23605237981038377
20241215,AAPL,20,1.1069117095817047
20241216,AAPL,54,0.7816672209716785
20241217,AAPL,57,0.22466555795645585
20241218,AAPL,42,0.33575146995927785
20241219,AAPL,85,0.1920479476248122
20241220,AAPL,36,-0.3350327849120781
20241221,AAPL,21,0.2306575661738555
20241222,AAPL,24,1.1583586839567444
20241223,AAPL,30,1.4400652264157026
20241224,AAPL,55,2.592234353749934
20241225,AAPL,22,0.6308471584096307
20241226,AAPL,22,1.4151845368678115
20241227,AAPL,48,0.2779821285476424
20241228,AAPL,24,0.8794088801607187
20241229,AAPL,13,-0.7850979884003263
20241230,AAPL,28,0.37718079585020664
20241231,AAPL,27,0.8547357887852426
20240101,AMZN,1,-0.389105058365759
20240102,AMZN,1,2.60869565217391
20240103,AMZN,1,0.671140939597315
20240110,AMZN,1,0.88008800880088
20240122,AMZN,1,3.13111545988258
20240125,AMZN,1,-2.3972602739726
20240126,AMZN,1,-2.53623188405797
20240130,AMZN,1,0.888888888888889
20240202,AMZN,1,1.4367816091954
20240205,AMZN,2,-0.39266431210165
20240209,AMZN,2,3.161739150416345
20240215,AMZN,1,0.0
20240217,AMZN,1,-1.4591439688716
20240221,AMZN,2,0.7663628831814449
20240222,AMZN,1,3.26797385620915
20240226,AMZN,1,3.6468330134357
20240227,AMZN,2,3.53677888478226
20240228,AMZN,1,3.09205903021785
20240229,AMZN,1,0.0
20240305,AMZN,2,-0.984363894811658
20240311,AMZN,1,0.255102040816326
20240314,AMZN,1,2.24787363304982
20240315,AMZN,1,0.36101083032491
20240319,AMZN,1,2.45644599303136
20240320,AMZN,1,0.900900900900901
20240321,AMZN,4,-3.3093044096288726
20240326,AMZN,1,7.04225352112676
20240328,AMZN,2,-2.806023698248595
20240329,AMZN,11,1.28968253968254
20240401,AMZN,1,-1.06382978723404
20240403,AMZN,1,2.6578073089701
20240405,AMZN,1,-4.82654600301659
20240412,AMZN,1,1.9774011299435
20240418,AMZN,1,3.32326283987915
20240419,AMZN,1,3.44827586206897
20240420,AMZN,1,2.57826887661142
20240425,AMZN,1,1.51515151515152
20240501,AMZN,4,-0.03653578893229492
20240506,AMZN,1,2.10084033613445
20240507,AMZN,5,1.593631833721936
20240508,AMZN,1,1.79806362378976
20240514,AMZN,1,-1.96850393700787
20240522,AMZN,3,1.6091652455288799
20240524,AMZN,1,1.57179269328802
20240525,AMZN,1,0.0
20240529,AMZN,1,3.97857689364958
20240605,AMZN,1,2.89855072463768
20240611,AMZN,2,1.1932380181638331
20240612,AMZN,1,3.45911949685535
20240613,AMZN,2,2.909609439630775
20240619,AMZN,1,2.59344012204424
20240620,AMZN,2,2.9432737335036183
20240621,AMZN,2,1.915748224344845
20240626,AMZN,12,-0.03376358611938057
20240627,AMZN,3,-0.21654721543241265
20240628,AMZN,1,0.944767441860465
20240629,AMZN,1,3.01990391214825
20240704,AMZN,1,1.71184022824536
20240711,AMZN,1,2.02205882352941
20240717,AMZN,1,2.08333333333333
20240718,AMZN,1,3.38137472283814
20240719,AMZN,1,-0.31813361611877
20240725,AMZN,1,1.22448979591837
20240727,AMZN,2,0.995899238429995
20240728,AMZN,1,0.0
20240730,AMZN,1,-5.70469798657718
20240731,AMZN,1,-1.53172866520788
20240804,AMZN,1,0.852618757612667
20240805,AMZN,1,-2.75229357798165
20240806,AMZN,1,-2.81954887218045
20240807,AMZN,2,-1.67897949972682
20240811,AMZN,7,4.03757599090134
20240813,AMZN,2,0.17196760998414007
20240814,AMZN,1,2.89143480632842
20240820,AMZN,1,0.674157303370787
20240823,AMZN,2,0.8689973574704646
20240830,AMZN,2,-1.2131735968674264
20240831,AMZN,3,1.3660134160257402
20240903,AMZN,2,0.12210012210012522
20240905,AMZN,14,-0.7138652504078585
20240906,AMZN,7,-1.8143544306865615
20240910,AMZN,1,-3.34507042253521
20240911,AMZN,1,3.73230373230373
20240913,AMZN,1,3.0441400304414
20240914,AMZN,2,3.148397356579195
20240916,AMZN,1,0.0
20240917,AMZN,2,0.4273121439065475
20240924,AMZN,1,-3.6734693877551
20240928,AMZN,1,-2.46103363412633
20241001,AMZN,1,5.35097813578826
20241002,AMZN,1,2.77777777777778
20241007,AMZN,1,-2.52100840336134
20241008,AMZN,1,0.75187969924812
20241016,AMZN,1,2.01005025125628
20241017,AMZN,2,2.664123675198245
20241019,AMZN,1,0.647249190938512
20241022,AMZN,1,2.03045685279188
20241028,AMZN,1,2.3972602739726
20241029,AMZN,1,-0.421940928270042
20241105,AMZN,1,3.184165232358
20241106,AMZN,2,0.0
20241108,AMZN,1,3.52422907488987
20241114,AMZN,1,1.62368672397326
20241122,AMZN,2,2.136770819257765
20241126,AMZN,1,1.76470588235294
20241127,AMZN,1,0.269541778975741
20241128,AMZN,1,2.02702702702703
20241201,AMZN,1,1.41342756183746
20241202,AMZN,1,1.41342756183746
20241205,AMZN,1,-7.28900255754476
20241208,AMZN,1,2.99003322259136
20241209,AMZN,1,1.86150409530901
20241210,AMZN,1,5.91966173361522
20241213,AMZN,1,-2.22652468538238
20241216,AMZN,1,1.8705035971223
20241217,AMZN,1,-2.29357798165138
20241223,AMZN,1,1.96078431372549
20241230,AMZN,1,1.85694635488308
20240101,BA,1,4.69208211143695
20240103,BA,3,0.9867839359672366
20240104,BA,3,4.278331084979256
20240105,BA,2,2.111954459203034
20240106,BA,4,0.34497466004315236
20240107,BA,2,2.190930787589499
20240108,BA,4,-0.9856722736494116
20240109,BA,80,0.24769953789996774
20240110,BA,1,-1.13821138211382
20240111,BA,2,-0.3072845432522552
20240112,BA,1,-9.35412026726058
20240113,BA,1,1.89274447949527
20240115,BA,70,-1.283590021736037
20240116,BA,48,-0.9604125873872069
20240117,BA,60,-2.1741543049257936
20240118,BA,5,0.26903244841813834
20240119,BA,21,1.648277243861507
20240121,BA,1,3.0441400304414
20240122,BA,3,-0.415541136391063
20240123,BA,10,-0.3965876672720545
20240124,BA,33,-0.15031577475868857
20240125,BA,37,2.8855415159926148
20240126,BA,4,-1.4277435073858356
20240127,BA,36,-0.5619152046074717
20240128,BA,25,-0.12665916768660593
20240129,BA,10,-0.3307972349582566
20240130,BA,88,-0.6796227372153899
20240131,BA,7,-1.1623971711589587
20240201,BA,4,0.3854992479988941
20240202,BA,4,1.620524259923149
20240203,BA,1,1.97368421052632
20240205,BA,71,-0.8044305358005217
20240206,BA,8,-1.733128408788058
20240207,BA,3,0.22307325713166715
20240208,BA,1,5.64102564102564
20240210,BA,1,1.08142493638677
20240211,BA,1,-1.1142061281337
20240213,BA,1,0.307219662058372
20240214,BA,2,-2.13895216400911
20240215,BA,1,-1.48975791433892
20240221,BA,208,0.8428793479817529
20240222,BA,64,0.2608445530813748
20240223,BA,2,1.9405455715258375
20240225,BA,1,-0.165562913907285
20240226,BA,3,-2.470343700457
20240227,BA,1,1.5625
20240228,BA,2,-3.8159209211840803
20240301,BA,3,-2.38561838546569
20240302,BA,2,-0.23636175425278516
20240303,BA,1,-1.06051154086089
20240304,BA,15,1.8158547766158375
20240305,BA,7,2.9259940588776905
20240306,BA,2,0.7967334335513749
20240308,BA,3,-0.4518305689782781
20240309,BA,2,-0.715418302627607
20240310,BA,9,-2.980541359196383
20240311,BA,2,-3.898233809924305
20240312,BA,15,0.2607662829124277
20240313,BA,59,0.43892769882361776
20240315,BA,2,-0.7514560467079765
20240317,BA,2,-0.4798715340762615
20240319,BA,2,-1.7754256489933304
20240320,BA,3,-2.1429219747454935
20240321,BA,2,0.01791977062693495
20240322,BA,2,1.183369864291375
20240323,BA,4,-1.2960445563930554
20240325,BA,321,-0.9160257959912517
20240326,BA,75,-1.3893144053894648
20240327,BA,24,-0.4918305761868191
20240328,BA,9,-1.9666242450846443
20240329,BA,4,0.6359085535981774
20240330,BA,2,-0.35109099350046513
20240331,BA,2,-2.4287612206444695
20240401,BA,1,1.78041543026706
20240402,BA,3,-0.785242331748197
20240403,BA,1,4.40881763527054
20240404,BA,5,-2.1892963283503066
20240405,BA,9,-3.160591150821425
20240406,BA,6,-0.2848785583984148
20240408,BA,9,-2.0623497672713627
20240409,BA,4,-1.9094834147301523
20240410,BA,3,-4.259191523790021
20240411,BA,6,-1.3492296065129934
20240412,BA,2,-0.437045924576161
20240413,BA,2,1.168724928790375
20240415,BA,6,-2.5953016983934836
20240416,BA,8,-1.613771935561915
20240417,BA,13,-2.0818598137133217
20240418,BA,59,-1.1440292116821982
20240423,BA,2,-1.101195551260915
20240424,BA,9,-1.4100171326311193
20240425,BA,2,1.5703995821262602
20240427,BA,2,0.557335680009881
20240429,BA,2,-1.9999016522423305
20240430,BA,1,-0.42674253200569
20240501,BA,1,-0.664451827242525
20240502,BA,1,-5.39291217257319
20240503,BA,5,1.4295526905914882
20240504,BA,1,3.47826086956522
20240505,BA,1,-1.5356820234869
20240506,BA,3,-1.843780795148299
20240507,BA,1,1.21293800539084
20240509,BA,2,-0.22181042228212
20240510,BA,1,-1.94601381042059
20240512,BA,1,-0.198807157057654
20240514,BA,3,-3.5851319844883003
20240515,BA,1,-6.00706713780919
20240516,BA,6,1.158427940970812
20240517,BA,7,-1.204314741405272
20240520,BA,2,0.9274133293484745
20240523,BA,2,-0.64102564102564
20240524,BA,2,0.15155586155938972
20240526,BA,1,-3.04568527918782
20240527,BA,1,1.07991360691145
20240528,BA,1,-4.05405405405405
20240529,BA,5,0.577334074125518
20240530,BA,19,0.0207751969661611
20240531,BA,8,2.208831519697833
20240601,BA,2,-2.560277062270025
20240602,BA,1,0.958466453674121
20240603,BA,4,-0.5368334400469101
20240604,BA,4,-2.7150071694928224
20240605,BA,5,1.0124114831084263
20240606,BA,3,-1.7783872981892799
20240610,BA,1,-1.48514851485149
20240611,BA,2,-0.9681788414597841
20240612,BA,1,-4.25806451612903
20240613,BA,1,0.651465798045602
20240614,BA,1,-4.7981721249048
20240615,BA,2,2.62008733624454
20240616,BA,2,2.30210716018576
20240617,BA,1,1.98412698412698
20240618,BA,10,-4.872928894608909
20240619,BA,6,-2.2715451643749383
20240621,BA,3,0.6362016739560927
20240624,BA,1,-2.12539851222104
20240625,BA,2,-0.4767912347699585
20240626,BA,1,0.906344410876133
20240627,BA,30,-0.6550216788746572
20240628,BA,1,-0.366300366300367
20240629,BA,1,-6.4406779661017
20240701,BA,4,-2.5732841322374123
20240704,BA,2,-2.6566448519406487
20240708,BA,6,-3.38571123641158
20240709,BA,5,-2.5934054447935218
20240710,BA,1,-2.80373831775701
20240711,BA,1,1.48181409968568
20240715,BA,6,0.34781170862158695
20240716,BA,11,3.5199144440412873
20240717,BA,2,3.23383084577114
20240718,BA,3,4.355604691736237
20240721,BA,2,-1.2987012987013
20240722,BA,33,3.196215371086696
20240723,BA,22,4.513542386258466
20240724,BA,4,5.778218450089442
20240725,BA,2,5.637600440007841
20240726,BA,3,3.9100529100529102
20240728,BA,1,1.5625
20240729,BA,1,0.3584229390681
20240730,BA,1,4.42622950819672
20240731,BA,14,-0.2901453490834797
20240802,BA,6,-1.063583737526442
20240806,BA,14,-3.348797256607358
20240807,BA,80,-2.466644596005646
20240808,BA,8,-1.7075527310418124
20240810,BA,14,4.259910461766999
20240811,BA,2,2.1061869240895152
20240813,BA,1,0.925024342745862
20240815,BA,7,3.695772024330623
20240816,BA,1,4.76190476190476
20240820,BA,3,-0.785549393033449
20240821,BA,1,0.151975683890577
20240825,BA,2,1.22224379171831
20240826,BA,5,3.97727272727273
20240827,BA,3,-5.4264284830629625
20240830,BA,1,-1.30293159609121
20240901,BA,2,-0.4824020556768785
20240903,BA,2,-1.72973260892724
20240904,BA,2,-2.5761900062237
20240905,BA,2,0.18486490641454512
20240908,BA,6,0.5635180480945234
20240909,BA,12,-0.2827117156384026
20240910,BA,5,3.1914246750143382
20240911,BA,1,-3.87038703870387
20240912,BA,29,-3.7926606505829863
20240913,BA,63,-3.229954724044956
20240914,BA,2,-3.728961830644095
20240915,BA,1,-3.72848948374761
20240916,BA,4,-4.125827617913223
20240917,BA,1,-3.59116022099448
20240918,BA,1,-3.93541876892028
20240920,BA,2,-1.934167726015105
20240924,BA,1,-4.41527446300716
20240925,BA,2,-2.560688467122535
20240926,BA,1,1.01010101010101
20241003,BA,2,-0.1288792659036999
20241007,BA,2,-0.29098242581389
20241009,BA,105,-2.0101737026569704
20241010,BA,10,-2.4129325018449945
20241011,BA,5,-3.943303004233071
20241012,BA,6,-3.7031940715125566
20241013,BA,1,-4.74840538625089
20241014,BA,2,-2.0776134117947396
20241015,BA,6,-3.7072219764572765
20241016,BA,2,-1.949065932070615
20241017,BA,2,1.5106137252763503
20241019,BA,1,-1.1864406779661
20241021,BA,15,3.2483577163430106
20241022,BA,4,3.7438564995550676
20241023,BA,1,-0.374882849109654
20241024,BA,1,-4.6814044213264
20241025,BA,1,-3.24675324675325
20241026,BA,1,-3.12849162011173
20241028,BA,3,-3.8563395261152964
20241029,BA,1,1.11287758346582
20241030,BA,1,3.07328605200946
20241101,BA,2,0.2008032128514055
20241103,BA,1,2.05278592375367
20241111,BA,6,2.2413514847725384
20241112,BA,1,4.41176470588235
20241113,BA,3,0.8617217014782266
20241115,BA,1,-1.41843971631206
20241124,BA,1,2.4330900243309
20241125,BA,1,-1.07816711590297
20241126,BA,1,2.00501253132832
20241128,BA,3,3.703521238448917
20241129,BA,2,1.32480110688343
20241130,BA,9,2.982804018844719
20241201,BA,13,3.02218276538287
20241202,BA,12,3.021358896663163
20241203,BA,4,4.840139826932147
20241204,BA,13,3.750667693261286
20241205,BA,14,3.664340898571937
20241206,BA,15,3.210319092242162
20241207,BA,11,3.893686725022312
20241208,BA,16,3.051366983223421
20241209,BA,13,3.3263171719569717
20241210,BA,11,2.7177636537453074
20241211,BA,2,1.8540051679586576
20241212,BA,14,3.4124959994204733
20241213,BA,12,3.5583440834816
20241214,BA,9,3.6334871152643586
20241215,BA,8,2.661301836901703
20241216,BA,5,3.724127943461808
20241217,BA,3,4.29580636851747
20241218,BA,7,3.370232272662811
20241219,BA,11,3.9847460206782475
20241220,BA,13,3.445975845590529
20241221,BA,5,4.128585451722875
20241222,BA,5,3.788063037381674
20241223,BA,12,4.330413075942657
20241224,BA,5,5.467435721391745
20241225,BA,12,3.760633462702013
20241226,BA,11,4.832504735038991
20241227,BA,8,4.634337624626689
20241228,BA,5,4.057354943195686
20241229,BA,14,1.9099592286885108
20241230,BA,8,-0.21449830021181637
20241231,BA,5,2.590899392038046
20240101,CAT,1,1.41271442986882
20240102,CAT,3,0.995619634830389
20240103,CAT,3,3.4656479915645533
20240104,CAT,5,1.8106075091538856
20240105,CAT,2,2.2145562770562766
20240106,CAT,4,2.4062370090399554
20240108,CAT,7,3.7724342280669236
20240109,CAT,7,2.3748247120890515
20240110,CAT,3,2.87700172283119
20240111,CAT,12,2.118294233453139
20240112,CAT,4,1.0288499879367878
20240113,CAT,2,0.9841667837796865
20240114,CAT,2,0.7160199429422744
20240115,CAT,4,4.194907413569652
20240116,CAT,3,2.0840757699857733
20240117,CAT,8,1.2916118003242696
20240118,CAT,7,1.3674306464445818
20240119,CAT,8,2.3986338678721433
20240120,CAT,4,3.9347056976769874
20240122,CAT,10,-0.2708112565864082
20240123,CAT,1,2.79850746268657
20240124,CAT,6,2.3587664267185846
20240125,CAT,8,1.8029433201937555
20240126,CAT,7,1.205509632143857
20240127,CAT,2,1.32480375165664
20240128,CAT,2,1.76297747306562
20240129,CAT,4,1.5571368999133617
20240130,CAT,3,0.6707256426947964
20240131,CAT,6,1.6871540744148918
20240201,CAT,4,0.4043365632888922
20240202,CAT,10,1.799040716048471
20240203,CAT,3,0.9191857093533016
20240204,CAT,10,1.2785535746155694
20240205,CAT,37,1.0888225481997755
20240206,CAT,12,2.8804193668710565
20240207,CAT,4,2.539084432374185
20240208,CAT,3,2.8963306254897496
20240209,CAT,6,1.146601193345619
20240210,CAT,3,0.43256779979462634
20240211,CAT,2,1.4243016601507201
20240212,CAT,4,1.7266854088351902
20240213,CAT,1,1.86991869918699
20240214,CAT,4,1.3918654656427374
20240215,CAT,7,0.4789505807279487
20240216,CAT,1,0.749063670411985
20240217,CAT,3,2.194447674689203
20240218,CAT,5,1.2138287738313511
20240219,CAT,5,1.639474571369546
20240220,CAT,5,0.6973010574955594
20240221,CAT,5,2.279746629779104
20240222,CAT,9,0.05222462237348791
20240223,CAT,16,0.43516787973608706
20240224,CAT,4,0.016907630378727112
20240225,CAT,8,1.6948557578069992
20240226,CAT,1,1.30187144019528
20240227,CAT,3,2.060353123666047
20240228,CAT,2,1.374351720886375
20240229,CAT,2,-1.6451398984519825
20240301,CAT,6,0.8414786521919067
20240302,CAT,9,-0.19614444695350342
20240303,CAT,1,3.40983606557377
20240304,CAT,5,1.4334681723813882
20240305,CAT,6,2.1260935411285296
20240306,CAT,4,2.3940004071402186
20240307,CAT,8,1.956111195221969
20240308,CAT,2,-0.5496186219077801
20240309,CAT,1,1.24895920066611
20240310,CAT,8,0.6770260346674839
20240311,CAT,12,3.1023577418083566
20240312,CAT,1,1.62481536189069
20240313,CAT,9,1.5036069800012073
20240314,CAT,4,3.142550073374175
20240315,CAT,5,1.115569486738094
20240316,CAT,7,0.892784123997739
20240317,CAT,3,-3.081947345416283
20240318,CAT,8,0.1221887694578038
20240319,CAT,11,2.8217319334429174
20240320,CAT,6,2.287511795395215
20240321,CAT,10,3.765034273280247
20240323,CAT,3,1.3066068893587766
20240324,CAT,7,2.1100831469974586
20240325,CAT,3,1.3364766747298211
20240326,CAT,7,2.4312203031420014
20240327,CAT,4,1.9033484904949387
20240328,CAT,6,2.389798410377635
20240329,CAT,5,2.646857352866566
20240330,CAT,6,1.7005616982984433
20240331,CAT,3,1.8340863830060599
20240401,CAT,6,2.575294868658667
20240402,CAT,9,1.28258812690975
20240403,CAT,14,0.5848039186862763
20240404,CAT,3,1.6171595768745135
20240405,CAT,2,0.029356315647725006
20240406,CAT,8,1.9273708982666826
20240407,CAT,2,1.38172359951565
20240408,CAT,10,3.0107424165481986
20240409,CAT,9,0.5879231113941773
20240410,CAT,6,1.2601907418285883
20240411,CAT,4,1.3530908782861972
20240412,CAT,5,2.059207814119388
20240413,CAT,2,2.49862970564911
20240414,CAT,4,1.320488664293915
20240415,CAT,4,2.382864939906818
20240416,CAT,11,2.30533650174756
20240417,CAT,6,3.0939716287727
20240418,CAT,5,3.3873115121824418
20240419,CAT,7,2.276125797024482
20240420,CAT,3,-1.1275709688408067
20240421,CAT,5,0.9676168678654611
20240422,CAT,10,1.8009678972839496
20240423,CAT,5,2.685087153292378
20240424,CAT,7,2.108278143640834
20240425,CAT,23,-0.11886931200689743
20240426,CAT,14,0.9727275483537029
20240427,CAT,6,1.7493406682135317
20240428,CAT,5,2.2665856897382355
20240429,CAT,13,-0.03158867569744617
20240430,CAT,15,-0.30977045982768836
20240501,CAT,15,-0.1633452676450341
20240502,CAT,10,2.012986250833932
20240503,CAT,13,0.7760587797425209
20240504,CAT,7,1.5178340523237759
20240505,CAT,4,-1.4704059851020976
20240506,CAT,2,1.3920847254180606
20240507,CAT,7,2.865526208588744
20240508,CAT,8,1.1623823279414425
20240509,CAT,12,-0.6790934773342759
20240510,CAT,1,0.167037861915367
20240511,CAT,4,0.42403912921620246
20240512,CAT,8,1.3013604775057628
20240513,CAT,4,1.6643492415516823
20240514,CAT,7,1.525106598111932
20240515,CAT,7,1.7911401922306884
20240516,CAT,5,0.6894059130647388
20240517,CAT,3,0.7415628428068932
20240518,CAT,4,0.9297666665279661
20240519,CAT,5,3.383204828424766
20240520,CAT,6,2.5837996026038184
20240521,CAT,10,0.25750865246531773
20240522,CAT,5,1.3654652053737801
20240523,CAT,4,1.241591318645341
20240524,CAT,3,-0.9477424920915307
20240525,CAT,7,1.5529101586333371
20240526,CAT,1,1.57284768211921
20240527,CAT,1,3.10432569974555
20240528,CAT,7,1.7771545025196829
20240529,CAT,5,2.85212621442074
20240530,CAT,7,-1.2449004655847296
20240531,CAT,5,-0.4632666481754675
20240601,CAT,4,-0.13939521165358248
20240602,CAT,2,1.3570778849697849
20240603,CAT,5,1.3971412632510183
20240604,CAT,11,0.9067898829279617
20240605,CAT,9,1.0825357019756046
20240606,CAT,3,-2.9894432643084197
20240607,CAT,15,-2.1994302337628784
20240608,CAT,4,0.76860841423948
20240611,CAT,7,1.1548560412406372
20240612,CAT,23,2.392150710907373
20240613,CAT,8,3.173282136007386
20240614,CAT,2,2.354110490424345
20240616,CAT,4,-1.3200673235691573
20240617,CAT,6,-0.5090540435223548
20240618,CAT,7,1.6635415977376522
20240619,CAT,7,1.3481518362806961
20240620,CAT,3,0.3744340865995066
20240621,CAT,4,3.304505207571313
20240622,CAT,2,1.76470588235294
20240624,CAT,1,8.05931656995487
20240625,CAT,8,1.016605698328459
20240626,CAT,71,-4.774921261603358
20240627,CAT,10,1.1782572234722983
20240628,CAT,8,0.41325805567575613
20240629,CAT,4,0.29311525324568743
20240630,CAT,4,-1.9607177465471701
20240701,CAT,2,2.01818869919761
20240702,CAT,6,1.9180600566896495
20240703,CAT,9,1.5348901694303134
20240705,CAT,5,1.7340985548830539
20240706,CAT,2,7.234565932178435
20240707,CAT,2,1.5626068109712201
20240708,CAT,1,4.54545454545454
20240709,CAT,5,0.61842268917077
20240710,CAT,6,2.7979069470010947
20240711,CAT,9,0.4453353139726376
20240712,CAT,7,-0.5954292722000039
20240713,CAT,1,-3.19327731092437
20240714,CAT,1,4.20560747663551
20240715,CAT,7,2.0130591731416483
20240716,CAT,5,3.3529026635963
20240717,CAT,7,2.84947076287058
20240718,CAT,8,1.1183419774571175
20240719,CAT,3,2.0927832322527866
20240720,CAT,2,1.64060893674563
20240721,CAT,1,1.91221208170361
20240722,CAT,4,2.0773887446638453
20240723,CAT,3,2.5936903852955693
20240724,CAT,5,1.4431825467200752
20240726,CAT,1,3.68303571428571
20240727,CAT,1,2.12418300653595
20240729,CAT,3,1.57616505174346
20240730,CAT,5,-1.0421083980903998
20240731,CAT,1,1.24378109452736
20240802,CAT,3,-0.6154813639841016
20240803,CAT,2,-1.2448041245560462
20240804,CAT,5,-1.8654336414872859
20240805,CAT,3,-1.0983447215331266
20240806,CAT,26,0.9281355482713637
20240807,CAT,9,1.3200521767005593
20240808,CAT,6,3.1850953150618366
20240809,CAT,3,3.9247914950964464
20240810,CAT,3,4.0690699964570465
20240811,CAT,1,3.04678998911861
20240812,CAT,5,3.624817936296616
20240813,CAT,8,2.3762926497762784
20240814,CAT,5,1.9595163887066978
20240815,CAT,7,2.0017873695877975
20240816,CAT,4,0.1790104810853188
20240817,CAT,5,1.9884218066238462
20240818,CAT,2,1.422528193442865
20240819,CAT,8,1.6671189631861414
20240820,CAT,10,1.999195034849879
20240821,CAT,6,3.0140652273849904
20240822,CAT,6,2.350746145588857
20240823,CAT,3,2.5401739340817735
20240824,CAT,4,1.8884009709918423
20240826,CAT,5,1.5556656659028438
20240827,CAT,7,2.1182102162443655
20240828,CAT,6,1.6972391153599133
20240829,CAT,8,2.19806125457404
20240830,CAT,2,3.80118480566785
20240831,CAT,12,1.383793662741059
20240901,CAT,7,1.8880519686440187
20240902,CAT,22,1.8133863547837128
20240903,CAT,13,2.1407031921127446
20240904,CAT,8,1.5804423530690488
20240905,CAT,13,1.9137330131180121
20240906,CAT,12,1.961631520847369
20240907,CAT,9,1.7661804529739744
20240908,CAT,9,1.414649821167089
20240909,CAT,17,0.9361678848183357
20240910,CAT,13,1.5003242886024093
20240911,CAT,12,1.3946312218977357
20240912,CAT,17,1.450387710310427
20240913,CAT,15,1.325058715477862
20240914,CAT,8,1.6577487831859699
20240915,CAT,10,1.530495181483079
20240916,CAT,5,3.374984056593716
20240917,CAT,10,2.4267172206154926
20240918,CAT,6,3.212636045959255
20240919,CAT,8,2.664787717875699
20240920,CAT,11,4.132377046523262
20240921,CAT,7,2.8563066177645
20240922,CAT,8,1.4544513898028968
20240923,CAT,9,0.26592920865466074
20240924,CAT,15,2.685974438211096
20240925,CAT,6,1.7494495632068188
20240926,CAT,8,2.3441658508186665
20240927,CAT,6,2.72035094357694
20240928,CAT,4,2.51696162541735
20240929,CAT,1,3.92156862745098
20240930,CAT,4,1.1259198665093624
20241001,CAT,14,1.242440128552481
20241002,CAT,9,4.204974013947257
20241003,CAT,3,1.6028456683399568
20241004,CAT,4,1.5773393009215861
20241005,CAT,1,1.51515151515151
20241006,CAT,2,-0.275807722616233
20241007,CAT,7,3.7844739354139216
20241008,CAT,5,4.138725514104582
20241009,CAT,10,1.024185841299234
20241010,CAT,5,1.6987345450022402
20241011,CAT,17,0.31387621769468305
20241012,CAT,4,1.5704135420486325
20241013,CAT,10,1.3371702657655207
20241014,CAT,12,0.9674387534128226
20241015,CAT,13,1.368007392257396
20241016,CAT,7,1.3095344898356
20241017,CAT,15,1.5514946460403096
20241018,CAT,2,1.783274785323965
20241019,CAT,5,0.9315267922242741
20241020,CAT,4,2.0232159886041248
20241021,CAT,11,2.1342933830063955
20241022,CAT,3,2.4319717383771664
20241023,CAT,8,1.1780654530393853
20241024,CAT,6,2.3859434098820778
20241025,CAT,7,1.1340925883923876
20241026,CAT,5,1.6902857676929712
20241027,CAT,6,2.2273368740886417
20241028,CAT,6,2.393416919173705
20241029,CAT,10,4.352357104985128
20241030,CAT,29,1.444188223262728
20241031,CAT,6,-0.4538554670054875
20241101,CAT,6,2.999895015087098
20241102,CAT,4,1.712529772753185
20241103,CAT,6,0.931731754166657
20241104,CAT,10,2.1108311745938497
20241105,CAT,5,2.98954030429047
20241106,CAT,8,1.2855078642687285
20241107,CAT,6,4.299429856863183
20241108,CAT,4,1.4623014085538926
20241109,CAT,8,0.8842840414727475
20241110,CAT,3,2.36792519385699
20241111,CAT,6,3.7656982525927196
20241112,CAT,5,0.4106050553615237
20241113,CAT,6,4.559993892787079
20241114,CAT,3,1.9552985173715034
20241115,CAT,15,2.9152206112856813
20241116,CAT,5,4.025497183490488
20241117,CAT,8,-1.0797753251598263
20241118,CAT,6,1.771058476288047
20241119,CAT,11,1.503237856855202
20241120,CAT,2,0.965443211505137
20241121,CAT,7,1.6172169940048642
20241122,CAT,3,0.3974991008345536
20241123,CAT,1,1.4760147601476
20241124,CAT,2,1.2158815103273806
20241125,CAT,3,2.362752214150228
20241126,CAT,9,-0.8549184372842327
20241127,CAT,10,1.566723538333482
20241128,CAT,2,1.7459897593082951
20241129,CAT,4,3.6157057135315926
20241130,CAT,2,1.36372455348481
20241201,CAT,3,3.3777288701746064
20241202,CAT,4,2.5555118105525825
20241203,CAT,3,0.9665664457988846
20241204,CAT,5,1.9727577610690952
20241205,CAT,5,0.5906874237659898
20241206,CAT,6,3.0338885690228947
20241207,CAT,3,0.5942852664829379
20241208,CAT,3,1.183486154249781
20241209,CAT,5,4.18654574914173
20241210,CAT,11,0.5961119186091033
20241211,CAT,7,1.742019900354747
20241212,CAT,9,1.242971239524511
20241213,CAT,6,0.4995259573847083
20241214,CAT,1,3.75
20241216,CAT,3,2.0711269443952567
20241217,CAT,4,2.02835303091807
20241218,CAT,4,3.666464751844775
20241219,CAT,5,-0.13265603375752022
20241220,CAT,2,1.7720374521198465
20241222,CAT,1,1.60680529300567
20241223,CAT,3,0.9150479002345664
20241224,CAT,2,2.979065307716895
20241225,CAT,1,3.61894624800426
20241226,CAT,3,3.341425331908007
20241230,CAT,1,1.45922746781116
20240101,CVX,21,0.9205909099913299
20240102,CVX,8,-2.83714957049079
20240103,CVX,12,-0.7259680407861515
20240104,CVX,11,1.2158847511527924
20240105,CVX,11,0.780995860331486
20240106,CVX,10,1.597863109016561
20240107,CVX,5,0.3597981082647461
20240108,CVX,7,2.5738036010302983
20240109,CVX,8,0.37854893489814057
20240110,CVX,9,-0.6941083262473177
20240111,CVX,182,-5.448705550461947
20240112,CVX,41,-2.9403275741591375
20240113,CVX,23,0.7003246769734542
20240114,CVX,6,-0.7093531278826899
20240115,CVX,6,0.6880655250123003
20240116,CVX,10,-2.710138199069663
20240117,CVX,24,-1.174105886622057
20240118,CVX,15,0.48939064763616497
20240119,CVX,8,-4.2642031471061905
20240120,CVX,10,1.2756297375130146
20240121,CVX,3,1.53838931538089
20240122,CVX,21,1.0809660884587646
20240123,CVX,23,1.4119599283193716
20240124,CVX,44,1.7116194007478436
20240125,CVX,17,-0.7769348755866201
20240126,CVX,6,-0.004030072246594241
20240127,CVX,34,1.2024291624242203
20240128,CVX,39,0.8309954490978393
20240129,CVX,41,0.30382217183787236
20240130,CVX,24,0.979335795127423
20240131,CVX,30,-0.12140963621464915
20240201,CVX,17,1.0393280532282199
20240202,CVX,42,0.6152699986946129
20240203,CVX,27,0.9829910375217195
20240204,CVX,19,1.1206845101410654
20240205,CVX,15,0.52517117788878
20240206,CVX,21,1.3781182162697385
20240207,CVX,12,0.7835049464666006
20240208,CVX,5,0.6534102817292938
20240209,CVX,15,0.7845600512892262
20240210,CVX,12,1.5012675210493895
20240211,CVX,10,1.4078285795601186
20240212,CVX,26,1.2584262457061153
20240213,CVX,4,1.0137750559608916
20240214,CVX,14,1.597650119161161
20240215,CVX,9,0.9550909136872705
20240216,CVX,9,0.535457400439499
20240217,CVX,5,1.110443369564893
20240218,CVX,8,1.4829871206082004
20240219,CVX,15,0.3032071295492884
20240220,CVX,14,1.832447727600538
20240221,CVX,15,0.7565880688936717
20240222,CVX,4,0.863579390101455
20240223,CVX,2,0.08488381221541852
20240224,CVX,5,-3.7278325956880782
20240225,CVX,18,1.1770763086355462
20240226,CVX,12,1.420523471127744
20240227,CVX,29,0.9151608662057661
20240228,CVX,25,0.684321098651997
20240229,CVX,14,-0.14245116137527836
20240301,CVX,8,1.0315715085997375
20240302,CVX,3,0.2040673001131157
20240303,CVX,1,3.49227669576897
20240304,CVX,20,1.3355636311123318
20240305,CVX,12,1.8904670424199677
20240306,CVX,300,-5.786948742814609
20240307,CVX,183,-5.763996319890285
20240308,CVX,11,-2.9180094100528224
20240309,CVX,7,0.48596421473375917
20240310,CVX,11,1.1084428196933773
20240311,CVX,17,1.0449601114281057
20240312,CVX,10,1.364122080387619
20240313,CVX,22,1.2590526485347262
20240314,CVX,18,1.0299410292503255
20240315,CVX,18,0.8834387549477163
20240316,CVX,17,1.0589525180383772
20240317,CVX,29,1.6393562673180393
20240318,CVX,22,1.5633040095334643
20240319,CVX,18,1.2437742242201966
20240320,CVX,25,1.0553190564848207
20240321,CVX,24,1.1174785766850066
20240322,CVX,11,1.0908506309354844
20240323,CVX,26,1.5223511107791576
20240324,CVX,17,1.1769717886119098
20240325,CVX,32,1.315806979016663
20240326,CVX,14,1.2687285881330235
20240327,CVX,43,0.4183190785015086
20240328,CVX,26,1.367198094858878
20240329,CVX,36,1.214322838172562
20240330,CVX,14,1.273869689595305
20240331,CVX,33,0.6278961019100716
20240401,CVX,19,0.31825789730536425
20240402,CVX,13,1.3401457625311615
20240403,CVX,5,-0.2885384667555948
20240404,CVX,5,1.340969081575241
20240405,CVX,15,0.43243998929213
20240406,CVX,6,0.8938650162563492
20240407,CVX,8,0.9381638468725766
20240408,CVX,9,1.6233757346547202
20240409,CVX,11,0.3964676672748868
20240410,CVX,14,0.778330829351207
20240411,CVX,15,0.8176551916344827
20240412,CVX,30,1.2691144502001483
20240413,CVX,8,1.3296919422734872
20240414,CVX,4,1.3041508079318467
20240415,CVX,12,-1.1993647777810215
20240416,CVX,20,0.8744367041831779
20240417,CVX,33,0.6149841228436733
20240418,CVX,22,0.5758720485369833
20240419,CVX,17,-0.07937631452087444
20240420,CVX,19,0.8648295895929815
20240421,CVX,11,0.690161618827442
20240422,CVX,22,0.8334166169931678
20240423,CVX,17,0.6366280273811238
20240424,CVX,15,0.9522713634056188
20240425,CVX,17,-0.5269193449283927
20240426,CVX,35,0.6160273205070287
20240427,CVX,10,0.7396936722799754
20240428,CVX,5,1.3792894264143463
20240429,CVX,31,1.148003493516596
20240430,CVX,13,1.1896788572454136
20240501,CVX,17,0.9685895502862344
20240502,CVX,33,-2.5748236068830908
20240503,CVX,15,-0.13826713771705354
20240504,CVX,4,1.1348892505606987
20240505,CVX,14,1.6644178660078204
20240506,CVX,9,0.8991447998793427
20240507,CVX,12,0.9914215250062891
20240508,CVX,13,0.5205357938416262
20240509,CVX,20,0.5540493188639112
20240510,CVX,21,0.23583794090344645
20240511,CVX,13,0.22262552757088894
20240512,CVX,5,-0.05443833457253211
20240513,CVX,7,-1.2743075061402416
20240514,CVX,3,0.7315085325488717
20240515,CVX,11,1.331000675695211
20240516,CVX,10,0.16205078376062054
20240517,CVX,9,1.8591001673538285
20240518,CVX,4,1.5187010490965651
20240519,CVX,5,1.355757727069504
20240520,CVX,14,-0.4007280413418502
20240521,CVX,12,1.483322550741027
20240522,CVX,10,1.0347898198566658
20240523,CVX,10,0.4520745264989524
20240524,CVX,3,-0.05163453629410164
20240525,CVX,3,1.676662775198661
20240526,CVX,10,1.2151149180716732
20240527,CVX,8,1.8892226280561188
20240528,CVX,22,0.7615110768416014
20240529,CVX,14,1.588809408472981
20240530,CVX,7,2.0153849041924072
20240531,CVX,5,0.3980487923912881
20240601,CVX,7,0.05425596480125028
20240602,CVX,3,1.5893184931402886
20240603,CVX,16,1.0160339285405935
20240604,CVX,13,0.41651286656398684
20240605,CVX,6,-0.013603949555085183
20240606,CVX,11,1.1514762698365437
20240607,CVX,12,1.5443587769381282
20240608,CVX,8,-0.0757821104027614
20240609,CVX,6,0.7881146571602033
20240610,CVX,9,0.2675523935286288
20240611,CVX,7,0.7947610477990487
20240612,CVX,12,0.8218579548417034
20240613,CVX,7,1.741547765701673
20240614,CVX,5,-0.2323474845063208
20240615,CVX,16,0.7576246707071619
20240616,CVX,1,-0.998185117967333
20240617,CVX,7,0.7168717521227113
20240618,CVX,5,1.2114523630251595
20240619,CVX,13,0.9856623241377115
20240620,CVX,13,0.8737438942315621
20240621,CVX,9,1.4732301354688668
20240622,CVX,9,1.219475937897725
20240623,CVX,5,1.594872400616418
20240624,CVX,7,-0.17540892876714448
20240625,CVX,14,1.003580813900899
20240626,CVX,10,0.33607551805090086
20240627,CVX,12,1.3335237143858043
20240628,CVX,14,1.0313783311356284
20240629,CVX,6,1.3878503730471683
20240630,CVX,11,1.5271894033610787
20240701,CVX,13,1.2521371957578842
20240702,CVX,12,1.590799698726022
20240703,CVX,15,1.233232795438599
20240704,CVX,19,-0.37510138342825394
20240705,CVX,33,-2.3516861589036133
20240706,CVX,14,-2.1063436070856434
20240707,CVX,22,-2.3949525071785294
20240708,CVX,18,0.6533101061547932
20240709,CVX,10,1.3294793466228287
20240710,CVX,10,0.5691381877880678
20240711,CVX,57,-4.750056541241317
20240712,CVX,17,-0.15056465997588167
20240713,CVX,15,0.7021425086129827
20240714,CVX,2,1.097553260814157
20240715,CVX,13,0.9883917708414084
20240716,CVX,11,1.2573632199611862
20240717,CVX,8,1.0826098221888123
20240718,CVX,15,0.8562284471781731
20240719,CVX,10,0.9565768986099249
20240720,CVX,6,1.5188600340091933
20240721,CVX,7,0.5055500815505353
20240722,CVX,13,0.8622488767488965
20240723,CVX,3,-0.45286938870068694
20240724,CVX,3,1.3190463365523932
20240725,CVX,5,-1.314383652323134
20240726,CVX,6,-0.010191181733659793
20240727,CVX,3,0.2486022128862445
20240729,CVX,9,0.7341414909024456
20240730,CVX,8,0.1776433918597874
20240731,CVX,4,-2.852175960376665
20240801,CVX,10,-0.44764989738598737
20240802,CVX,65,-0.5936617867542993
20240803,CVX,24,-1.607515547519484
20240804,CVX,4,0.725221294442353
20240805,CVX,17,-0.968658338039513
20240806,CVX,10,0.7585439374008107
20240807,CVX,5,0.9219433473434456
20240808,CVX,7,0.06808958747113833
20240809,CVX,16,0.6314293845595681
20240810,CVX,5,0.10350392604955683
20240811,CVX,4,0.7242121767630374
20240812,CVX,9,-0.4174541725041717
20240813,CVX,11,0.8877769378667
20240814,CVX,12,0.2870548485939807
20240815,CVX,23,-0.03192300796349884
20240816,CVX,24,0.9767710702506457
20240817,CVX,17,1.170884967858934
20240818,CVX,12,1.1042685073718423
20240819,CVX,30,1.3395159337820022
20240820,CVX,20,1.1268186433851866
20240821,CVX,14,1.061880244945846
20240822,CVX,17,1.0047390179630682
20240823,CVX,16,1.0892371473704092
20240824,CVX,7,0.8916084694799337
20240825,CVX,8,0.9091878109540517
20240826,CVX,12,0.1713680339021182
20240827,CVX,14,0.8466407547336461
20240828,CVX,22,0.9701700341017192
20240829,CVX,16,1.3593514229351888
20240830,CVX,11,1.2381832616057917
20240831,CVX,14,0.879035950190329
20240901,CVX,21,0.9138836021933807
20240902,CVX,39,1.0174412538795514
20240903,CVX,17,1.6004564136830792
20240904,CVX,14,0.6145865634357888
20240905,CVX,16,0.8670540931589451
20240906,CVX,23,0.636749871672753
20240907,CVX,21,1.1556101820949105
20240908,CVX,13,0.6432217437275292
20240909,CVX,14,1.2179058543396095
20240910,CVX,22,0.9161685477981255
20240911,CVX,24,1.3094558950787383
20240912,CVX,18,0.7083018319112583
20240913,CVX,19,1.0490816759857862
20240914,CVX,15,1.07049827935331
20240915,CVX,19,1.119845058153902
20240916,CVX,7,0.9321881206210269
20240917,CVX,17,0.9399984642977873
20240918,CVX,17,0.33905523868669785
20240919,CVX,7,0.9043895488299464
20240920,CVX,9,0.6314684091350031
20240921,CVX,12,0.5125243448882336
20240922,CVX,5,0.8020573253973705
20240923,CVX,15,0.6335038223312246
20240924,CVX,10,-2.122619023939679
20240925,CVX,8,-0.3232522407060907
20240926,CVX,4,-0.33370117247525954
20240927,CVX,6,0.1998519690778049
20240928,CVX,9,-0.4411564292147019
20240929,CVX,7,-0.14710329485919293
20240930,CVX,17,0.11472253510718894
20241001,CVX,13,2.596257006513941
20241002,CVX,14,0.893496172130245
20241003,CVX,11,0.8207702055438857
20241004,CVX,4,-0.350803197275534
20241005,CVX,2,1.1325606813893714
20241006,CVX,2,1.2955152747866334
20241007,CVX,17,0.9518232568024791
20241008,CVX,20,-0.04839266849538181
20241009,CVX,11,-2.209436093093683
20241010,CVX,16,0.16800339254829622
20241011,CVX,15,1.1761627013298508
20241012,CVX,10,1.221504717164025
20241013,CVX,18,1.284978301673646
20241014,CVX,16,0.018317210151510444
20241015,CVX,13,1.7521050751889091
20241016,CVX,23,1.5670686927332045
20241017,CVX,22,0.825807396683805
20241018,CVX,7,1.405485260060117
20241019,CVX,7,0.5027232374513803
20241020,CVX,13,1.0401352577108403
20241021,CVX,9,-0.5900017927504393
20241022,CVX,16,1.9254274402037852
20241023,CVX,16,0.663042402871534
20241024,CVX,19,0.6947578210704168
20241025,CVX,11,0.43725082752863337
20241026,CVX,6,0.9177570107914622
20241027,CVX,14,0.8270963329763629
20241028,CVX,19,0.5551391777646683
20241029,CVX,18,0.7151370480555612
20241030,CVX,10,0.6479249655133998
20241031,CVX,10,1.1919609250043823
20241101,CVX,33,0.37134693622383236
20241102,CVX,14,0.9921987140668806
20241103,CVX,17,1.024381386278713
20241104,CVX,11,1.1788352769954547
20241105,CVX,15,1.279822996008266
20241106,CVX,22,-0.8333286948520352
20241107,CVX,8,0.2531574023008647
20241108,CVX,15,1.395236854623906
20241109,CVX,8,1.116940148255711
20241110,CVX,15,1.8986048874682635
20241111,CVX,12,-0.3361362587729342
20241112,CVX,10,0.3852401103553864
20241113,CVX,11,0.9592945567474205
20241114,CVX,11,0.9135079653436303
20241115,CVX,3,0.9257803004652683
20241116,CVX,7,1.276927985767791
20241117,CVX,9,0.5392415925043419
20241118,CVX,7,1.1197434696312447
20241119,CVX,19,-1.0863486045451363
20241120,CVX,14,-0.2167626701953737
20241121,CVX,15,-1.0946849545552906
20241122,CVX,17,-0.26092281131495754
20241123,CVX,4,1.428486434137365
20241124,CVX,3,1.169217643679409
20241125,CVX,9,-0.2091511577225229
20241126,CVX,9,1.2814281662903961
20241127,CVX,9,0.8928216712116512
20241128,CVX,4,1.7249123868145801
20241129,CVX,3,1.47939570002022
20241130,CVX,4,1.654010169044155
20241201,CVX,1,1.43540669856459
20241202,CVX,8,0.969929758932991
20241203,CVX,11,1.029585606486888
20241204,CVX,5,-0.16885103996587275
20241205,CVX,10,0.094842873734444
20241206,CVX,29,-2.331102371651103
20241207,CVX,5,0.9524290917607728
20241208,CVX,5,0.7165833068334879
20241209,CVX,9,1.7492268406645293
20241210,CVX,9,0.9283823951478953
20241211,CVX,22,-1.3791111111551606
20241212,CVX,9,-1.1626216668521927
20241213,CVX,13,0.2582861347322696
20241214,CVX,2,1.4659092243260399
20241215,CVX,6,0.20437105248896553
20241216,CVX,13,0.06925774533725948
20241217,CVX,7,0.06336510454644192
20241218,CVX,9,1.3038062924340539
20241219,CVX,12,1.6024739668214834
20241220,CVX,4,-0.07713911583253451
20241221,CVX,3,-0.34780520604282916
20241222,CVX,1,-0.242718446601942
20241223,CVX,4,2.096280339551077
20241225,CVX,1,1.47368421052632
20241226,CVX,1,1.40318054256314
20241227,CVX,5,0.18100101639019303
20241228,CVX,2,1.595996056149134
20241229,CVX,3,1.363859955776513
20241230,CVX,2,1.1790012855942564
20241231,CVX,1,-2.4390243902439
20240101,DIS,274,1.4850184694283075
20240102,DIS,405,-0.0778550670486187
20240103,DIS,680,-1.356381549174875
20240104,DIS,287,1.5503129885979352
20240105,DIS,195,1.96126331889468
20240106,DIS,286,0.09492463445005832
20240107,DIS,99,-0.24835414820795232
20240108,DIS,164,-2.0915999627905713
20240109,DIS,170,-0.36182866742289044
20240110,DIS,174,-0.7619295529562179
20240111,DIS,178,0.7303108280158024
20240112,DIS,98,0.9514928869913954
20240113,DIS,52,0.9941519894644275
20240114,DIS,174,1.6783538490746466
20240115,DIS,133,1.3433554129724699
20240116,DIS,163,2.1524135491100247
20240117,DIS,194,0.7566941435495115
20240118,DIS,126,0.3597583160284834
20240119,DIS,125,1.0146257688903453
20240120,DIS,56,1.8997530903819546
20240121,DIS,67,-0.0464120024998009
20240122,DIS,106,0.6177538248876632
20240123,DIS,244,1.8037521937762953
20240124,DIS,257,2.3900821129163945
20240125,DIS,158,1.4531223331802978
20240126,DIS,98,1.3111351711016546
20240127,DIS,53,1.8995615399301002
20240128,DIS,47,2.154588764061114
20240129,DIS,106,2.1091668988691756
20240130,DIS,155,-0.14860732699359308
20240131,DIS,190,-1.0970718697897048
20240201,DIS,287,-0.8398365524724819
20240202,DIS,71,1.2678684588756644
20240203,DIS,113,-0.3498137940070931
20240204,DIS,57,-0.03884557214080041
20240205,DIS,148,3.5844780630186692
20240206,DIS,185,0.2014271168313674
20240207,DIS,666,-0.8451605862790338
20240208,DIS,728,1.089606828871894
20240209,DIS,229,0.9352317966193894
20240210,DIS,66,1.9220861289349198
20240211,DIS,87,1.6658015726195607
20240212,DIS,90,1.1721060572201207
20240213,DIS,153,2.0410810518145643
20240214,DIS,216,1.7678676755424012
20240215,DIS,161,0.2797209312493699
20240216,DIS,91,1.1155322681479893
20240217,DIS,47,1.2239478183816275
20240218,DIS,135,-3.4680281170334695
20240219,DIS,76,0.22726605005119088
20240220,DIS,96,1.350713661951945
20240221,DIS,182,-1.125775061068579
20240222,DIS,140,1.2437991172949991
20240223,DIS,107,3.082897681339856
20240224,DIS,60,2.8581630109913037
20240225,DIS,60,1.2951077724107949
20240226,DIS,244,2.775124650044844
20240227,DIS,137,1.1789958339172006
20240228,DIS,191,1.949897024637341
20240229,DIS,218,1.6195085838781718
20240301,DIS,144,1.761353289300043
20240302,DIS,80,2.2549477910250895
20240303,DIS,54,1.2085300932200558
20240304,DIS,142,1.170522164505397
20240305,DIS,148,1.3611570505871324
20240306,DIS,107,0.9916209361876862
20240307,DIS,175,2.9908424024921616
20240308,DIS,169,1.3707542871937357
20240309,DIS,65,2.109100374121467
20240310,DIS,64,2.343616690121815
20240311,DIS,109,1.6730720220902893
20240312,DIS,139,1.807883494721015
20240313,DIS,78,2.093909277597756
20240314,DIS,105,1.3763189229383799
20240315,DIS,62,1.3876816568813373
20240316,DIS,77,-0.2771602715158627
20240317,DIS,32,1.1500383858313497
20240318,DIS,111,2.1299580269311056
20240319,DIS,163,-0.22378564200790296
20240320,DIS,160,0.40115768155822595
20240321,DIS,94,1.2890854359953194
20240322,DIS,56,1.1678760563396486
20240323,DIS,55,0.8088723109154271
20240324,DIS,35,2.4634089333212392
20240325,DIS,88,1.9648580903981934
20240326,DIS,74,1.4765551176086142
20240327,DIS,186,1.0724237340088036
20240328,DIS,210,-0.4961890853928546
20240329,DIS,82,0.717781431761982
20240330,DIS,57,1.8507608273206784
20240331,DIS,48,1.608910771526894
20240401,DIS,91,1.4857028292032797
20240402,DIS,105,0.8629692392167729
20240403,DIS,276,0.4650665748706262
20240404,DIS,317,1.0171270834839314
20240405,DIS,152,1.1925740228813015
20240406,DIS,35,0.6484740143597213
20240407,DIS,45,1.9255189421688086
20240408,DIS,127,0.9493468370261491
20240409,DIS,132,2.485612339659123
20240410,DIS,142,2.1753964516180737
20240411,DIS,176,-0.17091761065864863
20240412,DIS,119,1.77329419045246
20240413,DIS,63,2.2777408868163977
20240414,DIS,43,1.0523204214108164
20240415,DIS,98,0.7178539535180231
20240416,DIS,234,1.0971312413855931
20240417,DIS,350,0.520213264208689
20240418,DIS,241,0.1663175938375831
20240419,DIS,271,-0.5882997547895468
20240420,DIS,96,0.14052445791313523
20240421,DIS,41,0.9077773715418709
20240422,DIS,84,2.327205073348476
20240423,DIS,106,2.201676068971274
20240424,DIS,83,2.293567807685488
20240425,DIS,166,1.1830884734770983
20240426,DIS,99,1.306933499153818
20240427,DIS,41,-0.2618132078316602
20240428,DIS,39,1.9926997275561522
20240429,DIS,71,1.9489985340753913
20240430,DIS,88,1.8593491947057148
20240501,DIS,108,2.4279540793538925
20240502,DIS,96,1.3367571010409751
20240503,DIS,114,1.5439278301044839
20240504,DIS,80,1.3368042097465862
20240505,DIS,204,-0.12131751398501486
20240506,DIS,274,0.20716588062631053
20240507,DIS,501,1.0761875766801623
20240508,DIS,244,1.0626729772070331
20240509,DIS,140,1.7986182167923654
20240510,DIS,159,2.110951829130501
20240511,DIS,64,1.3670361983254384
20240512,DIS,60,0.7060653899038125
20240513,DIS,127,3.787750220505401
20240514,DIS,108,2.2739251160693943
20240515,DIS,144,1.3715929327652878
20240516,DIS,84,1.0459364008337708
20240517,DIS,54,1.8484695547965604
20240518,DIS,35,1.3909313998052946
20240519,DIS,139,0.8854452803045972
20240520,DIS,81,1.199289297378435
20240521,DIS,181,0.1581898155397466
20240522,DIS,156,1.6811705353091628
20240523,DIS,80,1.5171334719715208
20240524,DIS,151,3.3447921088305406
20240525,DIS,138,2.3256879188197432
20240526,DIS,954,2.540542779585546
20240527,DIS,208,0.5908170828432668
20240528,DIS,90,1.6080885857204816
20240529,DIS,166,1.5469013549427768
20240530,DIS,181,1.7791499537351687
20240531,DIS,91,1.4084781374352335
20240601,DIS,74,0.8607671983980881
20240602,DIS,50,1.2242217880685542
20240603,DIS,58,2.5493072096730045
20240604,DIS,81,2.3522120178516994
20240605,DIS,221,2.4918937149618814
20240606,DIS,85,2.1551552613401226
20240607,DIS,121,1.73583544038117
20240608,DIS,157,1.3194144442891007
20240609,DIS,67,1.7929675362426132
20240610,DIS,110,1.960317475068027
20240611,DIS,270,0.8025256427820072
20240612,DIS,144,1.1176293491608689
20240613,DIS,131,0.8126046491707783
20240614,DIS,95,1.634254415153104
20240615,DIS,70,0.7061102757923733
20240616,DIS,73,0.04824779498109458
20240617,DIS,97,1.1832639701056151
20240618,DIS,134,-0.21870194677256002
20240619,DIS,91,1.7086971460812124
20240620,DIS,103,-0.4931207996048409
20240621,DIS,86,1.4422689086249076
20240622,DIS,115,-0.03521091748768948
20240623,DIS,218,-0.5606922987342553
20240624,DIS,258,0.06822172129331304
20240625,DIS,121,1.0667345835632536
20240626,DIS,127,1.7759310532403372
20240627,DIS,101,1.223161268376002
20240628,DIS,61,1.37022853993326
20240629,DIS,41,1.8360567689271063
20240630,DIS,56,-0.12614443200594166
20240701,DIS,103,1.6178551301131845
20240702,DIS,74,2.152943485666091
20240703,DIS,260,-0.8609831587073569
20240704,DIS,202,0.017303276897216665
20240705,DIS,214,-1.2365613690053179
20240706,DIS,126,1.3891814152642843
20240707,DIS,47,0.9668253254942829
20240708,DIS,83,1.4872518649497173
20240709,DIS,96,1.7203961391055291
20240710,DIS,92,0.23188945984338755
20240711,DIS,248,-1.639262007616742
20240712,DIS,125,0.7496681335280371
20240713,DIS,60,0.6073007096738003
20240714,DIS,32,2.9820377634416033
20240715,DIS,47,2.0028982681915393
20240716,DIS,94,0.48933199071455
20240717,DIS,121,3.2316435769234952
20240718,DIS,131,2.480803522961774
20240719,DIS,91,1.9331411083147467
20240720,DIS,54,0.9742515382924974
20240721,DIS,27,0.582685682559381
20240722,DIS,106,1.3651079533383397
20240723,DIS,101,1.4301466261886078
20240724,DIS,322,2.7306729926753537
20240725,DIS,144,1.324056140757272
20240726,DIS,142,0.7297968112361333
20240727,DIS,71,0.5317459172331255
20240728,DIS,64,0.16934920019933858
20240729,DIS,123,1.6691122006229615
20240730,DIS,66,2.172768971503115
20240731,DIS,106,1.3037418819913762
20240801,DIS,119,1.3716740754309757
20240802,DIS,100,0.7893470397692718
20240803,DIS,39,1.167846257836314
20240804,DIS,165,-0.29203167311484834
20240805,DIS,178,0.008599947499859706
20240806,DIS,78,0.8707448254618492
20240807,DIS,333,1.1714011919950036
20240808,DIS,133,1.4472896157920616
20240809,DIS,170,2.5618319274170194
20240810,DIS,218,2.1231796331821644
20240811,DIS,395,3.398042004949549
20240812,DIS,390,4.386666939230698
20240813,DIS,175,3.2682943137443243
20240814,DIS,290,-0.9407581314070755
20240815,DIS,295,-2.3078202599310003
20240816,DIS,94,0.6728367647096537
20240817,DIS,51,0.712015029394667
20240818,DIS,190,-1.2295661125342865
20240819,DIS,204,1.2483424746786425
20240820,DIS,256,-0.860531454583235
20240821,DIS,134,0.014341615929240298
20240822,DIS,154,0.5943981369352761
20240823,DIS,77,2.29319303124011
20240824,DIS,101,2.5846681297079686
20240825,DIS,174,0.19561817685497124
20240826,DIS,121,0.1926907976205842
20240827,DIS,100,1.3452521424610404
20240828,DIS,143,1.7766298013843562
20240829,DIS,151,1.582441673018711
20240830,DIS,84,2.1468918988394594
20240831,DIS,44,1.5867777890431396
20240901,DIS,36,1.5066543371934198
20240902,DIS,189,0.5663906741686384
20240903,DIS,144,1.1882228083859931
20240904,DIS,108,0.8558440542948067
20240905,DIS,115,1.1338624803556485
20240906,DIS,230,0.38111188968571574
20240907,DIS,35,0.979319346760921
20240908,DIS,44,0.5037665709689514
20240909,DIS,61,0.7957794108463208
20240910,DIS,125,1.9161039328912528
20240911,DIS,64,1.5066867522868255
20240912,DIS,83,2.1831075588326647
20240913,DIS,107,2.8483785872214016
20240914,DIS,172,0.24234957252557937
20240915,DIS,118,0.8659764943507589
20240916,DIS,137,4.599516874613844
20240917,DIS,100,2.126022589202699
20240918,DIS,74,1.4210704949405288
20240919,DIS,96,2.110901356152939
20240920,DIS,66,0.6620803530519996
20240921,DIS,30,1.0806941340416767
20240922,DIS,19,1.2332350939282453
20240923,DIS,53,0.9235610986314016
20240924,DIS,62,2.336281976633513
20240925,DIS,61,1.5650537224641017
20240926,DIS,93,1.4570781710937508
20240927,DIS,69,1.9543877061433828
20240928,DIS,30,1.1833306001789279
20240929,DIS,71,0.39068032188333124
20240930,DIS,88,1.1121031590422472
20241001,DIS,126,2.1214077469309918
20241002,DIS,98,-0.1990773561518313
20241003,DIS,76,1.8331820094436904
20241004,DIS,67,2.9983517454813238
20241005,DIS,32,1.6465955784623219
20241006,DIS,16,1.6399748219831967
20241007,DIS,46,1.5786369630066155
20241008,DIS,115,1.0148311661343534
20241009,DIS,74,0.7738013378586122
20241010,DIS,107,1.330051950651615
20241011,DIS,70,0.6725763302487127
20241012,DIS,37,0.4756433984266362
20241013,DIS,26,0.8687433467256584
20241014,DIS,25,0.9634995876054314
20241015,DIS,61,1.7607178871290246
20241016,DIS,157,0.5804190380050394
20241017,DIS,90,1.3234334998233863
20241018,DIS,67,1.6024512860686821
20241019,DIS,34,1.3410026981418037
20241020,DIS,126,2.9496977094747345
20241021,DIS,258,2.363655237305183
20241022,DIS,137,1.9234736384671793
20241023,DIS,88,3.358912640334668
20241024,DIS,73,2.2186440565128303
20241025,DIS,132,1.742739595486636
20241026,DIS,41,2.591952700980008
20241027,DIS,37,1.1810365183312033
20241028,DIS,80,2.7229430572642794
20241029,DIS,115,0.6048109182931183
20241030,DIS,104,1.897094684673555
20241031,DIS,72,-0.3557014912127898
20241101,DIS,114,1.7385771234330767
20241102,DIS,76,1.4215294911461094
20241103,DIS,68,1.5084392194220622
20241104,DIS,76,2.3175879895164693
20241105,DIS,69,2.3128270664008657
20241106,DIS,137,-0.5649719633525078
20241107,DIS,49,1.5742181133006363
20241108,DIS,70,1.5305447284929707
20241109,DIS,47,1.9263150422806015
20241110,DIS,256,1.8268315231630505
20241111,DIS,134,1.3664193431224352
20241112,DIS,96,2.187120340269834
20241113,DIS,97,2.216086153174933
20241114,DIS,267,1.8295402498585815
20241115,DIS,202,1.815292261205696
20241116,DIS,111,7.352928094359617
20241117,DIS,34,1.2478390690668353
20241118,DIS,90,1.739823674641716
20241119,DIS,73,2.544305547506554
20241120,DIS,134,3.4450079370638145
20241121,DIS,149,2.271021675264523
20241122,DIS,106,1.015114770344625
20241123,DIS,82,1.383226672731585
20241124,DIS,61,1.3035253684151278
20241125,DIS,95,1.585642391760135
20241126,DIS,137,1.6564306755815423
20241127,DIS,118,1.160629679423733
20241128,DIS,131,2.688814054763732
20241129,DIS,63,2.5626191446808515
20241130,DIS,44,1.761275067762199
20241201,DIS,199,0.8196477245456836
20241202,DIS,198,0.752352294765546
20241203,DIS,79,2.6213350499811754
20241204,DIS,91,1.7973052766376045
20241205,DIS,130,2.729728255923384
20241206,DIS,92,2.8308610906488307
20241207,DIS,56,3.234481106824756
20241208,DIS,206,0.868090771359958
20241209,DIS,154,1.2644317299786652
20241210,DIS,69,2.511732268555458
20241211,DIS,70,2.146748988807705
20241212,DIS,67,2.219913191827591
20241213,DIS,78,0.6470267982570479
20241214,DIS,55,1.5143043187816867
20241215,DIS,40,0.4277569527694471
20241216,DIS,74,2.016939107947417
20241217,DIS,439,2.425127130637282
20241218,DIS,119,1.9479370961188638
20241219,DIS,104,1.204161867058122
20241220,DIS,97,1.3337875703589932
20241221,DIS,65,1.7771722585535237
20241222,DIS,174,0.5084027682884663
20241223,DIS,181,0.44267982286566937
20241224,DIS,65,1.5182801264332737
20241225,DIS,60,1.2894931048468876
20241226,DIS,178,2.3899890850340166
20241227,DIS,62,1.7705036369665321
20241228,DIS,60,2.08111609042208
20241229,DIS,263,1.6893126354261192
20241230,DIS,112,0.07967494030070216
20241231,DIS,103,2.2188619609766627
20240101,GS,174,0.2595973934795747
20240102,GS,479,-0.35022655296731414
20240103,GS,620,-0.31917274245380367
20240104,GS,596,-0.12656850816048143
20240105,GS,466,-0.029194185776484777
20240106,GS,252,-0.04004372207304093
20240107,GS,248,-0.7831220361078721
20240108,GS,478,-0.1280835381574305
20240109,GS,484,-0.016485559847204484
20240110,GS,532,-0.1464300109469828
20240111,GS,612,0.12146115672509583
20240112,GS,557,0.009310970557370069
20240113,GS,371,0.5558905595552773
20240114,GS,388,0.6774837087447917
20240115,GS,670,-1.118224915046112
20240116,GS,1042,-0.13125928266189757
20240117,GS,848,-0.3597742546992544
20240118,GS,585,0.19346589545974852
20240119,GS,446,-0.05413786438894586
20240120,GS,194,0.3350533799498615
20240121,GS,277,0.15310969719808912
20240122,GS,500,0.004037459607633756
20240123,GS,669,0.2307577284284565
20240124,GS,716,0.3258718231913671
20240125,GS,633,0.47609211599052337
20240126,GS,479,0.12975899465411683
20240127,GS,382,1.1676041165111777
20240128,GS,714,0.88618572000015
20240129,GS,620,0.27009021216642776
20240130,GS,679,0.618980171112524
20240131,GS,638,-0.07960948464476122
20240201,GS,701,0.18205459587682749
20240202,GS,683,0.2992324044113157
20240203,GS,356,0.6419998833218552
20240204,GS,401,0.46479022966709294
20240205,GS,723,0.05397993139207753
20240206,GS,668,0.2568293798772314
20240207,GS,627,0.40297757211794366
20240208,GS,533,0.04912738873458676
20240209,GS,417,0.3115505923559446
20240210,GS,279,0.41487086904919424
20240211,GS,321,0.2531942352244405
20240212,GS,513,0.1047656014551315
20240213,GS,541,-0.13478505025971865
20240214,GS,504,0.10273872833391634
20240215,GS,570,0.15072191437643692
20240216,GS,605,0.5143369682503643
20240217,GS,294,0.4959055144929265
20240218,GS,327,0.07894786572079715
20240219,GS,618,0.11508797459235152
20240220,GS,759,0.32844917470788204
20240221,GS,656,0.36503344715655994
20240222,GS,709,0.44614929403007053
20240223,GS,827,0.6190539890582378
20240224,GS,449,0.6246031059991692
20240225,GS,403,0.4567517204343965
20240226,GS,784,0.2696365481821326
20240227,GS,812,0.5544750719329123
20240228,GS,777,0.6227260281307772
20240229,GS,851,0.526131697227441
20240301,GS,567,0.6416689660718534
20240302,GS,392,0.8693911041750662
20240303,GS,435,0.5566349668841085
20240304,GS,680,0.365694810374394
20240305,GS,700,0.27034534360841705
20240306,GS,680,0.41289046105963767
20240307,GS,710,0.37152823317234085
20240308,GS,742,0.5683407619590559
20240309,GS,385,0.7209663805633644
20240310,GS,304,-0.04699150956673116
20240311,GS,733,0.6144161718789698
20240312,GS,533,0.16512846319057373
20240313,GS,526,0.21420175334950864
20240314,GS,659,0.08326871550110872
20240315,GS,475,0.6536060841648316
20240316,GS,537,0.31124877881019136
20240317,GS,342,0.2677914262444981
20240318,GS,899,0.43694411616738144
20240319,GS,735,0.1866794361210579
20240320,GS,822,0.3507863299284867
20240321,GS,739,0.6864470978787306
20240322,GS,752,0.88932492621016
20240323,GS,406,0.9817681690822104
20240324,GS,467,0.6253766362824605
20240325,GS,782,0.41356001422978406
20240326,GS,840,0.6502382818337615
20240327,GS,690,0.4465188170799811
20240328,GS,501,0.8976712002299467
20240329,GS,476,1.048351751990781
20240330,GS,305,0.7978714935711766
20240331,GS,397,0.4201408419267291
20240401,GS,580,0.6116838646474407
20240402,GS,720,0.8572023176444863
20240403,GS,695,0.49463128555554653
20240404,GS,724,0.5443879502823633
20240405,GS,588,0.6456094408111313
20240406,GS,351,0.8855983823731565
20240407,GS,438,0.8641102472748524
20240408,GS,701,0.08087466125996144
20240409,GS,731,0.10510514602741297
20240410,GS,530,0.17273966185964304
20240411,GS,627,-0.01928328544478333
20240412,GS,710,0.6173496206692123
20240413,GS,412,0.8830632583367717
20240414,GS,459,0.5250725961505114
20240415,GS,1169,-0.2762174147284076
20240416,GS,1077,0.37666511272587144
20240417,GS,795,0.5018198255969344
20240418,GS,842,0.5385482525727736
20240419,GS,771,0.5083066470373484
20240420,GS,410,0.7881344681553523
20240421,GS,413,0.48912032605039085
20240422,GS,608,0.6010149342785367
20240423,GS,884,0.7722532209978877
20240424,GS,831,0.8090516547741469
20240425,GS,868,0.5598481025969778
20240426,GS,721,0.9962268009841255
20240427,GS,410,0.9172773920155756
20240428,GS,376,0.38223938556843257
20240429,GS,724,0.5415613155811265
20240430,GS,821,0.796638318951201
20240501,GS,603,0.3999635873049706
20240502,GS,860,0.8815158541558049
20240503,GS,619,0.7253761518660229
20240504,GS,548,1.0437506690983054
20240505,GS,413,0.6588515966861904
20240506,GS,744,0.336269296859042
20240507,GS,925,0.6018385708187369
20240508,GS,680,0.5902772010281212
20240509,GS,683,0.5596962372192288
20240510,GS,609,0.577770342779606
20240511,GS,466,1.0150632898156513
20240512,GS,359,0.5586533097418616
20240513,GS,414,0.07692948891796642
20240514,GS,597,0.21452803296538273
20240515,GS,675,0.35651676688910616
20240516,GS,687,1.0121995126709975
20240517,GS,475,0.08144753944150132
20240518,GS,255,1.1746597095578302
20240519,GS,301,0.6744834413767924
20240520,GS,523,0.21778505376424034
20240521,GS,518,-0.09837739586991961
20240522,GS,600,-0.17956444155951634
20240523,GS,689,0.10469749222759103
20240524,GS,501,-0.0612956152451456
20240525,GS,399,0.7304946021713865
20240526,GS,576,0.6538642934514967
20240527,GS,515,0.2899150497194002
20240528,GS,590,0.5092424724428495
20240529,GS,717,0.0663247566835905
20240530,GS,726,0.19342360108049472
20240531,GS,511,0.5099586337972204
20240601,GS,376,1.0977909685972802
20240602,GS,381,0.38376287044613966
20240603,GS,866,0.40423159237630807
20240604,GS,602,0.6264211291347939
20240605,GS,638,0.47603913143884324
20240606,GS,611,0.780610308443117
20240607,GS,630,0.6713280571747444
20240608,GS,440,0.8905045181197602
20240609,GS,365,0.4859223699002771
20240610,GS,580,-0.0501929202155627
20240611,GS,833,0.23085489888864108
20240612,GS,761,0.15480085542468786
20240613,GS,668,-0.055066587193965566
20240614,GS,616,-0.17677818670789847
20240615,GS,287,1.0193887464848839
20240616,GS,457,0.7170041090576877
20240617,GS,607,0.33126162548887295
20240618,GS,971,-0.5291783068643313
20240619,GS,625,0.7761865815617514
20240620,GS,601,0.5604815890602065
20240621,GS,552,0.034203779019811587
20240622,GS,376,0.8489809550515215
20240623,GS,354,-0.33961035764972725
20240624,GS,633,0.11440490893670371
20240625,GS,624,0.17430177105519765
20240626,GS,585,0.2958623893430921
20240627,GS,633,0.117341857868666
20240628,GS,731,0.7341188071703738
20240629,GS,444,0.8471549800887567
20240630,GS,441,0.5928772279181965
20240701,GS,563,0.4801416930573147
20240702,GS,661,0.03623528975204085
20240703,GS,553,0.37094588873440365
20240704,GS,531,0.8109291319627081
20240705,GS,739,0.6767045221777424
20240706,GS,322,0.8666116244970008
20240707,GS,337,0.6071786616258804
20240708,GS,551,0.3234186060392466
20240709,GS,493,0.19520367613954684
20240710,GS,603,0.23702002740655503
20240711,GS,580,0.30765694208411776
20240712,GS,821,0.5359654313123585
20240713,GS,460,1.036964543450819
20240714,GS,551,0.7024509901381517
20240715,GS,935,0.18024058150473943
20240716,GS,850,0.06976098582185275
20240717,GS,765,0.3385462425106817
20240718,GS,802,0.6387816288700444
20240719,GS,713,0.46056440065495785
20240720,GS,491,1.4123464564090182
20240721,GS,427,0.8218479480880324
20240722,GS,456,0.24993826480915204
20240723,GS,633,0.5251293411536059
20240724,GS,567,0.5367587986176869
20240725,GS,772,0.6961971118664404
20240726,GS,708,0.897603366299639
20240727,GS,498,1.1004383994239537
20240728,GS,442,0.9080752282950948
20240729,GS,687,0.6451386569803028
20240730,GS,592,0.6179544627517337
20240731,GS,539,0.30020900348066326
20240801,GS,643,0.5724167645290468
20240802,GS,598,0.4389696223996201
20240803,GS,405,0.7565666967412046
20240804,GS,427,0.26616594296787505
20240805,GS,1263,-2.2963194260781656
20240806,GS,831,-1.3133291213919691
20240807,GS,851,-0.49317711498159017
20240808,GS,728,-0.1371574223019209
20240809,GS,633,0.5207111332098822
20240810,GS,389,0.7359369739807209
20240811,GS,389,0.8156554123641065
20240812,GS,397,0.08342959977697609
20240813,GS,499,-0.932027770878036
20240814,GS,615,-0.28877213800292195
20240815,GS,587,0.24562109131181928
20240816,GS,592,0.9088510214156111
20240817,GS,387,0.6679447695505705
20240818,GS,389,0.3664609963261852
20240819,GS,1238,-2.1849378174788643
20240820,GS,765,-0.9061295354985874
20240821,GS,722,0.1493832576863809
20240822,GS,541,0.3274002474100749
20240823,GS,675,0.42268005669000464
20240824,GS,324,0.9011731790944415
20240825,GS,506,1.2592714128313813
20240826,GS,475,0.5563952970398177
20240827,GS,511,-0.10038391625369074
20240828,GS,729,-0.04623739647795192
20240829,GS,649,0.4994624684215463
20240830,GS,577,0.4372282414055229
20240831,GS,590,0.7756905049756497
20240901,GS,546,0.7337712030981984
20240902,GS,723,0.33348028542360847
20240903,GS,610,0.29364380613735785
20240904,GS,723,-0.08165880656216781
20240905,GS,712,0.30399683323707305
20240906,GS,673,0.36805183222189175
20240907,GS,434,0.7535964332836772
20240908,GS,414,0.43372031402776967
20240909,GS,695,0.034040871133748624
20240910,GS,973,-0.09132931141953265
20240911,GS,1123,-0.8068554767496383
20240912,GS,935,0.6064093483301076
20240913,GS,750,0.5941476535424557
20240914,GS,489,1.1736038233079398
20240915,GS,451,0.755248869518574
20240916,GS,594,0.09020897764353036
20240917,GS,707,0.37224969909056127
20240918,GS,707,0.10462372284949693
20240919,GS,458,-0.13662142965614676
20240920,GS,449,-0.07932467998460038
20240921,GS,341,0.7324861279110194
20240922,GS,410,0.6453196875970256
20240923,GS,586,0.4897356171621141
20240924,GS,608,0.3238363664869876
20240925,GS,672,-0.09874816018810553
20240926,GS,461,0.4591146870426691
20240927,GS,490,0.30000525964470864
20240928,GS,224,0.8803178899036461
20240929,GS,280,-0.04408426975367444
20240930,GS,467,0.20133234449095527
20241001,GS,525,0.01710473128448023
20241002,GS,657,0.42457357858151196
20241003,GS,571,0.5074663138066206
20241004,GS,603,0.07941091781679892
20241005,GS,285,0.5756833403758429
20241006,GS,266,-0.2826387524471079
20241007,GS,593,-0.2493588541334504
20241008,GS,635,0.31658280724844556
20241009,GS,496,-0.3118606837159884
20241010,GS,469,-0.09044227373644478
20241011,GS,826,0.7438697532476698
20241012,GS,302,0.42985323156761673
20241013,GS,357,0.12715849711223176
20241014,GS,799,0.27574302360294356
20241015,GS,1009,0.22348823602112172
20241016,GS,902,0.5871002496776576
20241017,GS,785,0.7500156830826761
20241018,GS,484,1.0030754115614429
20241019,GS,395,1.2626140013728726
20241020,GS,286,0.7202868181693262
20241021,GS,531,0.5579182721659662
20241022,GS,679,0.2837780701677616
20241023,GS,921,-0.23725876725763453
20241024,GS,849,-0.6169229799868787
20241025,GS,434,-0.12699048421522316
20241026,GS,280,0.2912722347218262
20241027,GS,358,0.9713869953495748
20241028,GS,616,0.24001815282355438
20241029,GS,568,0.1499843593868813
20241030,GS,725,-0.2116008394948893
20241031,GS,574,0.6041235107806777
20241101,GS,562,0.4636771011164127
20241102,GS,310,0.8722258933799096
20241103,GS,236,0.8954073073368394
20241104,GS,486,0.12758817757172794
20241105,GS,515,0.7002634098309599
20241106,GS,801,0.31114142533940214
20241107,GS,824,-0.01848092764962745
20241108,GS,776,0.6798830342943072
20241109,GS,359,0.757850253062523
20241110,GS,242,-0.14781179675030534
20241111,GS,375,-0.245584218194554
20241112,GS,612,0.25811761438760866
20241113,GS,519,0.004122233686752526
20241114,GS,434,0.5313664087165493
20241115,GS,424,0.3902202569949701
20241116,GS,228,0.6139778222050583
20241117,GS,235,-0.03954183245200804
20241118,GS,517,0.3887641178791187
20241119,GS,695,0.7018031004640937
20241120,GS,669,0.6380628952347802
20241121,GS,803,-0.5148993627007127
20241122,GS,724,0.2884882898155429
20241123,GS,270,0.38208897842926304
20241124,GS,251,-0.6264883062600047
20241125,GS,524,0.3471802954845214
20241126,GS,634,0.3099318088734024
20241127,GS,661,0.08612816253895003
20241128,GS,542,0.4767069315672688
20241129,GS,512,1.0466953757500455
20241130,GS,276,0.941940155324615
20241201,GS,250,0.1612104116963938
20241202,GS,426,0.3442450018935153
20241203,GS,539,0.32693587149653264
20241204,GS,544,0.3895214320221274
20241205,GS,548,0.6122195308036764
20241206,GS,583,0.7343474044377074
20241207,GS,311,0.20729740690638954
20241208,GS,259,0.09199656202797621
20241209,GS,462,-0.17636025069244443
20241210,GS,462,0.44543171392429914
20241211,GS,630,0.36777365136576534
20241212,GS,526,0.8447024811268736
20241213,GS,432,1.0057516783730904
20241214,GS,210,1.2114724899742482
20241215,GS,214,0.0466471486391791
20241216,GS,303,0.20922635352190155
20241217,GS,409,0.11272241451416784
20241218,GS,335,0.3556450115641765
20241219,GS,379,0.39601074823414345
20241220,GS,331,0.2795250675987099
20241221,GS,164,0.6763708003830451
20241222,GS,100,0.5567014970534261
20241223,GS,203,0.6780472766134457
20241224,GS,235,-0.20447072438412478
20241225,GS,177,0.7988087776256726
20241226,GS,171,0.307921766313228
20241227,GS,228,0.6092044225567087
20241228,GS,170,-0.4184736542218527
20241229,GS,128,0.8797537399051464
20241230,GS,228,0.725670232514964
20241231,GS,347,-0.0375567176055592
20240101,JPM,260,1.1539940150005363
20240102,JPM,530,1.4657355115273591
20240103,JPM,397,1.2482234625201123
20240104,JPM,671,-0.8440337730352878
20240105,JPM,551,-0.09178146114142106
20240106,JPM,345,1.4741261429640453
20240107,JPM,269,1.248189923004632
20240108,JPM,463,0.3959650004051429
20240109,JPM,517,1.1417943042758596
20240110,JPM,573,1.1651064815184502
20240111,JPM,572,1.093528565001467
20240112,JPM,518,0.21492115400983444
20240113,JPM,432,1.212892254679075
20240114,JPM,392,1.249184416575751
20240115,JPM,303,0.6280643532278687
20240116,JPM,488,1.0210526276816803
20240117,JPM,556,0.9022296258925857
20240118,JPM,660,1.2629987155594193
20240119,JPM,482,1.015743782479279
20240120,JPM,254,1.1571124176886198
20240121,JPM,327,1.35720592015986
20240122,JPM,544,1.307875939523699
20240123,JPM,840,1.3382047877802197
20240124,JPM,905,1.3036343360282978
20240125,JPM,775,1.3450290916490422
20240126,JPM,505,1.4334021448961067
20240127,JPM,814,1.4514813468788705
20240128,JPM,1203,1.3756769176496604
20240129,JPM,744,1.2831951321886046
20240130,JPM,730,1.4064086341462532
20240131,JPM,674,1.0605585701417035
20240201,JPM,978,0.9918638075287174
20240202,JPM,717,1.3291392650693383
20240203,JPM,524,1.473531939794594
20240204,JPM,602,1.3604053369639073
20240205,JPM,704,1.2696404169042175
20240206,JPM,730,1.1988770193330573
20240207,JPM,682,1.2123170507817151
20240208,JPM,465,1.1839069693245998
20240209,JPM,498,1.2681816423619694
20240210,JPM,465,1.4177613605185817
20240211,JPM,522,1.317411677862202
20240212,JPM,618,1.3842708154237682
20240213,JPM,509,1.3793026519726739
20240214,JPM,409,1.1995007096848078
20240215,JPM,610,0.8655460790970363
20240216,JPM,574,0.9477573011316376
20240217,JPM,454,1.4001142703063052
20240218,JPM,470,1.399802161177754
20240219,JPM,448,1.443061835639248
20240220,JPM,916,1.2263000606290462
20240221,JPM,549,1.1968816628953163
20240222,JPM,579,1.1594074244660673
20240223,JPM,826,1.282123155484261
20240224,JPM,526,1.3386545384149513
20240225,JPM,473,1.4660331417495278
20240226,JPM,677,1.4937721790444243
20240227,JPM,767,1.295378415640882
20240228,JPM,676,1.3985248454264814
20240229,JPM,747,1.4451991695565611
20240301,JPM,536,1.391232698432122
20240302,JPM,533,1.4820810866094536
20240303,JPM,490,1.4377831961666034
20240304,JPM,540,1.3225554782367483
20240305,JPM,731,1.3440221172277729
20240306,JPM,633,1.2902527236212997
20240307,JPM,633,1.5344772969578824
20240308,JPM,752,1.4149825327613477
20240309,JPM,547,1.5226132149336065
20240310,JPM,297,1.301648087845329
20240311,JPM,842,1.4004973139126458
20240312,JPM,438,1.2094520825908093
20240313,JPM,404,1.269624653351763
20240314,JPM,567,1.0302631062059733
20240315,JPM,577,1.2956469828937023
20240316,JPM,523,1.619093960040714
20240317,JPM,386,1.3546953377675572
20240318,JPM,825,1.5147525869462946
20240319,JPM,669,1.0918237931824364
20240320,JPM,837,1.0122147705401114
20240321,JPM,781,1.3069957696230492
20240322,JPM,793,1.4428338042655175
20240323,JPM,616,1.4881231547872424
20240324,JPM,577,1.511537664382947
20240325,JPM,621,1.4109913410280397
20240326,JPM,794,1.5074070493003155
20240327,JPM,650,1.523428316977927
20240328,JPM,586,1.3288108695874474
20240329,JPM,490,1.4646640312804025
20240330,JPM,424,1.4642121636941001
20240331,JPM,416,1.597932454683658
20240401,JPM,547,1.4600024197796762
20240402,JPM,626,1.323159336520322
20240403,JPM,708,1.3568963085922259
20240404,JPM,633,1.3198856003581558
20240405,JPM,661,1.3038329268420281
20240406,JPM,381,1.49741983920177
20240407,JPM,518,1.3499718409767232
20240408,JPM,747,1.0288526830016502
20240409,JPM,742,0.9055449231260284
20240410,JPM,454,1.2768109107189582
20240411,JPM,537,1.045129004849804
20240412,JPM,733,0.7099757227167436
20240413,JPM,440,1.402557546801383
20240414,JPM,543,1.3131211612583236
20240415,JPM,582,1.1650344723726165
20240416,JPM,846,1.3595039945195637
20240417,JPM,560,1.2602806211718005
20240418,JPM,853,1.159443220361202
20240419,JPM,785,1.2155117338930175
20240420,JPM,423,1.3913104687867353
20240421,JPM,543,1.3437846157722098
20240422,JPM,569,1.1435149275006764
20240423,JPM,879,1.3366078401017847
20240424,JPM,860,1.3380850680990153
20240425,JPM,720,1.4283134463732297
20240426,JPM,817,1.3390204003712867
20240427,JPM,626,1.3482503412313296
20240428,JPM,442,1.4010596304188114
20240429,JPM,663,1.3563326416931267
20240430,JPM,637,1.4244860858654589
20240501,JPM,657,1.2456831049400447
20240502,JPM,1094,1.3833441682718097
20240503,JPM,644,1.2529815770180022
20240504,JPM,725,1.4366318894005936
20240505,JPM,515,1.400037487452794
20240506,JPM,537,1.324448557088295
20240507,JPM,971,1.2885639255925196
20240508,JPM,758,1.0561030280222132
20240509,JPM,683,1.3227863707142513
20240510,JPM,768,1.3063538807989035
20240511,JPM,572,1.5214906098615313
20240512,JPM,438,1.3495903818127002
20240513,JPM,371,0.5986009347033914
20240514,JPM,511,1.0522987903817589
20240515,JPM,419,1.058822891820476
20240516,JPM,504,1.045642199065932
20240517,JPM,340,0.8320293839607026
20240518,JPM,371,1.3339701496889023
20240519,JPM,315,1.2685405847148543
20240520,JPM,439,1.167218231413521
20240521,JPM,392,0.9387953514982619
20240522,JPM,307,0.5782757844286093
20240523,JPM,450,1.1013919034882194
20240524,JPM,412,0.08200856238666704
20240525,JPM,429,1.4098003880324674
20240526,JPM,867,1.4368278614960992
20240527,JPM,485,1.373306086309005
20240528,JPM,664,1.4530349012505557
20240529,JPM,448,1.2212516816798362
20240530,JPM,475,1.5989581358181175
20240531,JPM,524,1.2146433268507215
20240601,JPM,620,1.5122291849352192
20240602,JPM,522,1.2233867359115216
20240603,JPM,698,1.3950008266271767
20240604,JPM,703,1.2159540582737243
20240605,JPM,608,1.280652517868521
20240606,JPM,701,1.3614243446467966
20240607,JPM,768,1.179097431591229
20240608,JPM,678,1.3490106442105951
20240609,JPM,570,1.4759452166163114
20240610,JPM,593,1.2570397636624435
20240611,JPM,600,1.2305668063871364
20240612,JPM,558,1.0816395440262652
20240613,JPM,585,1.1833958495135015
20240614,JPM,476,0.9952598789515958
20240615,JPM,359,1.306682044274366
20240616,JPM,521,1.3919451133352516
20240617,JPM,407,1.2986980650192497
20240618,JPM,581,1.350653340396818
20240619,JPM,665,1.4580972417987224
20240620,JPM,630,1.1344558369574207
20240621,JPM,657,1.004677678641746
20240622,JPM,519,1.5549119684178085
20240623,JPM,434,1.515915269498161
20240624,JPM,516,1.2980421895975032
20240625,JPM,505,1.1461042302730327
20240626,JPM,540,1.2052145599356787
20240627,JPM,626,1.221204216850222
20240628,JPM,765,1.178642105292528
20240629,JPM,551,1.3935208518427105
20240630,JPM,620,1.604345979612006
20240701,JPM,484,1.1983794940766386
20240702,JPM,495,1.3347161250924402
20240703,JPM,549,1.309966755553165
20240704,JPM,553,1.5914621379122562
20240705,JPM,585,1.4401460225869558
20240706,JPM,427,1.5956971242578741
20240707,JPM,423,1.5424225373507985
20240708,JPM,545,1.0600155134022564
20240709,JPM,479,1.1890243080382006
20240710,JPM,549,1.2941140581151456
20240711,JPM,636,1.3976785871200172
20240712,JPM,809,1.3021801492627876
20240713,JPM,689,1.4872049774773282
20240714,JPM,609,1.437747244206886
20240715,JPM,416,1.191114602832704
20240716,JPM,575,1.3316873254005428
20240717,JPM,679,1.356506869966492
20240718,JPM,755,1.4716544211144513
20240719,JPM,744,1.330050887995489
20240720,JPM,620,1.1513693949782258
20240721,JPM,608,1.5413417716902542
20240722,JPM,347,1.318301985660959
20240723,JPM,535,1.364724053375926
20240724,JPM,446,1.2940210247769977
20240725,JPM,841,1.1061144602901474
20240726,JPM,953,1.5314994918423703
20240727,JPM,761,1.5448474902830585
20240728,JPM,606,1.4826988247774502
20240729,JPM,818,1.3606220426137388
20240730,JPM,554,1.2213515591003308
20240731,JPM,454,1.5010659376137736
20240801,JPM,613,1.2961788768700235
20240802,JPM,636,1.1222943585455394
20240803,JPM,576,1.4672590581953917
20240804,JPM,469,1.403206617614431
20240805,JPM,414,1.015845793340424
20240806,JPM,410,1.1842989378874498
20240807,JPM,678,1.2194779381300105
20240808,JPM,801,1.2230331324049448
20240809,JPM,818,1.4141890321312345
20240810,JPM,537,1.4549063296283875
20240811,JPM,508,1.1604174333261223
20240812,JPM,453,1.2899401075761359
20240813,JPM,392,1.3165937049353929
20240814,JPM,454,1.3082852838687875
20240815,JPM,699,1.5030969708098931
20240816,JPM,847,1.483253558109536
20240817,JPM,750,1.5487310266001828
20240818,JPM,454,1.5978719690907566
20240819,JPM,454,1.3952868683275335
20240820,JPM,558,1.5423708722595726
20240821,JPM,616,1.2469384008291167
20240822,JPM,555,1.3312996746187409
20240823,JPM,693,1.564581340549236
20240824,JPM,336,1.5571900043698836
20240825,JPM,484,1.549637404030012
20240826,JPM,469,1.38772221681104
20240827,JPM,445,1.4622307098353793
20240828,JPM,717,1.4858987152024075
20240829,JPM,724,1.5471048502516358
20240830,JPM,589,1.5052723589950634
20240831,JPM,921,1.524788823570799
20240901,JPM,819,1.5744245686312162
20240902,JPM,985,1.450878432380909
20240903,JPM,709,1.3976427552673663
20240904,JPM,595,1.4212049936172033
20240905,JPM,689,1.4204013836516314
20240906,JPM,773,1.3371661711001956
20240907,JPM,732,1.4430086250639311
20240908,JPM,639,1.3368892053379835
20240909,JPM,730,1.3301089268405237
20240910,JPM,847,1.4498569157343142
20240911,JPM,765,1.2829106094883085
20240912,JPM,808,1.348185598372519
20240913,JPM,770,1.4491476252081612
20240914,JPM,702,1.5066132748853143
20240915,JPM,628,1.5326614579897793
20240916,JPM,508,1.447764148161165
20240917,JPM,564,1.341718848582667
20240918,JPM,626,1.3678027167908056
20240919,JPM,295,1.1290198137744487
20240920,JPM,309,1.2389301844923517
20240921,JPM,536,1.5069647655486071
20240922,JPM,467,1.4542739232387933
20240923,JPM,533,1.4003739997044256
20240924,JPM,541,1.3229552666279294
20240925,JPM,454,1.2680702716642493
20240926,JPM,234,0.9885552128566779
20240927,JPM,194,1.3323305586739498
20240928,JPM,290,1.5346608149029402
20240929,JPM,220,1.1272589846779597
20240930,JPM,329,1.0908137149123298
20241001,JPM,332,0.6550425758289667
20241002,JPM,716,0.7326794533869354
20241003,JPM,512,1.0978190401268881
20241004,JPM,505,0.9553788522984199
20241005,JPM,380,1.3533234415654403
20241006,JPM,181,1.389893960572742
20241007,JPM,219,0.645691763998035
20241008,JPM,300,1.0714021621877972
20241009,JPM,268,0.9734724101350113
20241010,JPM,261,0.8936699755438112
20241011,JPM,866,1.1083427928700893
20241012,JPM,320,1.200314628706643
20241013,JPM,412,1.418364192228238
20241014,JPM,713,0.9215354355789276
20241015,JPM,549,1.3780051509037097
20241016,JPM,767,1.5631769851391784
20241017,JPM,840,1.4687853341446477
20241018,JPM,368,1.3442513993828704
20241019,JPM,321,1.4746097330549883
20241020,JPM,313,1.3998738417668766
20241021,JPM,347,1.1041338588642557
20241022,JPM,410,1.2328569560235427
20241023,JPM,469,1.3083577516573666
20241024,JPM,503,1.4290851804543223
20241025,JPM,389,1.4158077674007483
20241026,JPM,314,1.2591423321836301
20241027,JPM,279,1.4765164559142694
20241028,JPM,402,1.266878827792676
20241029,JPM,483,0.6996067834442443
20241030,JPM,461,1.1558722886555637
20241031,JPM,508,1.6354649927735894
20241101,JPM,524,1.4220558223986925
20241102,JPM,445,1.3278483838235629
20241103,JPM,342,1.4666781755764897
20241104,JPM,400,1.1250306706710422
20241105,JPM,373,1.2415049265631573
20241106,JPM,457,0.9657852348730931
20241107,JPM,349,1.2241813514509239
20241108,JPM,703,1.374358210912396
20241109,JPM,470,1.4482633459773437
20241110,JPM,203,1.2840761404699736
20241111,JPM,220,1.2742626032851845
20241112,JPM,335,1.194824248646841
20241113,JPM,452,1.4342627800133165
20241114,JPM,442,1.451073011040412
20241115,JPM,380,1.317268383203886
20241116,JPM,280,1.3385510990128988
20241117,JPM,220,1.3652468388322492
20241118,JPM,338,0.75111448675643
20241119,JPM,475,1.3460612383220587
20241120,JPM,340,1.211034895259898
20241121,JPM,385,1.3970983097773193
20241122,JPM,409,1.2520377665103593
20241123,JPM,228,1.3290786077054157
20241124,JPM,124,1.2297327572390309
20241125,JPM,177,1.33118445732584
20241126,JPM,260,1.3060111560186143
20241127,JPM,350,1.0395619115165107
20241128,JPM,330,1.389164889691081
20241129,JPM,383,1.3936230560853764
20241130,JPM,347,1.4643483973529698
20241201,JPM,241,1.52330580108838
20241202,JPM,423,1.016462948821992
20241203,JPM,469,1.3575988696535066
20241204,JPM,381,1.3867512425891066
20241205,JPM,479,1.346956571563896
20241206,JPM,385,0.8651932677982915
20241207,JPM,292,1.2647432063660935
20241208,JPM,138,0.01827600909387017
20241209,JPM,233,1.2611213415326472
20241210,JPM,270,1.026461366811917
20241211,JPM,268,1.3191888708826416
20241212,JPM,322,0.9648204315388235
20241213,JPM,359,1.4411673969391938
20241214,JPM,220,1.490802472336349
20241215,JPM,179,1.3715079290344636
20241216,JPM,219,0.9062535946569
20241217,JPM,234,1.1647799112847477
20241218,JPM,276,1.0829201006701772
20241219,JPM,327,1.060045684997646
20241220,JPM,259,0.9176413277391898
20241221,JPM,165,1.1637361355486817
20241222,JPM,61,1.2450123974872984
20241223,JPM,91,1.086288520671964
20241224,JPM,93,0.2572703799350903
20241225,JPM,94,0.816220430845846
20241226,JPM,125,0.7648644569393644
20241227,JPM,140,1.3248620689518753
20241228,JPM,79,1.0864439725441224
20241229,JPM,97,0.9954957216287414
20241230,JPM,119,0.8188433281984907
20241231,JPM,151,0.5907943544721938
20240102,KO,1,1.97183098591549
20240103,KO,2,1.8231520980643579
20240105,KO,1,4.62962962962963
20240112,KO,1,4.86381322957198
20240115,KO,5,-0.6202184741016268
20240117,KO,2,1.1454946626066276
20240119,KO,1,9.54235637779941
20240120,KO,1,-4.75113122171946
20240123,KO,1,1.28388017118402
20240126,KO,1,2.36156351791531
20240201,KO,3,1.9944433791776734
20240202,KO,2,0.00081810298280338
20240206,KO,2,4.139651391814645
20240207,KO,9,2.182884442147309
20240208,KO,1,2.60223048327138
20240209,KO,2,2.60223048327138
20240213,KO,2,5.59690241971345
20240214,KO,3,-0.045620653126446586
20240217,KO,1,0.421940928270042
20240305,KO,3,1.40774171535426
20240308,KO,1,-0.530035335689046
20240311,KO,2,7.38916256157635
20240314,KO,2,2.0064643816427
20240326,KO,2,6.80529300567108
20240329,KO,1,0.56424724288279
20240401,KO,1,-1.12721417069243
20240422,KO,2,0.2542068182696105
20240425,KO,1,-1.95530726256983
20240427,KO,1,-3.07125307125307
20240429,KO,1,-0.778210116731517
20240430,KO,1,-0.778210116731517
20240506,KO,1,1.16279069767442
20240507,KO,1,2.8169014084507
20240515,KO,2,3.957007904376325
20240520,KO,1,1.39442231075697
20240523,KO,1,-3.64130434782609
20240525,KO,2,0.5720702282306851
20240527,KO,1,2.4390243902439
20240528,KO,1,-0.225988700564971
20240529,KO,1,0.506072874493927
20240531,KO,1,2.46444162793973
20240612,KO,1,3.35648148148148
20240614,KO,1,-6.70731707317073
20240621,KO,1,-1.71232876712329
20240704,KO,1,4.41849602989257
20240709,KO,1,0.510855683269476
20240712,KO,1,5.42797494780793
20240724,KO,4,0.18814840865130922
20240725,KO,1,2.34986945169713
20240730,KO,1,3.44827586206897
20240731,KO,1,-0.347222222222222
20240806,KO,1,2.05479452054795
20240807,KO,1,2.19178082191781
20240812,KO,1,3.96396396396396
20240813,KO,2,6.004977309325135
20240814,KO,1,7.55186721991701
20240819,KO,1,2.6694045174538
20240822,KO,1,0.902255639097745
20240825,KO,1,-1.84287099903007
20240829,KO,1,-0.225988700564971
20240903,KO,1,6.51289009497965
20240905,KO,1,0.685224839400428
20240906,KO,1,3.51351351351351
20240910,KO,1,6.48379052369077
20240925,KO,1,4.10339256865913
20241005,KO,1,1.88383045525903
20241008,KO,1,1.48148148148148
20241016,KO,2,3.2121079504011703
20241018,KO,6,-0.1694705146642765
20241019,KO,2,-0.307219662058372
20241021,KO,1,-0.152671755725191
20241025,KO,3,-0.5758340985613717
20241026,KO,1,0.0
20241029,KO,1,-2.37623762376238
20241031,KO,1,1.16550116550117
20241104,KO,5,1.915033554855246
20241105,KO,1,1.66163141993958
20241107,KO,1,4.92307692307692
20241108,KO,1,0.766283524904215
20241109,KO,1,0.683994528043776
20241112,KO,1,5.92020592020592
20241113,KO,1,-8.63524989889859
20241121,KO,1,0.898692810457516
20241126,KO,4,2.962962962962965
20241201,KO,4,0.1389179816599148
20241205,KO,1,1.84672206832872
20241206,KO,2,-1.27560748042676
20241211,KO,2,5.119534010600705
20241218,KO,1,-1.19402985074627
20241227,KO,1,1.60427807486631
20241231,KO,1,5.40801545147272
20240101,MSFT,3,-1.7986886407939036
20240102,MSFT,17,0.8561966835200827
20240103,MSFT,43,1.0074122548613043
20240104,MSFT,28,0.777045293586372
20240105,MSFT,27,-0.3258603836131344
20240106,MSFT,14,-0.3798670032773194
20240107,MSFT,13,-1.1590297280609083
20240108,MSFT,41,1.7966946904893448
20240109,MSFT,46,0.91131302394092
20240110,MSFT,34,1.1234607940716426
20240111,MSFT,62,0.7418477819891868
20240112,MSFT,28,0.609285605854877
20240113,MSFT,9,1.3944050110770796
20240114,MSFT,6,1.6937565284929836
20240115,MSFT,31,-0.7981636010593238
20240116,MSFT,88,0.9999814628935704
20240117,MSFT,59,0.7535398520216188
20240118,MSFT,44,0.6178197769419634
20240119,MSFT,44,0.04642834503648277
20240120,MSFT,22,-1.9085598377045028
20240121,MSFT,10,0.9812265182924602
20240122,MSFT,44,0.5962937423800687
20240123,MSFT,48,1.5908237255785653
20240124,MSFT,48,0.8494546222749776
20240125,MSFT,78,0.15382350595220814
20240126,MSFT,57,0.3478151996226396
20240127,MSFT,17,-0.4955944620287306
20240128,MSFT,14,0.5265569794983193
20240129,MSFT,58,0.37390803040208953
20240130,MSFT,102,0.9818280388723858
20240131,MSFT,129,0.5478272557623942
20240201,MSFT,61,0.22734492679795865
20240202,MSFT,75,1.104945904194386
20240203,MSFT,17,0.37745149354698754
20240204,MSFT,12,1.2917431550450198
20240205,MSFT,33,0.315620203942905
20240206,MSFT,38,1.0329389166196834
20240207,MSFT,43,0.40764673702305265
20240208,MSFT,66,-1.0326534571216346
20240209,MSFT,40,-0.003516267088973013
20240210,MSFT,16,1.2558416422804886
20240211,MSFT,6,1.044143799208245
20240212,MSFT,36,1.5342767263237675
20240213,MSFT,40,0.8808504387195721
20240214,MSFT,56,-0.06150560469062871
20240215,MSFT,48,0.11694308174715073
20240216,MSFT,41,0.4875605046153579
20240217,MSFT,17,1.0826114735270644
20240218,MSFT,15,1.543173811745946
20240219,MSFT,30,0.913449567726187
20240220,MSFT,55,0.5210462994955226
20240221,MSFT,62,1.4705251335504896
20240222,MSFT,66,1.3190130148956436
20240223,MSFT,51,1.3226126238588094
20240224,MSFT,17,0.26172893407432585
20240225,MSFT,18,1.8590562606205014
20240226,MSFT,64,1.6235032476251472
20240227,MSFT,72,0.9147297461575717
20240228,MSFT,42,-0.28014131182017993
20240229,MSFT,46,1.4726343774584851
20240301,MSFT,71,0.7907193302602894
20240302,MSFT,26,0.05933577719239341
20240303,MSFT,11,0.14002897434013792
20240304,MSFT,34,-0.21087328390779767
20240305,MSFT,73,1.2736843233553652
20240306,MSFT,49,0.27867839833950186
20240307,MSFT,41,-0.8620552827968454
20240308,MSFT,32,0.04326230403435449
20240309,MSFT,18,-0.43915260913598636
20240310,MSFT,16,1.5081528521158774
20240311,MSFT,62,0.801450864974665
20240312,MSFT,43,1.798824194176144
20240313,MSFT,53,-0.020104770029553742
20240314,MSFT,48,0.4683425176598054
20240315,MSFT,36,0.008485138648225254
20240316,MSFT,12,0.4065359162056799
20240317,MSFT,5,0.6432287615160959
20240318,MSFT,65,1.436432297011353
20240319,MSFT,49,1.5406860701276428
20240320,MSFT,58,1.8210132884631138
20240321,MSFT,33,0.8095216036661451
20240322,MSFT,27,0.9575886692583746
20240323,MSFT,7,-0.14966071044991017
20240324,MSFT,10,1.4731233834755832
20240325,MSFT,32,1.1566976468330807
20240326,MSFT,51,0.6092463216318705
20240327,MSFT,44,1.037867354278417
20240328,MSFT,38,-0.42239662065423234
20240329,MSFT,26,1.2151964708697158
20240330,MSFT,10,1.1701005415859294
20240331,MSFT,17,1.0209632323890943
20240401,MSFT,41,-0.03409079137769577
20240402,MSFT,45,-0.06234820476036808
20240403,MSFT,44,0.213991754690397
20240404,MSFT,49,1.199161933637823
20240405,MSFT,51,-2.2073777704783373
20240406,MSFT,12,-1.2494808370492883
20240407,MSFT,11,-1.2402220156312533
20240408,MSFT,35,-0.4085266543384361
20240409,MSFT,64,1.5191536605654263
20240410,MSFT,63,0.5616838505088007
20240411,MSFT,37,0.5489397650268325
20240412,MSFT,42,1.6806778076570044
20240413,MSFT,16,-0.019309953786221384
20240414,MSFT,7,1.5349295797421152
20240415,MSFT,29,0.16199948599572675
20240416,MSFT,67,1.0427338733714633
20240417,MSFT,51,0.39147603444168527
20240418,MSFT,35,0.4542714335289557
20240419,MSFT,49,0.8496391890844528
20240420,MSFT,22,-0.3945823379519228
20240421,MSFT,14,0.018093510872171578
20240422,MSFT,59,1.3050121291443497
20240423,MSFT,59,2.480897713768415
20240424,MSFT,50,1.581476200397087
20240425,MSFT,97,0.45352466808159775
20240426,MSFT,146,1.0606890618238052
20240427,MSFT,25,2.1151980287203953
20240428,MSFT,15,0.5246134457670737
20240429,MSFT,54,1.29665476985357
20240430,MSFT,59,1.400451069122027
20240501,MSFT,61,1.2002672756864845
20240502,MSFT,53,0.8614904300513128
20240503,MSFT,45,0.3825404846117858
20240504,MSFT,10,0.7690513595284041
20240505,MSFT,4,0.2352762404581179
20240506,MSFT,30,0.5671985383854883
20240507,MSFT,79,1.2765706223265414
20240508,MSFT,88,0.5157350946215844
20240509,MSFT,51,1.3882728076111337
20240510,MSFT,43,1.2394094242748326
20240511,MSFT,13,-0.36431339085377695
20240512,MSFT,10,-0.2853589133362332
20240513,MSFT,68,-0.0394888053421143
20240514,MSFT,48,0.6692474735544727
20240515,MSFT,65,0.4413509611267751
20240516,MSFT,38,0.8394472989443034
20240517,MSFT,75,1.3285008968603529
20240518,MSFT,13,0.9711065328614478
20240519,MSFT,8,1.5997321671478246
20240520,MSFT,48,1.5205362730931502
20240521,MSFT,64,1.8504315646034626
20240522,MSFT,76,2.2708070893954764
20240523,MSFT,66,2.3064713083297295
20240524,MSFT,47,1.1798450555446156
20240525,MSFT,32,-1.7036782642696704
20240526,MSFT,12,0.8452567045901808
20240527,MSFT,50,1.1087648627369138
20240528,MSFT,37,0.7673767160502625
20240529,MSFT,61,0.8203366192760104
20240530,MSFT,52,1.3259877779246267
20240531,MSFT,23,0.3627103346099628
20240601,MSFT,16,0.762418620161999
20240602,MSFT,11,0.8501954246361118
20240603,MSFT,34,0.26903597735424756
20240604,MSFT,59,1.400176687018226
20240605,MSFT,32,1.4854785468544598
20240606,MSFT,33,0.8067918244443424
20240607,MSFT,26,0.46385516748236366
20240608,MSFT,9,0.49913904269829806
20240609,MSFT,10,-1.0968561534302292
20240610,MSFT,44,-0.17205960500715622
20240611,MSFT,41,0.5829837304872181
20240612,MSFT,40,1.5542981855195035
20240613,MSFT,91,0.0663233522780918
20240614,MSFT,86,0.7580672237019775
20240615,MSFT,22,1.4050323795399557
20240616,MSFT,29,1.6477301860346247
20240617,MSFT,46,1.213162681144699
20240618,MSFT,68,1.1027968217151187
20240619,MSFT,66,1.0511819155849518
20240620,MSFT,46,0.5292579262421749
20240621,MSFT,36,1.797359641354678
20240622,MSFT,12,0.3235021660550556
20240623,MSFT,7,0.8336378965632811
20240624,MSFT,30,0.6353463943544952
20240625,MSFT,54,0.31211550351797124
20240626,MSFT,52,0.7012592324010338
20240627,MSFT,53,0.543282033223216
20240628,MSFT,34,-1.081639077292655
20240629,MSFT,23,-0.0838155088666058
20240630,MSFT,6,1.8132934688375968
20240701,MSFT,22,0.4030334258517363
20240702,MSFT,65,1.3078771259064537
20240703,MSFT,91,-0.1726002544353119
20240704,MSFT,37,-0.5421404412815464
20240705,MSFT,24,1.2001827142172736
20240706,MSFT,15,0.39134867036258686
20240707,MSFT,8,1.9422138387666907
20240708,MSFT,31,0.01995719898481864
20240709,MSFT,26,1.9341748962094822
20240710,MSFT,50,1.3948817718395976
20240711,MSFT,33,0.23230852195036544
20240712,MSFT,24,0.46569106028990864
20240713,MSFT,8,0.4453236832902722
20240714,MSFT,10,1.653370957609866
20240715,MSFT,46,1.4953274322235548
20240716,MSFT,58,0.8749335968420819
20240717,MSFT,50,0.540340819503618
20240718,MSFT,27,1.8341543783277927
20240719,MSFT,159,-2.9802946609025165
20240720,MSFT,34,-2.577340537817849
20240721,MSFT,9,-1.9846799206758565
20240722,MSFT,48,-1.5695024067965717
20240723,MSFT,49,1.2880131851275296
20240724,MSFT,46,0.4888174299250312
20240725,MSFT,54,1.619107120320791
20240726,MSFT,49,0.40449972052029337
20240727,MSFT,11,1.6834662226616202
20240728,MSFT,5,-0.5451318024798122
20240729,MSFT,34,1.9393161203246156
20240730,MSFT,82,-0.448823014113353
20240731,MSFT,79,0.46063178471833144
20240801,MSFT,59,0.8008933686458853
20240802,MSFT,72,-0.035554541848559405
20240803,MSFT,56,0.35653639768315026
20240804,MSFT,16,0.9614640924206264
20240805,MSFT,34,-1.6590336244248902
20240806,MSFT,34,0.7560688740438225
20240807,MSFT,27,0.3315965365130977
20240808,MSFT,81,1.7705522062262515
20240809,MSFT,87,-3.507614541686044
20240810,MSFT,29,0.40738151328525296
20240811,MSFT,22,-0.9919659625623366
20240812,MSFT,58,-0.20308020808553132
20240813,MSFT,59,-1.7378158156019266
20240814,MSFT,69,-2.2511891721235053
20240815,MSFT,31,1.3454992811355129
20240816,MSFT,26,0.23692737849161238
20240817,MSFT,9,0.9829254248322952
20240818,MSFT,7,1.925042763846744
20240819,MSFT,19,1.274618386261746
20240820,MSFT,19,1.6615018133120318
20240821,MSFT,43,1.927791060292594
20240822,MSFT,36,1.8794738055230797
20240823,MSFT,35,0.5486483421906625
20240824,MSFT,30,1.1076081708518706
20240825,MSFT,40,1.81312661859678
20240826,MSFT,64,0.9212164595995912
20240827,MSFT,39,0.6715250481054115
20240828,MSFT,37,-0.33015624669291177
20240829,MSFT,62,0.9786379899630611
20240830,MSFT,21,0.5977184756373861
20240831,MSFT,14,0.518077135057735
20240901,MSFT,12,1.6147207073119572
20240902,MSFT,17,2.6358796799771356
20240903,MSFT,19,2.0229863951065825
20240904,MSFT,29,0.7211251989900929
20240905,MSFT,50,1.115367013967553
20240906,MSFT,32,0.6405376180231657
20240907,MSFT,16,0.7396440838986015
20240908,MSFT,11,1.3082154429051758
20240909,MSFT,30,0.6410669868556447
20240910,MSFT,42,1.1910539112183782
20240911,MSFT,45,0.7405651750864803
20240912,MSFT,46,0.6760345692782108
20240913,MSFT,34,0.14815180785151888
20240914,MSFT,10,1.9602371677017902
20240915,MSFT,6,1.36721295153681
20240916,MSFT,37,1.373783275961059
20240917,MSFT,71,0.9976125228836454
20240918,MSFT,38,1.2293566878561224
20240919,MSFT,35,0.5061178510340018
20240920,MSFT,30,2.299675332835219
20240921,MSFT,26,0.7577644512074266
20240922,MSFT,8,0.9675333787704089
20240923,MSFT,41,1.595148139621041
20240924,MSFT,32,1.7569563678255804
20240925,MSFT,61,0.04067029775509423
20240926,MSFT,45,1.4743250191101798
20240927,MSFT,43,0.27728278820695185
20240928,MSFT,16,0.3438433949320443
20240929,MSFT,10,2.1823459087409947
20240930,MSFT,32,1.5447144886342674
20241001,MSFT,33,2.4365442658549648
20241002,MSFT,47,1.6837241429428018
20241003,MSFT,49,1.5863030210766838
20241004,MSFT,29,0.6016120440408692
20241005,MSFT,13,1.1563000347898849
20241006,MSFT,5,0.7990454005932444
20241007,MSFT,26,-0.7699597599629134
20241008,MSFT,24,1.8722395839284336
20241009,MSFT,55,0.5422771949372822
20241010,MSFT,41,1.0007243346449073
20241011,MSFT,35,1.6340538240429845
20241012,MSFT,11,2.810985382243456
20241013,MSFT,10,1.685420330498554
20241014,MSFT,29,1.6005001779264185
20241015,MSFT,45,1.901129955649559
20241016,MSFT,35,0.8117678277273175
20241017,MSFT,38,1.1989199729537865
20241018,MSFT,33,0.508615834950884
20241019,MSFT,6,-0.049780485569286326
20241020,MSFT,14,1.6857914528540014
20241021,MSFT,32,0.2172679576109743
20241022,MSFT,40,1.1919102499622884
20241023,MSFT,41,0.3284715414251207
20241024,MSFT,51,0.9374013611018941
20241025,MSFT,45,0.4497390337717868
20241026,MSFT,8,-0.8912865132261831
20241027,MSFT,6,0.2589751916645753
20241028,MSFT,24,0.9896042503067332
20241029,MSFT,28,-0.06071336555272813
20241030,MSFT,48,0.9119334382674258
20241031,MSFT,56,-0.015029835030219346
20241101,MSFT,35,-0.04819328603093463
20241102,MSFT,11,0.958865725679063
20241103,MSFT,2,2.174235363890535
20241104,MSFT,38,1.8476653448170917
20241105,MSFT,26,0.6896378830883079
20241106,MSFT,31,1.528443402381002
20241107,MSFT,29,1.3287865071815559
20241108,MSFT,32,1.2550993862174515
20241109,MSFT,5,0.4895760429361077
20241110,MSFT,8,1.7444232554544126
20241111,MSFT,19,2.1073138812574537
20241112,MSFT,28,1.9893400259958014
20241113,MSFT,64,1.1183631075652207
20241114,MSFT,43,1.7081532188191353
20241115,MSFT,38,0.29535396539017933
20241116,MSFT,15,2.205165485086345
20241117,MSFT,11,2.044673574212116
20241118,MSFT,33,1.408526467176697
20241119,MSFT,63,1.5617598975432199
20241120,MSFT,70,2.3154621482300897
20241121,MSFT,46,0.7712249076432575
20241122,MSFT,17,1.3219649698531193
20241123,MSFT,6,2.0677987529974833
20241124,MSFT,6,1.172624784510873
20241125,MSFT,47,-0.2500472216968545
20241126,MSFT,44,0.8808928192392389
20241127,MSFT,49,1.367791172632517
20241128,MSFT,38,0.7209362023297331
20241129,MSFT,27,1.0336185705070169
20241130,MSFT,7,1.6791062019481904
20241201,MSFT,5,0.8119280071512568
20241202,MSFT,20,1.3760419574461986
20241203,MSFT,37,0.33831371744763145
20241204,MSFT,51,1.8892679065533844
20241205,MSFT,27,1.6941665601459799
20241206,MSFT,55,1.2023118312589207
20241207,MSFT,7,3.175970648819819
20241208,MSFT,5,1.2470324520604408
20241209,MSFT,20,0.3014533278942288
20241210,MSFT,70,0.7848214475094656
20241211,MSFT,34,0.21292853458530403
20241212,MSFT,44,1.0202066391338305
20241213,MSFT,35,1.0934191887569127
20241214,MSFT,18,1.9006031764262503
20241215,MSFT,9,2.2186191623021565
20241216,MSFT,24,1.6965444110850354
20241217,MSFT,21,1.4472819765838127
20241218,MSFT,35,1.2223648274837755
20241219,MSFT,21,1.7103675530665021
20241220,MSFT,31,1.5055194407062382
20241221,MSFT,10,1.9559438559808489
20241222,MSFT,7,0.5641582215643777
20241223,MSFT,13,1.8487911458201876
20241224,MSFT,11,-0.19716066061104554
20241225,MSFT,3,1.2777161862527702
20241226,MSFT,17,2.409832641685191
20241227,MSFT,30,0.4016076258126138
20241228,MSFT,14,-0.2995131073808466
20241229,MSFT,2,0.18867569424185993
20241230,MSFT,15,0.6513182083577358
20241231,MSFT,25,0.2150768183658715
20240103,NKE,4,1.339616251125685
20240105,NKE,1,0.853788687299893
20240108,NKE,14,1.6349551732413934
20240109,NKE,5,-1.4670685999262223
20240110,NKE,3,1.4711906324780786
20240111,NKE,1,0.646551724137931
20240112,NKE,1,3.8659793814433
20240114,NKE,1,-1.2
20240117,NKE,2,3.14738856986601
20240118,NKE,1,0.990099009900991
20240119,NKE,5,2.131574926863522
20240120,NKE,1,3.90243902439024
20240123,NKE,1,0.72202166064982
20240124,NKE,2,-0.38372464973449993
20240125,NKE,3,0.025083381570605745
20240126,NKE,2,-1.1495472552348647
20240129,NKE,1,-1.26050420168067
20240130,NKE,2,3.9127180178157053
20240131,NKE,3,-2.7878027615380363
20240202,NKE,3,0.16026708093470088
20240205,NKE,2,0.15789689838567966
20240206,NKE,4,1.716850021458205
20240209,NKE,2,-0.25114605952929514
20240213,NKE,2,3.391457366821305
20240214,NKE,1,1.94552529182879
20240215,NKE,1,3.24909747292419
20240216,NKE,25,0.0023578428559628724
20240217,NKE,1,-3.65111561866126
20240218,NKE,3,3.6048892698737833
20240220,NKE,1,-1.33779264214047
20240222,NKE,1,2.00286123032904
20240223,NKE,3,2.994507886749267
20240226,NKE,6,1.9479859856029749
20240227,NKE,3,1.80032271957455
20240228,NKE,6,-0.44417256860415666
20240229,NKE,4,1.96177761747854
20240301,NKE,1,-0.819672131147541
20240305,NKE,2,5.141527001862195
20240306,NKE,3,3.16466947525157
20240307,NKE,1,2.54596888260255
20240308,NKE,5,2.4192146494884024
20240311,NKE,1,1.58102766798419
20240312,NKE,3,2.4223861519129932
20240313,NKE,7,1.3786883422724727
20240314,NKE,3,1.1923444531370497
20240315,NKE,10,3.873446723916393
20240316,NKE,1,2.02020202020202
20240318,NKE,2,-0.037961447535915516
20240319,NKE,1,0.0
20240321,NKE,20,1.3851525255747825
20240322,NKE,31,0.1602858508766209
20240323,NKE,3,1.1325389692389312
20240324,NKE,1,1.61290322580645
20240325,NKE,4,3.528854433523862
20240326,NKE,3,0.8919024010887524
20240327,NKE,2,2.678977991398935
20240328,NKE,2,2.6858252121561885
20240329,NKE,1,0.661521499448732
20240401,NKE,1,-1.32450331125828
20240402,NKE,2,-0.6716251228446325
20240403,NKE,1,0.0
20240404,NKE,3,1.2701503517486887
20240405,NKE,4,0.618641520549619
20240408,NKE,1,1.60642570281125
20240409,NKE,2,0.6687854399122025
20240411,NKE,9,2.5511578953701703
20240413,NKE,2,1.83139693448972
20240414,NKE,2,-1.88860891889322
20240415,NKE,6,-0.751557546567135
20240416,NKE,2,3.4395193826834003
20240417,NKE,3,-1.51443063542458
20240418,NKE,1,3.7037037037037
20240419,NKE,6,1.4860857170451651
20240420,NKE,1,0.0
20240421,NKE,2,0.2961818781680201
20240422,NKE,4,1.7742695501493575
20240424,NKE,4,-3.281025602864367
20240425,NKE,5,2.2343068244695883
20240426,NKE,1,3.07529162248144
20240427,NKE,1,0.806451612903226
20240429,NKE,5,1.202599232193032
20240430,NKE,5,-0.05912766413268439
20240501,NKE,3,0.5693559268165163
20240502,NKE,5,1.4131970184612868
20240506,NKE,1,4.57227138643068
20240507,NKE,7,4.3431010252660345
20240508,NKE,3,5.194730517280046
20240509,NKE,2,2.4112311324482363
20240511,NKE,1,4.42477876106195
20240513,NKE,1,3.12056737588652
20240514,NKE,6,0.3510444924405888
20240515,NKE,4,0.6032911272958102
20240517,NKE,2,-1.9005238029017764
20240520,NKE,1,-2.72108843537415
20240521,NKE,1,3.9039039039039
20240524,NKE,3,-0.5934377692413887
20240528,NKE,4,-0.0962878708478816
20240529,NKE,1,-1.74672489082969
20240530,NKE,5,-1.6389308097806343
20240531,NKE,6,0.9110264610372474
20240601,NKE,1,2.29508196721312
20240602,NKE,2,1.38562091503268
20240603,NKE,3,3.0809636425190767
20240604,NKE,2,-0.995130858186244
20240605,NKE,6,1.3134625384411183
20240606,NKE,2,1.3481310344240989
20240608,NKE,1,-0.673400673400673
20240610,NKE,1,2.8391167192429
20240611,NKE,2,5.55555555555556
20240613,NKE,2,-0.08330688670263475
20240615,NKE,1,1.27551020408163
20240616,NKE,2,0.42078587291353253
20240617,NKE,3,-2.5861525861525867
20240619,NKE,3,1.4685940361223826
20240620,NKE,1,0.86767895878525
20240621,NKE,12,1.9865511203770694
20240622,NKE,1,2.79169649248389
20240623,NKE,2,-0.1666759773415415
20240624,NKE,10,0.014022334246334318
20240625,NKE,3,0.6235173262413394
20240626,NKE,4,3.233648659905275
20240627,NKE,23,0.761986496618783
20240628,NKE,59,-0.5226577484486312
20240629,NKE,10,-4.238183058214153
20240630,NKE,1,-2.60223048327138
20240701,NKE,5,0.6081634917582301
20240702,NKE,1,1.4003294892916
20240704,NKE,1,4.44264943457189
20240705,NKE,1,1.40105078809107
20240707,NKE,1,-0.248756218905472
20240708,NKE,2,0.39842931037445795
20240709,NKE,8,-2.5826112712447022
20240710,NKE,3,2.1565210603526763
20240712,NKE,1,1.81818181818182
20240713,NKE,1,3.17460317460317
20240715,NKE,2,0.19567399692568355
20240716,NKE,1,2.08955223880597
20240717,NKE,4,-0.1781786966699701
20240719,NKE,1,3.9004707464694
20240720,NKE,1,2.35091743119266
20240721,NKE,1,3.89696169088507
20240722,NKE,2,0.48750534696637204
20240723,NKE,2,-1.2916799829551515
20240725,NKE,5,0.8754678599256298
20240726,NKE,9,1.9647727770172783
20240727,NKE,1,-0.411522633744855
20240730,NKE,3,3.5996175916221604
20240731,NKE,1,0.970873786407767
20240802,NKE,2,3.2991237837052854
20240805,NKE,3,0.3665186748409899
20240806,NKE,2,0.9136348433609549
20240808,NKE,1,0.441797925470611
20240809,NKE,1,0.0
20240810,NKE,1,-3.20284697508897
20240811,NKE,1,3.39622641509434
20240813,NKE,2,3.096253969455295
20240814,NKE,1,-3.84615384615385
20240815,NKE,1,0.0
20240816,NKE,1,1.4018691588785
20240817,NKE,1,-4.0
20240819,NKE,2,-0.6977269629959031
20240821,NKE,1,-2.0
20240822,NKE,2,3.039622088184705
20240823,NKE,2,5.28739612188366
20240826,NKE,3,1.4952173036288894
20240828,NKE,4,0.31125853363455674
20240829,NKE,1,2.3121387283237
20240830,NKE,7,1.9229252444136373
20240831,NKE,2,-0.5376372629697466
20240902,NKE,1,-6.65110851808635
20240903,NKE,2,1.9400694809903851
20240905,NKE,1,1.92982456140351
20240906,NKE,3,1.9617382898112927
20240909,NKE,2,1.5509674025611109
20240910,NKE,1,3.56687898089172
20240911,NKE,2,0.05391133488886002
20240912,NKE,1,1.77514792899408
20240913,NKE,2,2.404438964241675
20240914,NKE,1,4.36187399030695
20240916,NKE,1,1.82724252491694
20240917,NKE,1,1.82239893969516
20240918,NKE,2,4.9697865939165204
20240919,NKE,12,1.680786603632061
20240920,NKE,61,-0.0014356824511254918
20240921,NKE,5,1.1960438639124313
20240923,NKE,3,0.3961038961038967
20240924,NKE,3,1.1008301012133017
20240925,NKE,6,-0.34429528237719836
20240926,NKE,2,0.661005661005662
20240927,NKE,6,1.0380149834924453
20240928,NKE,1,1.01752402487281
20240929,NKE,3,-0.2516778523489933
20240930,NKE,8,0.554559245032396
20241001,NKE,25,-0.14996638516882616
20241002,NKE,33,-0.36368724854171053
20241003,NKE,6,-0.895910333163176
20241004,NKE,4,-6.351397491864325
20241006,NKE,1,0.321750321750322
20241007,NKE,1,2.90102389078498
20241008,NKE,2,1.036230664197668
20241009,NKE,1,0.291545189504373
20241010,NKE,3,-0.33268185766519237
20241011,NKE,4,0.5506641272647377
20241013,NKE,3,4.431748437368716
20241015,NKE,1,6.14754098360656
20241016,NKE,7,-3.4347908285246636
20241018,NKE,2,-2.8675216889825
20241019,NKE,1,-6.45780051150895
20241021,NKE,12,5.133634225198997
20241022,NKE,8,3.0898246525229376
20241023,NKE,4,0.42708907643163807
20241024,NKE,1,6.86528497409326
20241025,NKE,4,-0.24128255557470163
20241027,NKE,1,2.89017341040462
20241029,NKE,2,2.33584009706301
20241030,NKE,1,3.0
20241031,NKE,1,2.32558139534884
20241101,NKE,2,2.3004451651164697
20241102,NKE,4,0.6696095366046101
20241105,NKE,2,1.6964770389427901
20241106,NKE,2,1.87525632548524
20241112,NKE,1,0.858369098712446
20241113,NKE,4,0.20484431436683997
20241116,NKE,1,3.72040586245772
20241117,NKE,2,-1.91637630662021
20241118,NKE,2,-1.237855823960695
20241126,NKE,1,-3.85964912280702
20241127,NKE,1,2.98656047784968
20241128,NKE,1,3.25982742090125
20241202,NKE,1,2.01342281879195
20241204,NKE,2,3.1642786210810065
20241205,NKE,1,1.01156069364162
20241206,NKE,2,2.7225656597428047
20241207,NKE,1,2.58162490508732
20241210,NKE,3,2.7357799148416313
20241212,NKE,1,5.57275541795666
20241213,NKE,3,0.46972082009460403
20241214,NKE,2,2.0851236159263515
20241215,NKE,1,-5.0
20241216,NKE,3,1.3146861892181665
20241217,NKE,1,5.49525101763908
20241218,NKE,2,-1.91256830601093
20241219,NKE,15,-0.3151494983960122
20241220,NKE,14,-0.3264083493454816
20241221,NKE,1,0.0
20241223,NKE,3,-1.79837691106713
20241224,NKE,2,1.7256563642406133
20241226,NKE,1,2.68714011516315
20241227,NKE,1,3.1018206338503
20241229,NKE,1,0.401606425702811
20241230,NKE,1,-1.40625
20241231,NKE,3,-0.9443828258715434
20240101,NVDA,6,2.6900821763216802
20240102,NVDA,15,1.2951449003106172
20240103,NVDA,23,0.6597676675759284
20240104,NVDA,18,0.061160760045319895
20240105,NVDA,7,0.3218805728712206
20240106,NVDA,6,-0.46750599541610405
20240108,NVDA,27,0.9445568148484356
20240109,NVDA,25,0.48905498764824823
20240110,NVDA,17,0.19523001455040784
20240111,NVDA,8,1.0079418782560547
20240112,NVDA,4,2.759713081136767
20240113,NVDA,2,1.7703148196664036
20240114,NVDA,3,0.21167313491416662
20240115,NVDA,6,-2.2690306562453557
20240116,NVDA,1,0.766283524904214
20240117,NVDA,6,1.1077410287591583
20240118,NVDA,9,1.108405359887234
20240119,NVDA,7,0.9380026002612885
20240120,NVDA,2,-0.03510149687061492
20240121,NVDA,1,1.06809078771696
20240122,NVDA,17,-0.07465375326824765
20240123,NVDA,14,1.471228613885591
20240124,NVDA,6,0.00032178225688894724
20240125,NVDA,17,1.446683573829466
20240126,NVDA,16,0.9387000414700274
20240127,NVDA,5,0.853004336700566
20240128,NVDA,1,2.94117647058824
20240129,NVDA,9,0.889313311893509
20240130,NVDA,12,0.8194532168573345
20240131,NVDA,15,1.0204102936300745
20240201,NVDA,8,0.8146597728242967
20240202,NVDA,16,0.3996786990434398
20240203,NVDA,3,2.5122549019607834
20240204,NVDA,2,0.5336398107828275
20240205,NVDA,15,-0.1903036456890448
20240206,NVDA,17,0.05688599093426103
20240207,NVDA,17,1.3005235957403667
20240208,NVDA,12,-0.23877686216748542
20240209,NVDA,14,-0.2848554495516076
20240210,NVDA,6,2.2505356585685106
20240211,NVDA,6,0.5734002241729952
20240212,NVDA,36,0.5061245944995456
20240213,NVDA,37,0.9984177378496704
20240214,NVDA,33,1.2406474147509103
20240215,NVDA,47,0.9541840956949811
20240216,NVDA,28,0.7137124247947425
20240217,NVDA,5,0.06532050614768148
20240218,NVDA,5,-0.1543654395854901
20240219,NVDA,32,1.4942511533927987
20240220,NVDA,43,0.13241696480892384
20240221,NVDA,87,0.9082548610173526
20240222,NVDA,194,1.0943147456517828
20240223,NVDA,141,1.4094181981507061
20240224,NVDA,23,0.6053830352229306
20240225,NVDA,20,-0.16943348878486936
20240226,NVDA,59,0.5493027167782156
20240227,NVDA,33,0.7311479058764719
20240228,NVDA,26,0.11036790311563233
20240229,NVDA,16,0.9567181012826935
20240301,NVDA,28,1.7361476993549878
20240302,NVDA,9,0.8741398786654702
20240303,NVDA,5,-1.2685586156950497
20240304,NVDA,30,0.7177894823293004
20240305,NVDA,20,0.6805522555384791
20240306,NVDA,23,-0.16015116716791852
20240307,NVDA,37,0.2772055690614233
20240308,NVDA,37,-0.4482357983848861
20240309,NVDA,5,-1.647657895931446
20240310,NVDA,11,-1.1737288878399592
20240311,NVDA,53,-0.4743995199282809
20240312,NVDA,25,0.7788963653734458
20240313,NVDA,34,0.3076833992727469
20240314,NVDA,37,-0.17503800090777047
20240315,NVDA,32,0.10722213578540894
20240316,NVDA,4,-1.208626984418175
20240317,NVDA,5,1.195087983247094
20240318,NVDA,30,0.2957985097760806
20240319,NVDA,81,1.8819527049637728
20240320,NVDA,45,0.7987628935392589
20240321,NVDA,14,1.9535530425388663
20240322,NVDA,20,0.02575648439194729
20240323,NVDA,6,-0.6270205514589112
20240324,NVDA,9,1.9798001380122017
20240325,NVDA,16,0.8929974565573007
20240326,NVDA,26,0.18291085299589477
20240327,NVDA,14,0.06067936369639099
20240328,NVDA,18,0.4163311867515677
20240329,NVDA,6,0.46248291524568175
20240330,NVDA,4,0.20570975108263473
20240331,NVDA,5,0.4277170446272648
20240401,NVDA,11,0.4590939039988445
20240402,NVDA,7,0.4038756173604843
20240403,NVDA,14,-0.03476686519967642
20240404,NVDA,13,0.5421047953096909
20240405,NVDA,20,1.2332510613761387
20240406,NVDA,8,-1.0921847216367233
20240407,NVDA,14,1.603893156563765
20240408,NVDA,19,0.2471024670316865
20240409,NVDA,41,0.6944838009487893
20240410,NVDA,22,0.6482811826915743
20240411,NVDA,19,1.0367171119300438
20240412,NVDA,11,2.188401025914688
20240413,NVDA,4,0.9691684167523797
20240414,NVDA,1,3.96659707724426
20240415,NVDA,11,0.9226221994532842
20240416,NVDA,3,2.1154572215743164
20240417,NVDA,10,0.16306260253946425
20240418,NVDA,16,-0.6176001265395719
20240419,NVDA,23,0.17476664218110793
20240420,NVDA,4,-4.4037036169869825
20240421,NVDA,3,1.1292936612457132
20240422,NVDA,19,0.18274914734104797
20240423,NVDA,13,0.16715990530224945
20240424,NVDA,26,1.0558933093763312
20240425,NVDA,22,1.377408156108363
20240426,NVDA,9,0.2622335027067326
20240427,NVDA,3,-0.6699790447748887
20240428,NVDA,1,0.238095238095239
20240429,NVDA,4,1.9739664567365744
20240430,NVDA,10,0.8603007724762185
20240501,NVDA,15,1.9335656329483777
20240502,NVDA,12,0.618411692692973
20240503,NVDA,4,1.5969484998676706
20240504,NVDA,2,0.9606414008580705
20240506,NVDA,7,1.751940231583149
20240507,NVDA,8,1.071081023789975
20240508,NVDA,17,1.032162910371079
20240509,NVDA,7,-0.04667038327627371
20240510,NVDA,8,0.3704076758442578
20240511,NVDA,6,1.9396319631128205
20240512,NVDA,2,-0.7546586941309394
20240513,NVDA,19,0.5390079950895379
20240514,NVDA,17,1.5798555329757522
20240515,NVDA,16,2.895662364461185
20240516,NVDA,13,0.7611563990175048
20240517,NVDA,14,0.7407526229139553
20240518,NVDA,2,1.112863922507902
20240519,NVDA,3,0.08570954373292303
20240520,NVDA,24,1.1083037177806812
20240521,NVDA,52,0.07236348375253845
20240522,NVDA,79,0.188298695848056
20240523,NVDA,167,0.9121566865237262
20240524,NVDA,47,0.21818302301371212
20240525,NVDA,6,1.2404601824655757
20240526,NVDA,8,0.7048161997087181
20240527,NVDA,21,0.5035805242218232
20240528,NVDA,33,0.5716467987878892
20240529,NVDA,24,0.30214780500036004
20240530,NVDA,22,0.6695651672689107
20240531,NVDA,30,0.010723608723083786
20240601,NVDA,11,1.8705477186215458
20240602,NVDA,14,2.8443429713389423
20240603,NVDA,65,-0.16412436366862113
20240604,NVDA,71,0.30126776210950135
20240605,NVDA,62,0.3171552754958348
20240606,NVDA,39,0.9275772183778556
20240607,NVDA,34,0.8937609774457734
20240608,NVDA,10,3.607897218933185
20240609,NVDA,6,1.1354339355612182
20240610,NVDA,20,0.07590456337465955
20240611,NVDA,15,0.09214564801922559
20240612,NVDA,26,0.7884131311936148
20240613,NVDA,16,1.3370604541476778
20240614,NVDA,5,1.995857682077316
20240615,NVDA,4,-1.268744001799214
20240616,NVDA,2,-5.004581404320985
20240617,NVDA,18,0.45683341304488123
20240618,NVDA,33,0.7996144750522051
20240619,NVDA,52,1.4168548385936894
20240620,NVDA,49,0.7793595179436582
20240621,NVDA,52,0.01769788869783645
20240622,NVDA,9,-1.2283015637529608
20240623,NVDA,11,0.46518769190032544
20240624,NVDA,39,-0.28771631258883823
20240625,NVDA,92,-0.6114208656413871
20240626,NVDA,41,-0.42805838484175623
20240627,NVDA,48,-0.49657320160867213
20240628,NVDA,32,0.8914785841657848
20240629,NVDA,4,0.9623548586703614
20240630,NVDA,5,0.5295813927689429
20240701,NVDA,24,-0.7536112284260048
20240702,NVDA,21,-1.6707256186886765
20240703,NVDA,20,-1.5681109456459434
20240704,NVDA,13,1.7683506428222386
20240705,NVDA,17,-0.15718433048826883
20240706,NVDA,4,-0.6707341054207323
20240707,NVDA,8,0.7659511394263525
20240708,NVDA,38,0.40659995025705453
20240709,NVDA,17,-0.9175944035393724
20240710,NVDA,21,0.06164729078531509
20240711,NVDA,9,-0.18162099894380085
20240712,NVDA,17,0.4787875200385124
20240713,NVDA,10,1.3985682540362256
20240714,NVDA,2,2.073959371813485
20240715,NVDA,10,1.5286382985075342
20240716,NVDA,7,1.8819576383505294
20240717,NVDA,28,0.029933605495402568
20240718,NVDA,37,-0.6820354767372618
20240719,NVDA,18,-0.4451699800098511
20240720,NVDA,4,-3.6900834115456815
20240721,NVDA,1,-1.53452685421995
20240722,NVDA,23,-0.34801538569705154
20240723,NVDA,20,0.08914821519114782
20240724,NVDA,11,-0.22507123624042327
20240725,NVDA,30,-0.4698768421269016
20240726,NVDA,28,-0.4667262299514592
20240727,NVDA,5,-1.3817488063134993
20240728,NVDA,7,-0.5214243776857543
20240729,NVDA,8,-1.9681567627961807
20240730,NVDA,26,-0.30650454136160393
20240731,NVDA,45,-0.38955387143250875
20240801,NVDA,25,-0.8543701881905864
20240802,NVDA,37,-1.8630198766514987
20240803,NVDA,6,-2.5361276612575936
20240804,NVDA,8,-2.005558366210863
20240805,NVDA,27,-0.6880926671392114
20240806,NVDA,37,-1.868299483008392
20240807,NVDA,30,-1.6943177998953614
20240808,NVDA,28,-1.7147282049497643
20240809,NVDA,11,-1.9557455539106077
20240810,NVDA,3,0.8624379257377113
20240811,NVDA,5,-1.266237875593248
20240812,NVDA,16,-0.8442170667414919
20240813,NVDA,24,-0.5190082756058713
20240814,NVDA,18,-0.3176313319657176
20240815,NVDA,25,-0.9308287929785335
20240816,NVDA,17,-0.40940103705204706
20240817,NVDA,3,0.018592301993403226
20240818,NVDA,9,-1.2854391130117728
20240819,NVDA,21,0.37502799120211083
20240820,NVDA,18,0.4277532605605931
20240821,NVDA,26,-0.6380405009980472
20240822,NVDA,18,-1.2303555001781314
20240823,NVDA,29,0.15278485825875
20240824,NVDA,11,-0.18975516218440114
20240825,NVDA,7,-0.34235716245517284
20240826,NVDA,33,0.49956960620754604
20240827,NVDA,40,-0.28766802116987594
20240828,NVDA,65,0.4568907511984792
20240829,NVDA,100,0.3119731606331808
20240830,NVDA,71,0.3864934586878709
20240831,NVDA,10,-0.6960675051092204
20240901,NVDA,7,-0.6657337954330432
20240902,NVDA,13,-0.21348665390717098
20240903,NVDA,33,-0.661796192630474
20240904,NVDA,68,-1.9292037438047343
20240905,NVDA,46,-1.1971748746432382
20240906,NVDA,36,-2.0068698187903915
20240907,NVDA,8,-0.8345242130907597
20240908,NVDA,10,-2.2855753142131747
20240909,NVDA,15,-1.1273860899371528
20240910,NVDA,19,-1.5151848665281438
20240911,NVDA,38,-0.7261084573776292
20240912,NVDA,33,-0.8689513928166985
20240913,NVDA,19,-0.6952283681724101
20240914,NVDA,4,-0.6216580785517127
20240915,NVDA,9,-0.8597571165916538
20240916,NVDA,16,-0.6061979649794964
20240917,NVDA,20,0.07532718510401536
20240918,NVDA,39,-1.2861339489485575
20240919,NVDA,18,-0.6583653841341593
20240920,NVDA,14,-1.9536209617790177
20240921,NVDA,7,0.1672485190237522
20240922,NVDA,11,-2.3113775360308098
20240923,NVDA,17,-0.6775392430373126
20240924,NVDA,9,0.16724257444283386
20240925,NVDA,15,0.23591334734312663
20240926,NVDA,24,0.6207126322181542
20240927,NVDA,10,0.48463166470166413
20240928,NVDA,3,-0.3000926912194819
20240929,NVDA,6,-0.19479384733828237
20240930,NVDA,13,-0.04496426660076389
20241001,NVDA,12,1.1727768392222617
20241002,NVDA,18,0.21476658721522116
20241003,NVDA,16,-0.04567226839672722
20241004,NVDA,13,-1.1570800491140238
20241005,NVDA,2,0.8739124611845585
20241006,NVDA,2,2.2974827798975004
20241007,NVDA,8,0.17005752780256247
20241008,NVDA,26,0.7826765708283958
20241009,NVDA,23,0.16290345184034022
20241010,NVDA,12,0.12095379984933446
20241011,NVDA,6,2.5341760664494304
20241013,NVDA,1,-5.42372881355932
20241014,NVDA,5,-0.2770227948963975
20241015,NVDA,39,-0.24693514592377436
20241016,NVDA,32,-0.6864056485672079
20241017,NVDA,18,0.41739962981925194
20241018,NVDA,16,0.20881227360830235
20241019,NVDA,3,2.4860925639788665
20241020,NVDA,2,0.03319942797370601
20241021,NVDA,18,1.5314355704448896
20241022,NVDA,15,-0.45170808472021
20241023,NVDA,11,-0.48757486655387666
20241024,NVDA,17,2.411093874301146
20241025,NVDA,16,1.418122157529006
20241026,NVDA,2,0.5826382349834736
20241027,NVDA,7,0.4843862379784849
20241028,NVDA,13,0.42073760327786974
20241029,NVDA,5,1.5556002259277681
20241030,NVDA,15,0.960111640547871
20241031,NVDA,11,0.8665310121208525
20241101,NVDA,17,0.13654233777992003
20241102,NVDA,2,1.5811255144548388
20241103,NVDA,10,-0.5694103443882117
20241104,NVDA,18,0.383613847840257
20241105,NVDA,16,-0.06109244324500074
20241106,NVDA,13,0.36534326445873205
20241107,NVDA,4,-1.2226315886017727
20241108,NVDA,13,0.9015000113350464
20241109,NVDA,2,1.4732915224913499
20241110,NVDA,5,-0.5551769123129308
20241111,NVDA,6,0.4041203454742195
20241112,NVDA,22,0.48574721680208416
20241113,NVDA,22,1.577526059250049
20241114,NVDA,15,0.6913532493939161
20241115,NVDA,15,0.07969607392022285
20241116,NVDA,6,0.20536130498912197
20241117,NVDA,7,-0.5518666531413222
20241118,NVDA,49,0.0886861969972328
20241119,NVDA,37,0.39306744164046276
20241120,NVDA,68,0.4381011133443899
20241121,NVDA,82,0.1967671663295689
20241122,NVDA,38,0.47689484878207256
20241123,NVDA,5,0.7299301638078245
20241124,NVDA,6,-0.059278258223493085
20241125,NVDA,18,1.1314657430329609
20241126,NVDA,12,0.03250664359781191
20241127,NVDA,19,0.24089224360864447
20241128,NVDA,11,0.5690844790653612
20241129,NVDA,6,0.10566709079134007
20241130,NVDA,4,-0.9916649411519773
20241201,NVDA,1,-3.9344262295082
20241202,NVDA,23,0.36993445194163765
20241203,NVDA,13,-0.747092903271846
20241204,NVDA,10,1.923017278087561
20241205,NVDA,19,1.0054716197960811
20241206,NVDA,8,1.493169886814048
20241207,NVDA,5,1.645121288738669
20241208,NVDA,1,1.09090909090909
20241209,NVDA,37,-2.7631768203758744
20241210,NVDA,23,-1.4619866370339707
20241211,NVDA,12,-0.7498061350559777
20241212,NVDA,12,0.16490019368996828
20241213,NVDA,14,-0.756505448329805
20241214,NVDA,3,1.7375519298220201
20241215,NVDA,4,0.9540958966360394
20241216,NVDA,13,-0.9276248557274799
20241217,NVDA,17,0.24213444741001222
20241218,NVDA,16,-0.04875303051618633
20241219,NVDA,14,0.21004865014423155
20241220,NVDA,11,1.496025213327773
20241221,NVDA,3,0.5869678534296844
20241222,NVDA,2,-1.074839185983715
20241223,NVDA,8,-0.05249069531734191
20241224,NVDA,15,0.2805675708386274
20241225,NVDA,3,1.396910816171878
20241226,NVDA,12,1.116328369362444
20241227,NVDA,18,0.4518100134978717
20241228,NVDA,2,0.5594760973121681
20241229,NVDA,2,1.128871417950649
20241230,NVDA,16,-0.11125980064206975
20241231,NVDA,13,2.398035044997079
20240101,PFE,14,0.894696084581546
20240102,PFE,32,-0.19451169898674203
20240103,PFE,18,0.4898911526290083
20240104,PFE,15,-1.08440436335811
20240105,PFE,11,0.9525432935736354
20240106,PFE,11,-0.19910789937881762
20240107,PFE,15,1.1597292768923866
20240108,PFE,22,-0.4175749159864404
20240109,PFE,36,-1.775333392644073
20240110,PFE,21,0.4400963054173355
20240111,PFE,16,1.2152848392262765
20240112,PFE,8,1.0441424316177024
20240113,PFE,9,0.7627869780146412
20240114,PFE,4,1.2589990718190402
20240115,PFE,12,-1.193460830469475
20240116,PFE,24,-0.811025722976256
20240117,PFE,28,-0.3323294508544252
20240118,PFE,18,-0.7733811249467906
20240119,PFE,13,-0.8999264892973065
20240120,PFE,15,0.15830584908585288
20240121,PFE,11,-0.320325694895806
20240122,PFE,18,-0.383016734201309
20240123,PFE,26,0.5614169836823364
20240124,PFE,17,0.5414021668069116
20240125,PFE,22,0.40321140347409823
20240126,PFE,36,-1.1269512738342133
20240127,PFE,6,1.1500939268926673
20240128,PFE,10,1.3810011556470734
20240129,PFE,31,0.4683102303153153
20240130,PFE,49,0.09165266042753109
20240131,PFE,37,-0.6303564476730941
20240201,PFE,26,-0.45466319927133925
20240202,PFE,20,-1.0465783558277504
20240203,PFE,7,0.6338155224958323
20240204,PFE,6,-0.49743852914467834
20240205,PFE,16,-1.2540056714432133
20240206,PFE,37,-0.4668603990695414
20240207,PFE,17,-0.18847577517713932
20240208,PFE,16,0.11832879751183673
20240209,PFE,17,-0.27603155380511796
20240210,PFE,12,0.3641436648403578
20240211,PFE,10,0.4525217980050944
20240212,PFE,16,1.7014433384072993
20240213,PFE,21,1.6871896350304119
20240214,PFE,27,0.9832963883573927
20240215,PFE,10,-0.656940257508563
20240216,PFE,19,0.43718406993417397
20240217,PFE,11,0.4389054792204936
20240218,PFE,6,1.19296856835963
20240219,PFE,25,-0.861510056806726
20240220,PFE,50,-2.0881669401339518
20240221,PFE,30,-2.3443199782646724
20240222,PFE,34,0.1257930898373517
20240223,PFE,20,1.0359464854435276
20240224,PFE,7,0.16687788626308284
20240225,PFE,11,1.0685522519387343
20240226,PFE,25,0.704707487153712
20240227,PFE,32,-0.261091311355422
20240228,PFE,19,0.8118171551586473
20240229,PFE,26,-0.5819725118009893
20240301,PFE,17,-2.222803211863491
20240302,PFE,7,-0.9700068616503121
20240303,PFE,4,-1.9604561686138249
20240304,PFE,19,0.6659435874452474
20240305,PFE,22,0.5259404791023194
20240306,PFE,16,-1.5639004894141237
20240307,PFE,23,-0.09078022744741596
20240308,PFE,22,0.6547291055165531
20240309,PFE,6,1.3095655798642212
20240310,PFE,4,1.7982652995957296
20240311,PFE,29,0.4564522667731263
20240312,PFE,32,-0.008251785305390252
20240313,PFE,30,-0.9724203556302042
20240314,PFE,24,0.6575385952711095
20240315,PFE,15,0.8697203347101363
20240316,PFE,17,1.1493926279083668
20240317,PFE,7,0.3810383105090742
20240318,PFE,46,1.129699920901398
20240319,PFE,33,0.8168995217442254
20240320,PFE,30,-0.4133789510396942
20240321,PFE,20,0.8208935488329067
20240322,PFE,12,-0.2333880587321504
20240323,PFE,9,0.37720770608670917
20240324,PFE,12,0.9269909889906519
20240325,PFE,24,0.6881917987683466
20240326,PFE,27,0.2630507134293975
20240327,PFE,32,0.3449200216060571
20240328,PFE,18,1.059678028709015
20240329,PFE,13,-0.09689857923445055
20240330,PFE,15,0.8516188641937289
20240331,PFE,14,1.358967287174037
20240401,PFE,10,0.6332830298535201
20240402,PFE,19,0.45028257362844337
20240403,PFE,33,1.6746734630249314
20240404,PFE,23,-0.5796859783063809
20240405,PFE,20,0.21091595949188194
20240406,PFE,20,0.4265003273609483
20240407,PFE,23,0.42578615213189885
20240408,PFE,35,0.3149566347650559
20240409,PFE,37,-0.013884517472328994
20240410,PFE,18,0.07801276273287933
20240411,PFE,19,0.5577542377852298
20240412,PFE,22,0.3968116189002268
20240413,PFE,19,-0.13886927169027585
20240414,PFE,11,0.3004317271199366
20240415,PFE,26,1.1848561056463704
20240416,PFE,22,0.5741906321635925
20240417,PFE,9,0.5516228042067077
20240418,PFE,23,0.3181175275256856
20240419,PFE,15,-0.4025357772158072
20240420,PFE,6,1.1986455976803174
20240421,PFE,13,1.3743533428497532
20240422,PFE,26,0.4051990845396748
20240423,PFE,29,-0.0021028407329283794
20240424,PFE,34,0.6284741411885681
20240425,PFE,12,-0.09859411480266067
20240426,PFE,17,-0.6057230303529334
20240427,PFE,8,0.3258529622562718
20240428,PFE,17,0.9738763871417753
20240429,PFE,29,-0.14331172163963846
20240430,PFE,36,0.016912650865828383
20240501,PFE,56,1.7538435003511634
20240502,PFE,38,1.4186191356505318
20240503,PFE,22,0.06315926016224348
20240504,PFE,16,1.1496352468473512
20240505,PFE,17,1.0768786770421381
20240506,PFE,22,0.3206087321140094
20240507,PFE,25,0.16355237020813662
20240508,PFE,42,-0.8893684996451335
20240509,PFE,25,-0.040188697178163535
20240510,PFE,29,0.4784999218058305
20240511,PFE,10,0.2468711888033062
20240512,PFE,9,0.554663835041877
20240513,PFE,12,-0.07338034052869136
20240514,PFE,9,1.3514394097264526
20240515,PFE,13,-0.4885213049070247
20240516,PFE,23,-0.6172788732427186
20240517,PFE,14,0.47921455357567344
20240518,PFE,7,1.2928768413570435
20240519,PFE,3,1.4454400432520766
20240520,PFE,14,0.18336489822382515
20240521,PFE,30,0.49098662543924837
20240522,PFE,21,0.7283969805934161
20240523,PFE,37,0.10839964363810639
20240524,PFE,15,1.1195469401998026
20240525,PFE,4,0.34369505068095063
20240526,PFE,16,1.070257477336172
20240527,PFE,18,1.2208281106117653
20240528,PFE,13,-0.7608406722962319
20240529,PFE,15,1.0475660785946332
20240530,PFE,29,-1.0413042564529729
20240531,PFE,16,-0.5619711402040166
20240601,PFE,17,-0.42719180027097703
20240602,PFE,9,-0.4837240194198166
20240603,PFE,24,0.8359871450298738
20240604,PFE,12,0.008804944071599152
20240605,PFE,17,-0.02638146005638261
20240606,PFE,8,1.0015822000284613
20240607,PFE,23,-0.4221150610827805
20240608,PFE,15,0.7512031362080583
20240609,PFE,15,1.1470447047758987
20240610,PFE,14,0.1313232680853032
20240611,PFE,26,0.676605463229595
20240612,PFE,25,0.5992196421131605
20240613,PFE,29,0.36709304460534087
20240614,PFE,15,-0.7837781682043785
20240615,PFE,5,0.9218311710162866
20240616,PFE,10,-0.7498618166767321
20240617,PFE,7,0.2870947481293718
20240618,PFE,30,-0.12043278486222209
20240619,PFE,24,-0.16550848702728882
20240620,PFE,23,0.4047735316881852
20240621,PFE,34,0.38427095560420027
20240622,PFE,28,0.9901191613630281
20240623,PFE,7,0.8796829467841663
20240624,PFE,21,0.4584640006450227
20240625,PFE,15,0.014133215045960455
20240626,PFE,28,0.10032433937387158
20240627,PFE,29,1.0423144923466379
20240628,PFE,28,0.42459968147177646
20240629,PFE,30,1.1993306365788237
20240630,PFE,14,1.426849393435138
20240701,PFE,21,0.2010223526659215
20240702,PFE,30,-0.03892473327832169
20240703,PFE,20,0.974619640099411
20240704,PFE,23,0.22084094535098792
20240705,PFE,12,0.6688119408972771
20240706,PFE,8,0.3163471225745199
20240707,PFE,9,0.37982735398432454
20240708,PFE,11,0.279222447488738
20240709,PFE,15,0.24478432544115916
20240710,PFE,15,0.04206201553355615
20240711,PFE,25,-0.5882026773426827
20240712,PFE,20,0.7150774809551819
20240713,PFE,12,1.6032144035667482
20240714,PFE,6,1.4551252990154684
20240715,PFE,20,0.19813904497831303
20240716,PFE,13,1.0841240317144447
20240717,PFE,13,-0.16915194584564594
20240718,PFE,21,-1.5561137730865493
20240719,PFE,15,-0.09536664959399604
20240720,PFE,2,1.010920623050993
20240721,PFE,1,1.49105367793241
20240722,PFE,13,0.6709114340095043
20240723,PFE,10,-0.3661067341077494
20240724,PFE,10,-0.2963127796304862
20240725,PFE,20,0.6991458691510948
20240726,PFE,22,-0.020550227798837084
20240727,PFE,2,-0.6993006993007
20240728,PFE,7,1.246263788988488
20240729,PFE,17,0.7236613100466529
20240730,PFE,41,0.55364450671934
20240731,PFE,12,-0.12692185084101637
20240801,PFE,17,1.1444506354732142
20240802,PFE,13,0.6836198526936239
20240803,PFE,5,3.1983715166545443
20240804,PFE,6,-0.2897804047172738
20240805,PFE,11,0.4382336173359862
20240806,PFE,12,0.1786072600711389
20240807,PFE,8,-4.067647723673652
20240808,PFE,4,-0.02836573725292757
20240809,PFE,11,-0.1853542539225232
20240810,PFE,3,-1.8659767818746233
20240811,PFE,7,1.730893251843147
20240812,PFE,12,0.8649602037056581
20240813,PFE,8,1.676432710463388
20240814,PFE,14,0.957660177819274
20240815,PFE,10,0.2352171747727446
20240816,PFE,24,-0.4948862248039705
20240817,PFE,18,1.1093197144159654
20240818,PFE,6,-0.08102204459309986
20240819,PFE,9,1.5671958253740672
20240820,PFE,16,0.9957452746988567
20240821,PFE,17,0.19533552199047466
20240822,PFE,39,0.27154517056336114
20240823,PFE,41,0.6811244536184529
20240824,PFE,6,0.7802240998780565
20240825,PFE,9,0.3459810075067761
20240826,PFE,15,0.5588090501010525
20240827,PFE,33,-0.3424983730452589
20240828,PFE,39,0.9009115743961167
20240829,PFE,24,0.3392824584078839
20240830,PFE,18,0.034815683422418864
20240831,PFE,16,0.9847483348517362
20240901,PFE,22,1.29862459675343
20240902,PFE,50,1.0248591719188591
20240903,PFE,39,1.1094409592508059
20240904,PFE,28,0.043003780645815115
20240905,PFE,32,0.6669317534361612
20240906,PFE,25,1.052517011328234
20240907,PFE,19,0.9309474245583207
20240908,PFE,11,1.7109527932809854
20240909,PFE,25,0.7943391405075089
20240910,PFE,17,0.9277982278670673
20240911,PFE,23,0.4526231440561327
20240912,PFE,19,0.9150723234502822
20240913,PFE,13,0.30437671862473836
20240914,PFE,23,0.0033334918205828734
20240915,PFE,20,-0.29316213866870827
20240916,PFE,36,-1.3555531708094115
20240917,PFE,17,0.6781998189907807
20240918,PFE,27,1.237051481832841
20240919,PFE,15,-0.01176213198519252
20240920,PFE,28,-0.42842119241094134
20240921,PFE,10,1.56288432215512
20240922,PFE,16,1.019715431407651
20240923,PFE,23,0.9599512773751052
20240924,PFE,23,-0.9754385469466798
20240925,PFE,29,0.18871314665565575
20240926,PFE,23,-1.423489916391242
20240927,PFE,13,0.9093332117126494
20240928,PFE,3,-0.5426721919774635
20240929,PFE,6,0.8428376233817579
20240930,PFE,12,1.3381973168196288
20241001,PFE,26,1.2411400326679751
20241002,PFE,20,0.4905505580002757
20241003,PFE,19,1.7906254232849046
20241004,PFE,16,0.8571399380063358
20241005,PFE,8,1.2390735144242762
20241006,PFE,2,2.03485560649142
20241007,PFE,22,-1.1795740689981933
20241008,PFE,13,1.2911285011627012
20241009,PFE,10,1.163351343583696
20241010,PFE,42,-0.5552178244134973
20241011,PFE,26,0.31856094990699463
20241012,PFE,9,-0.022161382880858616
20241013,PFE,7,1.0746576532851084
20241014,PFE,24,0.5938578229209497
20241015,PFE,24,0.7825611757108425
20241016,PFE,23,-0.10852105832667208
20241017,PFE,24,1.1302880239381705
20241018,PFE,25,0.6554590428666268
20241019,PFE,6,2.498423285339288
20241020,PFE,14,2.0076832828401296
20241021,PFE,10,1.3155836776758727
20241022,PFE,21,0.37427804105126095
20241023,PFE,30,-0.20258327014321176
20241024,PFE,28,0.4807685194267039
20241025,PFE,19,-0.13567668774642067
20241026,PFE,15,1.1632192153534047
20241027,PFE,9,1.397331441410516
20241028,PFE,20,-1.5898914968462545
20241029,PFE,62,0.8835466054449608
20241030,PFE,34,0.3561914993680161
20241031,PFE,12,1.2564085418540636
20241101,PFE,10,1.4700593416339316
20241102,PFE,7,1.6599903496346213
20241103,PFE,7,1.7609330628580386
20241104,PFE,17,0.09944272200777385
20241105,PFE,10,-0.43806368037799553
20241106,PFE,12,-0.354284850855692
20241107,PFE,15,-1.271770431527226
20241108,PFE,21,1.7698062009744766
20241109,PFE,10,1.4090558332207317
20241110,PFE,2,1.64762534227174
20241111,PFE,5,1.1344669282287214
20241112,PFE,12,1.5830989506538549
20241113,PFE,21,0.4431818201478439
20241114,PFE,30,0.4908844136741534
20241115,PFE,45,-0.46432557899636945
20241116,PFE,2,1.47696725317693
20241117,PFE,8,0.9372542928459882
20241118,PFE,10,0.8064256408297658
20241119,PFE,13,0.6488996504301817
20241120,PFE,34,-0.06597888399065127
20241121,PFE,29,-0.2691936221880191
20241122,PFE,24,0.378127618603572
20241123,PFE,5,-0.10031067415662187
20241125,PFE,10,-1.2813977781765105
20241126,PFE,16,0.03343263962854795
20241127,PFE,23,0.5846923117435952
20241128,PFE,12,-0.671035809468963
20241129,PFE,9,1.3337343618501436
20241130,PFE,9,0.44408766309666764
20241201,PFE,3,-1.1216422909842398
20241202,PFE,7,1.0227772553443923
20241203,PFE,18,-0.5099149562294527
20241204,PFE,19,0.010139908067204495
20241205,PFE,10,1.425973974754568
20241206,PFE,14,0.6842843656524601
20241207,PFE,5,1.259381331167416
20241208,PFE,3,1.344926927448204
20241209,PFE,7,-1.0903075318904711
20241210,PFE,17,0.24631713516025452
20241211,PFE,23,0.8623379222972579
20241212,PFE,19,0.14502301832081047
20241213,PFE,17,0.3748210763996934
20241214,PFE,22,-2.895961916791192
20241215,PFE,2,-1.001959800119571
20241216,PFE,4,0.6573244149456825
20241217,PFE,24,-0.8153504114970032
20241218,PFE,9,-0.7526921627303327
20241219,PFE,15,-1.3441008005090724
20241220,PFE,11,2.3920489802669627
20241221,PFE,8,0.5861348778219799
20241222,PFE,1,1.85728250244379
20241223,PFE,5,0.8363190569953218
20241224,PFE,1,1.0
20241225,PFE,2,1.815493004056185
20241226,PFE,7,-0.6343843698344516
20241227,PFE,5,-0.38217981518069105
20241228,PFE,3,-0.7999582578620569
20241229,PFE,1,1.5358361774744
20241230,PFE,103,-1.3504951660209332
20241231,PFE,13,0.07057056294794262
20240101,TSLA,13,1.2004493433783958
20240102,TSLA,118,0.40199566830238687
20240103,TSLA,85,-0.4379254540829113
20240104,TSLA,96,-3.51254724376742
20240105,TSLA,113,-0.18694371293227896
20240106,TSLA,24,-2.2931925646910076
20240107,TSLA,17,-0.5897187198945926
20240108,TSLA,40,-0.7969033634292051
20240109,TSLA,27,-0.28662946596609695
20240110,TSLA,38,0.17136851806102307
20240111,TSLA,58,-0.3623690773475947
20240112,TSLA,50,-1.4877107828179463
20240113,TSLA,23,-1.1824233923865877
20240114,TSLA,14,-1.9139262626846913
20240115,TSLA,29,0.5425863717521706
20240116,TSLA,97,-0.41149123899750356
20240117,TSLA,46,-0.4705960545468896
20240118,TSLA,22,-0.8976246314091415
20240119,TSLA,14,-1.1601142675551857
20240120,TSLA,11,0.002846035635680505
20240121,TSLA,5,-1.0470026171687237
20240122,TSLA,22,-0.7957127724209354
20240123,TSLA,47,0.018446892414927696
20240124,TSLA,98,-0.2769988695348863
20240125,TSLA,123,-0.49673427335058423
20240126,TSLA,49,-0.19195378164435706
20240127,TSLA,11,-1.3562337078705975
20240128,TSLA,7,-0.009094207658885767
20240129,TSLA,26,0.6335722180802835
20240130,TSLA,39,-0.6497956569851999
20240131,TSLA,47,-1.3097042136526214
20240201,TSLA,57,-2.8830157608541866
20240202,TSLA,240,-1.8831634599821858
20240203,TSLA,66,-4.8540981481292
20240204,TSLA,20,-2.642908309085601
20240205,TSLA,45,-2.6101273036714168
20240206,TSLA,39,-0.9385331524245647
20240207,TSLA,45,-1.3086686031477113
20240208,TSLA,29,0.06089307825588752
20240209,TSLA,29,-0.02851109648271638
20240210,TSLA,12,0.988962283274215
20240211,TSLA,12,-0.6988928358046088
20240212,TSLA,27,-0.5817039993448159
20240213,TSLA,53,-1.2575527032499425
20240214,TSLA,37,-1.626571792423333
20240215,TSLA,28,-0.5887385581125328
20240216,TSLA,18,0.10347620983693323
20240217,TSLA,6,2.860825468082377
20240218,TSLA,5,-2.87162618188142
20240219,TSLA,15,0.40163812822200856
20240220,TSLA,28,-1.1415482380692157
20240221,TSLA,32,-1.406989540246632
20240222,TSLA,21,-0.2601069100216116
20240223,TSLA,34,-0.26964354276296265
20240224,TSLA,11,-0.9056200758166597
20240225,TSLA,3,-1.1213860214654443
20240226,TSLA,30,0.2837809516991628
20240227,TSLA,52,-0.9684037300441837
20240228,TSLA,26,0.17258889991518384
20240229,TSLA,30,-1.2882596461321485
20240301,TSLA,29,-1.2481094824015129
20240302,TSLA,22,-0.4712543521245417
20240303,TSLA,8,-1.9839881735783977
20240304,TSLA,21,-0.14228020638708597
20240305,TSLA,69,-1.05060624867086
20240306,TSLA,59,-0.9637989818027961
20240307,TSLA,28,-0.550558154857123
20240308,TSLA,30,-0.4217360923781454
20240309,TSLA,5,1.452669671423131
20240310,TSLA,21,0.20796733360811162
20240311,TSLA,27,0.1916699888645258
20240312,TSLA,32,-0.7211090366139367
20240313,TSLA,35,-1.7067688537521588
20240314,TSLA,34,-1.148541222367407
20240315,TSLA,32,-1.060345240516358
20240316,TSLA,20,-1.2130384046929135
20240317,TSLA,14,-0.42667998634615223
20240318,TSLA,29,0.7026284062212508
20240319,TSLA,23,-1.7331940298457063
20240320,TSLA,20,-0.8088572599033946
20240321,TSLA,18,-0.4916670920281111
20240322,TSLA,30,-0.20561760112880978
20240323,TSLA,6,0.04439128362265138
20240324,TSLA,6,-1.6789893334911399
20240325,TSLA,31,-0.6998732139459566
20240326,TSLA,35,-0.4793051585013949
20240327,TSLA,19,-1.2081487470997458
20240328,TSLA,29,-0.47735651875588375
20240329,TSLA,14,-0.68265011795637
20240330,TSLA,4,0.1921460958148733
20240331,TSLA,1,-0.635930047694754
20240401,TSLA,29,0.2548938433596143
20240402,TSLA,152,-1.4791733762613741
20240403,TSLA,81,-1.0411392168448599
20240404,TSLA,49,-0.8093848664894276
20240405,TSLA,58,-1.0612972474126703
20240406,TSLA,39,-0.6537606367374926
20240407,TSLA,16,0.2501492484774004
20240408,TSLA,57,-0.7003125876354783
20240409,TSLA,90,-1.7114042897621013
20240410,TSLA,67,-0.8471225682236059
20240411,TSLA,63,-0.15315421087185244
20240412,TSLA,51,-0.892590323249906
20240413,TSLA,12,-1.3319053238062235
20240414,TSLA,9,0.07568140032840076
20240415,TSLA,168,-1.0774448959244336
20240416,TSLA,78,-1.5183353931599572
20240417,TSLA,184,-1.5729593328680707
20240418,TSLA,100,-1.4940388570191427
20240419,TSLA,60,-1.1131558171495401
20240420,TSLA,30,-0.995944105325742
20240421,TSLA,30,-1.6898470359043216
20240422,TSLA,89,-1.2087750662654428
20240423,TSLA,129,-1.226424521022626
20240424,TSLA,94,0.7146944365741775
20240425,TSLA,33,-0.9561454181940042
20240426,TSLA,34,-0.4084474193039043
20240427,TSLA,6,-2.4048761880160936
20240428,TSLA,16,0.5868260246121932
20240429,TSLA,110,0.6995108098441721
20240430,TSLA,54,-0.12118193699556393
20240501,TSLA,64,-1.2241194555576125
20240502,TSLA,41,-1.3937582966960405
20240503,TSLA,29,-0.9383181060526757
20240504,TSLA,11,-1.3374835574500687
20240505,TSLA,14,-0.21641375217448613
20240506,TSLA,15,-0.9658979331657227
20240507,TSLA,31,-1.2458475326501954
20240508,TSLA,25,-1.3967319211683176
20240509,TSLA,36,-0.7254802266095978
20240510,TSLA,26,-2.223939542480861
20240511,TSLA,8,-2.450246075631453
20240512,TSLA,5,-2.5650382719969786
20240513,TSLA,26,0.11081608585069423
20240514,TSLA,42,-1.6817698041599143
20240515,TSLA,50,0.07601814358637599
20240516,TSLA,38,-1.7981388168671388
20240517,TSLA,26,0.4688718045802612
20240518,TSLA,10,0.41539021855557384
20240519,TSLA,5,1.3339485841369283
20240520,TSLA,40,-2.5018834498236706
20240521,TSLA,32,-0.6694681152615033
20240522,TSLA,26,-1.0284854155455219
20240523,TSLA,27,-0.6080258841723408
20240524,TSLA,18,-0.5287389099004705
20240525,TSLA,15,-1.4468022010062922
20240526,TSLA,7,-1.0765824941465383
20240527,TSLA,18,-1.0094288379237972
20240528,TSLA,22,-1.0413768001130228
20240529,TSLA,21,-0.13994280095172712
20240530,TSLA,21,-1.4060551342544347
20240531,TSLA,35,-1.1076224422458976
20240601,TSLA,9,-2.2444399104986377
20240602,TSLA,6,-0.9998431550504147
20240603,TSLA,18,-0.8971619619250708
20240604,TSLA,18,0.9010848280184758
20240605,TSLA,12,-0.26372822991450734
20240606,TSLA,7,0.27528515929136627
20240607,TSLA,8,-0.8051458443662105
20240608,TSLA,6,-0.6374446831881898
20240609,TSLA,9,-0.17291107214487383
20240610,TSLA,14,-0.6415972731607948
20240611,TSLA,60,-1.1624502583565404
20240612,TSLA,40,-1.0507003915868056
20240613,TSLA,135,-0.801330331133379
20240614,TSLA,69,0.3634669807113801
20240615,TSLA,14,0.0020656642027891414
20240616,TSLA,2,0.46847811537946693
20240617,TSLA,34,0.3493962529693337
20240618,TSLA,17,-0.892791690315826
20240619,TSLA,13,-1.0308424298862136
20240620,TSLA,17,0.3009487082327047
20240621,TSLA,28,-0.5460355136753745
20240622,TSLA,6,-0.6061102406339217
20240623,TSLA,3,0.11815313382323867
20240624,TSLA,24,-0.38295847742692485
20240625,TSLA,24,0.4309965417826839
20240626,TSLA,26,-0.42592907894624
20240627,TSLA,19,-0.6584537073666601
20240628,TSLA,22,-0.6691711407971326
20240629,TSLA,5,0.5677801994387786
20240630,TSLA,4,-0.9247989983206774
20240701,TSLA,17,-0.1308473171666901
20240702,TSLA,39,-0.5971399533489525
20240703,TSLA,62,0.24119627731620558
20240704,TSLA,39,0.624893741542101
20240705,TSLA,33,0.48220577315365865
20240706,TSLA,5,1.0605523320855077
20240707,TSLA,9,-0.8390684782023901
20240708,TSLA,30,-0.07866481111234966
20240709,TSLA,31,-0.229891560070702
20240710,TSLA,16,0.688369238348881
20240711,TSLA,28,-0.612797862803605
20240712,TSLA,37,-0.3549022881345653
20240713,TSLA,20,-0.5715667291523521
20240714,TSLA,6,-0.8934852206540227
20240715,TSLA,14,-0.708048034229626
20240716,TSLA,28,-0.3852950764251979
20240717,TSLA,29,0.622438528097528
20240718,TSLA,28,0.24033246213765236
20240719,TSLA,32,-0.8783212105844335
20240720,TSLA,1,-1.02880658436214
20240721,TSLA,9,-0.5289809885533919
20240722,TSLA,30,-0.14992611706523545
20240723,TSLA,74,0.2730596992310853
20240724,TSLA,138,0.5128446565294548
20240725,TSLA,73,0.8527763455205484
20240726,TSLA,11,-1.6206476624054948
20240727,TSLA,11,0.3344820887783721
20240728,TSLA,10,0.2422712758897595
20240729,TSLA,36,0.29080163812295534
20240730,TSLA,19,-0.39795029954456596
20240731,TSLA,11,-0.15822124890446465
20240801,TSLA,6,0.7797824314208713
20240802,TSLA,21,-0.9351706458313043
20240803,TSLA,10,-1.5729851530179526
20240804,TSLA,5,-1.9763209673599662
20240805,TSLA,14,-1.1302242144362424
20240806,TSLA,23,-1.0359046149174922
20240807,TSLA,26,-1.7260017482474568
20240808,TSLA,17,-0.187595582941889
20240809,TSLA,14,0.2190293056452212
20240810,TSLA,9,-1.9555070945391522
20240811,TSLA,2,-2.92473694792574
20240812,TSLA,39,-1.1194074470757824
20240813,TSLA,68,-2.260069954160601
20240814,TSLA,84,-3.480014278435731
20240815,TSLA,12,-0.8755091048730999
20240816,TSLA,13,-0.19771272118713024
20240817,TSLA,13,0.5272152536666598
20240818,TSLA,3,1.1623666494332434
20240819,TSLA,3,0.389743648654335
20240820,TSLA,20,-0.3893326679823851
20240821,TSLA,70,0.12661089870257503
20240822,TSLA,48,-0.19128761964183083
20240823,TSLA,18,0.5115531566676528
20240824,TSLA,4,1.1854743899460725
20240825,TSLA,5,0.851313285876072
20240826,TSLA,15,-0.0919231179789389
20240827,TSLA,14,-2.4297604116867584
20240828,TSLA,43,-0.8091554875875134
20240829,TSLA,16,-0.34025981655669546
20240830,TSLA,27,-1.532492829951076
20240831,TSLA,4,0.6378136342436751
20240901,TSLA,8,0.03355966337932981
20240902,TSLA,9,0.7469673722195405
20240903,TSLA,49,1.4146242789612633
20240904,TSLA,17,1.1354772450491997
20240905,TSLA,14,-0.43811202357427736
20240906,TSLA,10,-0.3789769462258524
20240907,TSLA,14,0.9528944917092044
20240908,TSLA,8,0.86910803412647
20240909,TSLA,12,-0.21459520223219375
20240910,TSLA,10,-1.782450556141855
20240911,TSLA,14,0.15066903979943957
20240912,TSLA,21,-0.2768542753823263
20240913,TSLA,5,-0.2000630575804338
20240914,TSLA,6,0.3530363356462155
20240915,TSLA,2,-2.42003367003367
20240916,TSLA,8,-1.0289688244679638
20240917,TSLA,18,0.95171687598903
20240918,TSLA,14,-0.6757804467509548
20240919,TSLA,34,1.555085756545056
20240920,TSLA,9,-1.0447402882081822
20240921,TSLA,6,1.0000814819428834
20240922,TSLA,6,0.5307024086100538
20240923,TSLA,9,0.4062685626896439
20240924,TSLA,8,0.6303294859940234
20240925,TSLA,6,-0.025195471021773386
20240926,TSLA,10,-2.611516862882823
20240927,TSLA,16,0.2538993486851494
20240928,TSLA,4,0.11634978554509967
20240929,TSLA,12,-0.6722411544881111
20240930,TSLA,20,-1.5583491568120449
20241001,TSLA,28,-1.708636906911683
20241002,TSLA,57,-0.45111609191829666
20241003,TSLA,41,-0.35695658531402197
20241004,TSLA,44,-0.9774124178217839
20241005,TSLA,8,0.48066534211223
20241006,TSLA,9,-0.4924010385734133
20241007,TSLA,23,0.3826856739893751
20241008,TSLA,28,-0.4151909732398319
20241009,TSLA,17,0.36418405590888037
20241010,TSLA,22,-0.082818987306709
20241011,TSLA,116,0.17948655667072488
20241012,TSLA,21,0.010221646802520273
20241013,TSLA,10,0.5299929008083409
20241014,TSLA,19,-0.028777116856122692
20241015,TSLA,27,-0.012722267137631624
20241016,TSLA,19,0.8746555681189795
20241017,TSLA,25,-0.3607088288541714
20241018,TSLA,32,-0.17527397889306176
20241019,TSLA,5,-2.1459117293148657
20241020,TSLA,2,1.485148514851485
20241021,TSLA,32,0.4918193425306765
20241022,TSLA,27,-1.1831746618450292
20241023,TSLA,44,0.30474459167799045
20241024,TSLA,88,0.95191303288372
20241025,TSLA,63,0.9469716158000667
20241026,TSLA,4,-0.519318861600742
20241027,TSLA,15,-1.8930729005972664
20241028,TSLA,21,-0.25143510103953354
20241029,TSLA,15,0.29362459311427186
20241030,TSLA,17,0.04971553809257456
20241031,TSLA,15,0.2463861385286754
20241101,TSLA,9,-0.0002818789421170087
20241102,TSLA,5,2.7621420092815883
20241103,TSLA,6,0.6464311681679175
20241104,TSLA,15,0.22492757423348897
20241105,TSLA,8,0.5975971773276975
20241106,TSLA,92,0.6770968793179581
20241107,TSLA,38,0.8567258850024404
20241108,TSLA,40,0.7678722853552675
20241109,TSLA,19,0.21119305325130622
20241110,TSLA,8,-0.7655054866148611
20241111,TSLA,44,0.06299247731051302
20241112,TSLA,48,0.30092317847779015
20241113,TSLA,42,-0.01702659269549625
20241114,TSLA,26,-0.3508512941716555
20241115,TSLA,24,0.06567728517439861
20241116,TSLA,9,0.6464657107344594
20241117,TSLA,32,0.6639315035610547
20241118,TSLA,74,-0.10642853333348941
20241119,TSLA,24,0.8259077765719428
20241120,TSLA,18,0.44159195289894193
20241121,TSLA,23,-0.05099611818104685
20241122,TSLA,11,-0.16369571244749886
20241123,TSLA,14,1.3143913199997352
20241124,TSLA,11,1.2570781594969258
20241125,TSLA,21,0.09796003488965889
20241126,TSLA,38,-0.024584629613249205
20241127,TSLA,38,-0.607315241762715
20241128,TSLA,11,-2.5454510300041604
20241129,TSLA,8,0.2164183148199487
20241130,TSLA,10,-2.016695407921411
20241201,TSLA,8,1.9034509083371314
20241202,TSLA,23,-0.2875778818116841
20241203,TSLA,45,-0.38593417933836927
20241204,TSLA,17,0.6418478370812343
20241205,TSLA,15,0.019275731955376185
20241206,TSLA,18,2.1345063765509806
20241207,TSLA,6,0.38083317267719446
20241208,TSLA,6,0.2132522274734578
20241209,TSLA,14,1.8505231495263113
20241210,TSLA,13,0.0973613663084627
20241211,TSLA,26,1.2212819449796313
20241212,TSLA,39,1.5225428558547043
20241213,TSLA,29,0.40629825420413934
20241214,TSLA,7,2.2990428157915916
20241215,TSLA,5,-2.081610984278444
20241216,TSLA,14,0.9622733085182003
20241217,TSLA,23,0.31101141656463227
20241218,TSLA,44,-0.7226721616271635
20241219,TSLA,22,-0.5164851749208137
20241220,TSLA,18,0.15521007285516486
20241221,TSLA,11,0.11066526679796157
20241222,TSLA,9,-0.6717607912533355
20241223,TSLA,18,-0.4741718714857798
20241224,TSLA,12,1.02488835760737
20241225,TSLA,5,-0.05052174546442256
20241226,TSLA,10,1.1260222454998972
20241227,TSLA,12,0.30238186659629085
20241228,TSLA,13,0.3863616534044864
20241229,TSLA,119,0.4374122166742863
20241230,TSLA,15,0.1021046456147619
20241231,TSLA,25,0.5308492224363353
20240101,UNH,8,2.5056606194067292
20240102,UNH,17,-0.41544446776939314
20240103,UNH,97,-1.2830345753012928
20240104,UNH,16,1.5777581854707177
20240105,UNH,27,1.2820266500548902
20240106,UNH,24,1.6055972205297357
20240107,UNH,22,1.8766378417076597
20240108,UNH,70,-1.1574908210749062
20240109,UNH,108,-2.111165837839484
20240110,UNH,97,-0.08272115264152965
20240111,UNH,69,0.35568904306210103
20240112,UNH,138,1.15458063381506
20240113,UNH,36,0.2476202793193208
20240114,UNH,12,1.5157806807719352
20240115,UNH,75,-1.0884438394190874
20240116,UNH,50,1.2078131213724526
20240117,UNH,31,2.36933441100577
20240118,UNH,56,1.2686322807321277
20240119,UNH,30,2.117859794681264
20240120,UNH,13,2.4379785159772718
20240121,UNH,33,1.9339664455377665
20240122,UNH,32,2.6780508198469617
20240123,UNH,15,2.430286008926508
20240124,UNH,29,2.6242926280389085
20240125,UNH,82,1.0716375074545652
20240126,UNH,15,0.8454203458467511
20240127,UNH,9,0.8421271695698159
20240128,UNH,24,1.6991026043556257
20240129,UNH,35,2.0794391383122104
20240130,UNH,9,2.1759006966563073
20240131,UNH,34,3.1978005942712446
20240201,UNH,21,2.6220483327983466
20240202,UNH,17,2.3397248998446627
20240203,UNH,10,2.215369241879485
20240204,UNH,14,2.099468907455633
20240205,UNH,20,2.0171339004411664
20240206,UNH,29,2.166444902662321
20240207,UNH,22,2.9103975999789804
20240208,UNH,63,1.9073033198872844
20240209,UNH,12,1.3876565496334554
20240210,UNH,7,2.6678867508692816
20240211,UNH,11,2.535659857921351
20240212,UNH,27,2.233348627564899
20240213,UNH,51,-0.03850323899076191
20240214,UNH,32,1.0248299163909973
20240215,UNH,10,2.2491418504833507
20240216,UNH,13,1.7822871406466114
20240217,UNH,3,1.2173821035704022
20240218,UNH,12,2.454127339952614
20240219,UNH,6,2.517024795546343
20240220,UNH,9,2.08637624131795
20240221,UNH,75,-0.6076928724098243
20240222,UNH,53,-1.592830123057658
20240223,UNH,301,-3.1461235116066426
20240224,UNH,107,1.107032693519388
20240225,UNH,21,0.09306007267777378
20240226,UNH,55,-0.016198956050614916
20240227,UNH,84,0.32526547907437614
20240228,UNH,81,-0.04011397555243271
20240229,UNH,158,-1.8904566979693713
20240301,UNH,236,-1.9620430676784555
20240302,UNH,60,-1.0120507255678453
20240303,UNH,16,0.38429084912856126
20240304,UNH,47,-0.2944512375370022
20240305,UNH,90,-1.7012990546794131
20240306,UNH,110,-1.7072696956179736
20240307,UNH,59,-0.6327005505361102
20240308,UNH,109,-1.5063553076107556
20240309,UNH,87,-1.2416308194055683
20240310,UNH,104,-1.3689605716891902
20240311,UNH,70,0.1524336885554496
20240312,UNH,61,0.425467124969803
20240313,UNH,167,-0.07010694454593185
20240314,UNH,99,-0.5835831784879412
20240315,UNH,69,-0.3259658120119039
20240316,UNH,21,0.6870497970586179
20240317,UNH,23,0.770741122999385
20240318,UNH,86,1.0187893467929272
20240319,UNH,56,0.13258777336260266
20240320,UNH,96,0.8431834306584032
20240321,UNH,63,0.9300111776587416
20240322,UNH,45,0.7005788472661894
20240323,UNH,42,1.4736552707260353
20240324,UNH,14,0.990355596635675
20240325,UNH,48,1.0874981393400278
20240326,UNH,44,0.37241395992134163
20240327,UNH,81,1.945905323023882
20240328,UNH,93,0.7673514857929894
20240329,UNH,44,0.3883445236267013
20240330,UNH,17,1.3890210965080965
20240331,UNH,28,2.251542578013198
20240401,UNH,46,0.84657718265203
20240402,UNH,111,0.23594219614159964
20240403,UNH,66,0.7396772180681344
20240404,UNH,59,0.8529875645964681
20240405,UNH,58,2.2756761867127286
20240406,UNH,42,1.7674703624663375
20240407,UNH,38,1.8741673829311425
20240408,UNH,45,0.009093006056685116
20240409,UNH,28,-0.23910680651811975
20240410,UNH,44,-0.2604276132449207
20240411,UNH,52,0.44299845577983005
20240412,UNH,60,-0.2321326836843006
20240413,UNH,23,-0.03711535384577669
20240414,UNH,19,0.01797449097105297
20240415,UNH,34,0.04645634897856621
20240416,UNH,201,-0.02393791447480134
20240417,UNH,68,0.269919014154975
20240418,UNH,65,0.6374440861717432
20240419,UNH,52,0.8537356227879763
20240420,UNH,23,1.3337462927330623
20240421,UNH,19,1.1762524388631732
20240422,UNH,81,-0.2195844569156053
20240423,UNH,265,-0.8363659391309738
20240424,UNH,51,-0.3954278630035389
20240425,UNH,29,-0.6092539296050397
20240426,UNH,47,-1.186963450562792
20240427,UNH,25,0.9043694381862643
20240428,UNH,12,1.7868403774564827
20240429,UNH,43,-0.24088533676343216
20240430,UNH,90,-0.5666570075414507
20240501,UNH,146,-0.2847984690262101
20240502,UNH,133,-0.34082761135262213
20240503,UNH,44,-0.35911342444737315
20240504,UNH,10,0.23564331698826957
20240505,UNH,22,1.7675430733804898
20240506,UNH,53,1.0256533181042893
20240507,UNH,26,0.676183922079491
20240508,UNH,74,1.3052108171624401
20240509,UNH,53,-0.4031221235206316
20240510,UNH,91,-1.5152644351132505
20240511,UNH,53,-1.7877318017236956
20240512,UNH,19,0.9129011767429589
20240513,UNH,29,1.2635793167316853
20240514,UNH,27,0.6302359872459675
20240515,UNH,36,0.49315702272792267
20240516,UNH,37,-0.22883975028756015
20240517,UNH,50,-0.8959526651478246
20240518,UNH,19,0.8691302291276045
20240519,UNH,18,-0.07989558696518556
20240520,UNH,32,0.010378901033132278
20240521,UNH,26,-0.2578621801856166
20240522,UNH,47,0.1456328885544948
20240523,UNH,72,0.0981309016064893
20240524,UNH,34,-0.5380593604633388
20240525,UNH,19,0.7107046222456634
20240526,UNH,20,0.3595044912034021
20240527,UNH,13,2.219888500458186
20240528,UNH,31,0.9126736185811337
20240529,UNH,48,0.4284639937769827
20240530,UNH,61,-0.9073789262087415
20240531,UNH,49,-0.5913988828777054
20240601,UNH,18,1.1097417317308016
20240602,UNH,8,0.3232033985605002
20240603,UNH,29,-0.32252262175933455
20240604,UNH,48,0.5348846786740634
20240605,UNH,60,0.4785468341836886
20240606,UNH,36,-0.49378832504763015
20240607,UNH,56,0.701667102342957
20240608,UNH,17,1.0885926197511295
20240609,UNH,51,-0.6286025897998293
20240610,UNH,29,-1.3214166887649474
20240611,UNH,36,-0.02695351365989984
20240612,UNH,35,-0.33068556767600377
20240613,UNH,32,0.01833737247225195
20240614,UNH,27,1.5918041326827783
20240615,UNH,17,1.4342535459078338
20240616,UNH,4,-0.6022000990415699
20240617,UNH,21,0.3863667662754774
20240618,UNH,40,-0.7135005270730966
20240619,UNH,90,-0.9259666944878394
20240620,UNH,64,-1.4131280345280204
20240621,UNH,47,-0.9203860609505361
20240622,UNH,30,0.021310471791330637
20240623,UNH,16,0.8534375542131711
20240624,UNH,21,-1.212061150300396
20240625,UNH,44,-0.7708286625348414
20240626,UNH,86,-1.6172135722028707
20240627,UNH,40,-1.352016017467487
20240628,UNH,41,-0.7123337768481033
20240629,UNH,15,0.3345938841961672
20240630,UNH,28,0.6289522923569847
20240701,UNH,18,-0.13018368741483724
20240702,UNH,27,-0.14473926241273186
20240703,UNH,45,-0.18288869293195076
20240704,UNH,23,0.7997160950199849
20240705,UNH,30,1.1086512954958079
20240706,UNH,17,1.4775967454527563
20240707,UNH,9,0.29635648659325664
20240708,UNH,15,0.46539305420942906
20240709,UNH,45,-0.09496610854515491
20240710,UNH,49,-1.08823361455521
20240711,UNH,47,-0.6841732000942591
20240712,UNH,49,-1.5596112358450303
20240713,UNH,21,0.6461274040823908
20240714,UNH,9,0.2815740823022401
20240715,UNH,37,-1.1843828435840227
20240716,UNH,214,0.25266440949957664
20240717,UNH,75,0.4886879406858973
20240718,UNH,26,0.38021201699864177
20240719,UNH,24,0.8825652193364537
20240720,UNH,15,1.1958975860741063
20240721,UNH,11,1.2360308513910234
20240722,UNH,18,2.4200663071071364
20240723,UNH,23,-0.15892808841554978
20240724,UNH,27,-0.03939577526558605
20240725,UNH,33,-1.442046865677712
20240726,UNH,22,0.4927071375342545
20240727,UNH,6,1.1699560196396952
20240728,UNH,6,1.4308990621121476
20240729,UNH,10,0.8694753802103068
20240730,UNH,15,0.7743976598902911
20240731,UNH,13,1.9796412230005265
20240801,UNH,22,-0.35780966339147646
20240802,UNH,7,0.2847924804427654
20240803,UNH,5,7.70124963673351
20240804,UNH,6,2.353568066035186
20240805,UNH,13,1.5254131850813655
20240806,UNH,13,-0.4248156623555864
20240807,UNH,22,0.8812304127212476
20240808,UNH,14,3.000124813378542
20240809,UNH,13,1.4811410256559532
20240810,UNH,3,2.11870581250247
20240811,UNH,6,-1.0823573466791507
20240812,UNH,12,-0.2346287730234554
20240813,UNH,10,1.054248390392983
20240814,UNH,70,-1.1433376458749382
20240815,UNH,36,0.5941795997637862
20240816,UNH,18,1.772942348605188
20240817,UNH,20,1.7481247418368269
20240818,UNH,10,1.3539726382135269
20240819,UNH,31,1.284913817113189
20240820,UNH,27,1.2543883495848438
20240821,UNH,39,-0.3251019669037191
20240822,UNH,24,0.3086384329812796
20240823,UNH,10,1.4501447032430412
20240824,UNH,5,-2.367780510364148
20240825,UNH,30,-4.339187400184556
20240826,UNH,24,0.8914438985083186
20240827,UNH,21,-0.8458724017849557
20240828,UNH,20,-2.12500174003604
20240829,UNH,23,0.503785974161731
20240830,UNH,17,-0.2358612084724418
20240831,UNH,19,1.6147425926027092
20240901,UNH,16,1.4248666556632077
20240902,UNH,37,1.3258169590171147
20240903,UNH,24,0.5311246637810946
20240904,UNH,43,-0.006912954416259928
20240905,UNH,32,1.5724159497712522
20240906,UNH,27,1.5256421560193876
20240907,UNH,10,2.721739495591216
20240908,UNH,30,2.148754692854611
20240909,UNH,15,2.1395140409503846
20240910,UNH,37,0.8480572124826334
20240911,UNH,29,0.690354909369369
20240912,UNH,29,1.1731624325915404
20240913,UNH,20,1.802862197928549
20240914,UNH,13,2.103327608939997
20240915,UNH,7,1.9513849962664613
20240916,UNH,11,-0.5232206795223824
20240917,UNH,22,0.8424329392689067
20240918,UNH,24,0.5577052615839868
20240919,UNH,22,0.060973567434728926
20240920,UNH,44,-0.8888936309914094
20240921,UNH,19,0.6356480342785912
20240922,UNH,8,2.40182651283824
20240923,UNH,23,1.2817050162349573
20240924,UNH,19,0.36491704948532816
20240925,UNH,23,1.3133174016057676
20240926,UNH,16,-0.14435463227439493
20240927,UNH,16,1.0686091192353149
20240928,UNH,7,4.683871311340829
20240929,UNH,8,4.842037680675562
20240930,UNH,14,-0.5374642206069445
20241001,UNH,26,1.0846094023374266
20241002,UNH,20,1.2351828070308382
20241003,UNH,18,1.6208206654694635
20241004,UNH,22,0.5408428355713175
20241005,UNH,12,1.841096755655102
20241006,UNH,2,2.559523809523811
20241007,UNH,18,1.5509874404490944
20241008,UNH,36,-0.04995184482742481
20241009,UNH,25,-1.1506779139181227
20241010,UNH,19,1.917387986562701
20241011,UNH,23,1.3815027128705064
20241012,UNH,12,2.5440419425589935
20241013,UNH,19,2.5227957858792602
20241014,UNH,100,0.4298532833871014
20241015,UNH,146,0.23899526249777153
20241016,UNH,56,1.53598638375785
20241017,UNH,37,2.06999186009267
20241018,UNH,33,-0.2176470805532204
20241019,UNH,15,2.602120459000391
20241020,UNH,15,2.8705283526788556
20241021,UNH,18,2.0311945772026094
20241022,UNH,21,1.2952509274604451
20241023,UNH,21,2.2500738074927416
20241024,UNH,36,-0.4291110195616286
20241025,UNH,32,-1.362662989711041
20241026,UNH,18,1.3856234943093177
20241027,UNH,21,2.1590778724534125
20241028,UNH,14,1.336611438708017
20241029,UNH,13,0.8660285034499577
20241030,UNH,10,1.1830957359821783
20241031,UNH,22,1.2665186837640985
20241101,UNH,30,1.6607992906249187
20241102,UNH,19,1.7679794186244826
20241103,UNH,41,1.354173519478545
20241104,UNH,29,1.3221244227275568
20241105,UNH,16,1.705916982330841
20241106,UNH,34,1.483539600918172
20241107,UNH,18,1.1193913994293923
20241108,UNH,39,0.9999976262065788
20241109,UNH,17,2.0515011521037714
20241110,UNH,11,1.4939755284214482
20241111,UNH,13,2.666697059483891
20241112,UNH,102,1.1263551267167635
20241113,UNH,96,1.1672953774884662
20241114,UNH,21,1.5113911969729326
20241115,UNH,20,1.800645015501782
20241116,UNH,9,1.9209622936135131
20241117,UNH,18,1.7933789639140005
20241118,UNH,23,2.349349253254047
20241119,UNH,35,0.4594304523036
20241120,UNH,29,0.4676743856962979
20241121,UNH,27,0.9097212958535063
20241122,UNH,36,0.6902255699879092
20241123,UNH,9,0.5313976155124895
20241124,UNH,17,0.7850205660652964
20241125,UNH,34,0.43463895062703717
20241126,UNH,16,1.4747676191954913
20241127,UNH,11,1.046095862176627
20241128,UNH,8,1.7612865726043352
20241129,UNH,21,1.5273152380004398
20241130,UNH,5,2.2094399305155448
20241201,UNH,6,1.9145973814826478
20241202,UNH,11,1.7811404993315643
20241203,UNH,9,3.2962834776758823
20241204,UNH,1240,-2.893010296526806
20241205,UNH,1347,-3.7745577238475785
20241206,UNH,1088,-4.063621383949873
20241207,UNH,828,-3.4754658445828905
20241208,UNH,253,-2.3841690554212995
20241209,UNH,1018,-4.654672865599415
20241210,UNH,1390,-4.903203609519843
20241211,UNH,266,-3.889546990133118
20241212,UNH,253,-1.2483708394924589
20241213,UNH,625,-3.3442852613832623
20241214,UNH,261,-3.9217203988922797
20241215,UNH,164,-4.068476145765872
20241216,UNH,88,-3.060481944864814
20241217,UNH,308,-8.095121241660015
20241218,UNH,267,-7.229384446213625
20241219,UNH,353,-6.587905161318111
20241220,UNH,158,-5.181281071311616
20241221,UNH,56,-1.8864619121107313
20241222,UNH,13,-2.2314790571151626
20241223,UNH,533,-8.353394379459147
20241224,UNH,138,-5.71374017556714
20241225,UNH,10,-4.379904083371871
20241226,UNH,15,-1.604416896132
20241227,UNH,66,-2.1703946560065246
20241228,UNH,24,-1.9719551958465256
20241229,UNH,6,-2.9489381264768655
20241230,UNH,15,-1.2470037267948468
20241231,UNH,24,-1.5313678764394096
20240101,WMT,11,0.6409324944058418
20240102,WMT,17,1.016235831116869
20240103,WMT,7,0.2378823552133002
20240104,WMT,20,0.6345502455750155
20240105,WMT,34,0.7332385254643143
20240106,WMT,21,0.5960477769026267
20240107,WMT,13,1.143593665805633
20240108,WMT,29,-0.507308629571152
20240109,WMT,49,0.002211923775925717
20240110,WMT,23,1.5466451827066254
20240111,WMT,37,0.020061546102957517
20240112,WMT,12,0.7728677349842731
20240113,WMT,10,-0.7066736733896339
20240114,WMT,14,2.4055491028855407
20240115,WMT,13,1.580298907955584
20240116,WMT,26,1.8895608760886577
20240117,WMT,22,1.336576185057876
20240118,WMT,37,2.691198630206003
20240119,WMT,29,1.9504793852930629
20240120,WMT,15,1.8987846808972921
20240121,WMT,14,1.493124162786821
20240122,WMT,14,1.220502096103853
20240123,WMT,31,1.4512137839074684
20240124,WMT,21,1.481103292476505
20240125,WMT,14,-0.039073229615753324
20240126,WMT,5,0.5886546097940005
20240127,WMT,13,0.8428517196857154
20240128,WMT,25,1.272391480408304
20240129,WMT,29,1.432338529581816
20240130,WMT,30,1.1143720462465168
20240131,WMT,35,1.5265153030491767
20240201,WMT,10,0.915282689319252
20240202,WMT,11,0.8343147576664955
20240203,WMT,5,-0.2642804379056138
20240204,WMT,1,2.65486725663717
20240205,WMT,8,0.9116482121927365
20240206,WMT,17,0.7875421039637024
20240207,WMT,11,2.232532972304765
20240208,WMT,13,0.7018023188960953
20240209,WMT,12,-0.772041451338892
20240210,WMT,2,-0.7037833960910902
20240211,WMT,1,4.25339366515837
20240212,WMT,9,-0.4145527042259416
20240213,WMT,15,1.1408476761353032
20240214,WMT,15,-2.406122050653045
20240215,WMT,9,-0.3513242823342856
20240216,WMT,15,0.006453850707919581
20240217,WMT,10,-0.9181289061807298
20240218,WMT,2,-0.7171982119134652
20240219,WMT,11,1.855807390228063
20240220,WMT,69,0.8746603237800643
20240221,WMT,58,0.7449098275320118
20240222,WMT,23,1.0467527226905404
20240223,WMT,26,1.5757634925019852
20240224,WMT,20,1.6209886404314964
20240225,WMT,5,-0.18162976891671645
20240226,WMT,15,1.2999557338403196
20240227,WMT,29,1.1059384477327014
20240228,WMT,30,2.3440701840583134
20240229,WMT,86,-0.12385369298084477
20240301,WMT,11,2.3055001781007687
20240302,WMT,7,1.5046913998327403
20240303,WMT,1,-0.764655904842821
20240304,WMT,16,1.4773158752923616
20240305,WMT,15,1.1350531172963465
20240306,WMT,15,0.04375812955849304
20240307,WMT,6,-1.49225379695104
20240308,WMT,11,0.0738371462335477
20240309,WMT,5,0.7922393489855424
20240310,WMT,3,-0.30537648683088703
20240311,WMT,8,0.5922157717526371
20240312,WMT,15,-0.743509007353763
20240313,WMT,15,1.2816438842759283
20240314,WMT,25,0.6720463717312085
20240315,WMT,6,1.6443452169177433
20240316,WMT,3,1.4889984096775177
20240317,WMT,2,-1.1222492911058746
20240318,WMT,11,-0.48373413899599926
20240319,WMT,6,2.6341238546694203
20240320,WMT,6,1.3402922633393635
20240321,WMT,16,1.39024537504435
20240322,WMT,12,0.563358645407988
20240323,WMT,1,-0.398406374501992
20240324,WMT,1,-2.63852242744063
20240325,WMT,5,1.1339226047232656
20240326,WMT,9,-0.7515436118221206
20240327,WMT,19,0.978376396724047
20240328,WMT,17,0.40437178332071455
20240329,WMT,13,0.28718740401971843
20240330,WMT,6,3.6502282137039916
20240331,WMT,4,1.406403200615507
20240401,WMT,9,0.018909711270852947
20240402,WMT,12,1.0801834712104808
20240403,WMT,13,1.6931380112514087
20240404,WMT,8,1.5874651695955126
20240405,WMT,19,-0.0356216128167286
20240406,WMT,6,1.1754825025255724
20240407,WMT,1,-0.744416873449132
20240408,WMT,7,-0.10200814796041013
20240409,WMT,6,1.307508476367796
20240410,WMT,23,0.6307185456967821
20240411,WMT,7,-0.6112050337258019
20240412,WMT,10,0.8143159853990688
20240413,WMT,4,-0.45673050838481544
20240414,WMT,4,0.7287079089824754
20240415,WMT,8,-0.496618674574433
20240416,WMT,8,1.9347197759459271
20240417,WMT,12,1.8385958515795007
20240418,WMT,8,-1.2822318821552958
20240419,WMT,9,0.6069310725909667
20240420,WMT,2,0.0
20240422,WMT,10,1.4366979054573297
20240423,WMT,13,0.2720144369338645
20240424,WMT,9,0.5968993507252571
20240425,WMT,9,1.2922550430937734
20240426,WMT,16,2.0891658215197184
20240427,WMT,7,0.8134742532609526
20240428,WMT,1,1.26931567328918
20240429,WMT,6,-1.3449319285260888
20240430,WMT,50,1.1629472303738506
20240501,WMT,21,1.1559607519756832
20240502,WMT,32,0.942458885629482
20240503,WMT,12,0.43804968484458917
20240504,WMT,5,1.284447364323474
20240505,WMT,12,1.5867736812140012
20240506,WMT,12,1.0260583929842497
20240507,WMT,17,0.1961132240811081
20240508,WMT,11,1.2228326737712936
20240509,WMT,14,1.4875664988977435
20240510,WMT,10,0.5514989505437853
20240511,WMT,11,0.31379839632927375
20240512,WMT,11,0.37744783678306615
20240513,WMT,17,0.062412580596931805
20240514,WMT,29,0.6897191994407943
20240515,WMT,26,0.32088879506944995
20240516,WMT,113,0.7579953078134614
20240517,WMT,28,1.5303183005343972
20240518,WMT,16,0.9584473204773362
20240519,WMT,8,1.4351624430847258
20240520,WMT,21,1.4008823206266543
20240521,WMT,7,0.16282904087462152
20240522,WMT,28,1.07479746227055
20240523,WMT,24,2.343539237190928
20240524,WMT,30,2.849716538588265
20240525,WMT,11,1.1627180052351627
20240526,WMT,7,2.352520713117507
20240527,WMT,10,1.4599064714038705
20240528,WMT,22,0.7736441797813721
20240529,WMT,20,-0.5314614704059621
20240530,WMT,10,-2.041682737454194
20240531,WMT,18,1.2052790844325822
20240601,WMT,13,1.737704907603251
20240602,WMT,6,0.28431678000242566
20240603,WMT,14,1.3638861478455204
20240604,WMT,13,1.4378731887144196
20240605,WMT,23,1.1150529892221286
20240606,WMT,23,2.0437516920849848
20240607,WMT,23,1.8406830562436145
20240608,WMT,13,1.6832723545907888
20240609,WMT,13,1.9636118094672226
20240610,WMT,39,0.9305766456734572
20240611,WMT,33,-0.19029211472768892
20240612,WMT,20,-1.1745224816900879
20240613,WMT,23,1.0879116878295316
20240614,WMT,16,1.720671403377424
20240615,WMT,10,-0.0248872020638512
20240616,WMT,6,1.5632597228652254
20240617,WMT,12,1.3154318486578203
20240618,WMT,16,0.5167085703771377
20240619,WMT,19,1.4385512649817938
20240620,WMT,27,1.6856963313893643
20240621,WMT,23,1.078442138335022
20240622,WMT,12,0.5224300892889118
20240623,WMT,17,1.6532419738292412
20240624,WMT,28,1.496766118068155
20240625,WMT,28,1.6638848843481495
20240626,WMT,21,1.707218477770012
20240627,WMT,30,0.9980521053058539
20240628,WMT,21,1.99413378198249
20240629,WMT,38,1.3613012463516225
20240630,WMT,14,1.5523045559736453
20240701,WMT,9,1.822763116589126
20240702,WMT,9,1.7920441132957046
20240703,WMT,16,0.0552710728584018
20240704,WMT,5,-0.10600010271485205
20240705,WMT,25,-0.7860506484057261
20240706,WMT,19,1.417203405608902
20240707,WMT,5,0.15743769675910535
20240708,WMT,7,-0.0818690247142495
20240709,WMT,18,0.7460413251095878
20240710,WMT,16,1.5151052474612778
20240711,WMT,32,2.0235418447519806
20240712,WMT,26,1.6748744489776914
20240713,WMT,5,1.7154653457754718
20240714,WMT,4,1.866027739258195
20240715,WMT,9,1.6005876104090284
20240716,WMT,43,0.6567076267550163
20240717,WMT,30,1.3266820054871826
20240718,WMT,23,1.6392715520881824
20240719,WMT,17,1.1475923417312195
20240720,WMT,28,1.8432253363457123
20240721,WMT,14,1.626160777898552
20240722,WMT,17,1.3759508669319431
20240723,WMT,18,-0.23624318963712843
20240724,WMT,15,2.101050276591984
20240725,WMT,21,1.0994821302436029
20240726,WMT,29,1.9975814560866323
20240727,WMT,13,1.6607723982788523
20240728,WMT,7,1.2199679205902294
20240729,WMT,12,0.6702439604264713
20240730,WMT,6,1.5427667200895567
20240731,WMT,8,1.7638379984362862
20240801,WMT,13,0.885659462332306
20240802,WMT,5,1.47248597337036
20240803,WMT,7,1.3147321018277076
20240804,WMT,5,0.814322913437311
20240805,WMT,16,-0.3710105453486934
20240806,WMT,9,-1.2402766668426457
20240807,WMT,11,0.1656896914024556
20240808,WMT,16,0.6532011850778424
20240809,WMT,12,0.7533543336212711
20240810,WMT,4,1.2551194252237208
20240811,WMT,8,1.3203165826381882
20240812,WMT,10,0.4660777969137855
20240813,WMT,22,1.5082901709481142
20240814,WMT,22,1.9287936383178685
20240815,WMT,147,0.15396680629292248
20240816,WMT,50,0.9846569552872898
20240817,WMT,21,1.634304650324954
20240818,WMT,21,1.2523692040760879
20240819,WMT,25,1.1728139507565045
20240820,WMT,32,0.890314528021399
20240821,WMT,72,1.070061402232511
20240822,WMT,36,2.0935030141211084
20240823,WMT,20,0.7765892547820605
20240824,WMT,16,-0.817459776377977
20240825,WMT,3,0.8964440841106607
20240826,WMT,45,-0.03173932081099756
20240827,WMT,26,1.2685159475413195
20240828,WMT,27,0.4520079845469069
20240829,WMT,12,0.976098317393855
20240830,WMT,6,-0.26991001359279665
20240831,WMT,18,1.6641693340675747
20240901,WMT,11,1.5552372581020744
20240902,WMT,36,1.710855922352066
20240903,WMT,16,1.3546342217668543
20240904,WMT,28,1.2910775478144523
20240905,WMT,20,1.003628910399363
20240906,WMT,41,1.0494796381797786
20240907,WMT,28,1.2394949284947832
20240908,WMT,18,1.705187641252032
20240909,WMT,22,0.8421328493331657
20240910,WMT,55,-0.7652426242059844
20240911,WMT,28,1.517411774292711
20240912,WMT,18,1.4817118287639421
20240913,WMT,29,1.03529529952999
20240914,WMT,12,1.3129873591312473
20240915,WMT,13,1.4516991923489906
20240916,WMT,13,0.4910374133051627
20240917,WMT,37,1.1215561659404478
20240918,WMT,19,0.9560915300221923
20240919,WMT,27,2.400953468021261
20240920,WMT,8,1.0725078944045172
20240921,WMT,13,1.8990305683382767
20240922,WMT,8,1.5403402770141787
20240923,WMT,32,-2.2321441107429414
20240924,WMT,15,0.305432555809704
20240925,WMT,19,0.4019221645618871
20240926,WMT,9,0.789091098870281
20240927,WMT,12,1.6245885394480886
20240928,WMT,8,2.3840229788372285
20240929,WMT,4,0.9194739965739989
20240930,WMT,16,1.3258466008279333
20241001,WMT,16,1.0363313701270638
20241002,WMT,21,1.6353864156822788
20241003,WMT,21,-0.4764131667539483
20241004,WMT,23,1.4146758556593442
20241005,WMT,11,0.9148855043409172
20241006,WMT,6,0.2128095033364487
20241007,WMT,13,-0.020282449389114304
20241008,WMT,12,-1.1340423441688476
20241009,WMT,9,1.92870552579966
20241010,WMT,10,1.3840095006413422
20241011,WMT,18,1.8775151688916811
20241012,WMT,12,0.868305295029371
20241013,WMT,12,1.581928743930055
20241014,WMT,13,1.3615409741317654
20241015,WMT,16,1.2587487134896316
20241016,WMT,21,1.4228022970898746
20241017,WMT,24,2.268290658644926
20241018,WMT,17,1.6476452861872246
20241019,WMT,16,0.7408584056300591
20241020,WMT,15,1.8269456175907008
20241021,WMT,10,1.4597895375136511
20241022,WMT,24,0.7964879386339868
20241023,WMT,21,1.0720931427623117
20241024,WMT,16,0.957683572793193
20241025,WMT,13,1.41575018554983
20241026,WMT,6,1.2035095839160448
20241027,WMT,12,1.7338243229814434
20241028,WMT,15,1.9584551659975733
20241029,WMT,9,1.2351717805504532
20241030,WMT,13,2.2757708290988106
20241031,WMT,17,1.2709832947876483
20241101,WMT,11,0.8284948490356708
20241102,WMT,13,1.6658901513897593
20241103,WMT,4,2.1507110663593325
20241104,WMT,15,1.4790504938354225
20241105,WMT,8,1.7638074064482652
20241106,WMT,18,0.2397357395221688
20241107,WMT,13,1.5437599169932485
20241108,WMT,17,0.9438775145295866
20241109,WMT,9,1.4810142842159106
20241110,WMT,10,1.4282408543811451
20241111,WMT,13,1.7737232288120528
20241112,WMT,14,0.785459065782276
20241113,WMT,15,-0.35856660433762644
20241114,WMT,8,1.4027046107567451
20241115,WMT,17,1.9404797418141515
20241116,WMT,14,1.0222675871136522
20241117,WMT,12,0.5051157442048683
20241118,WMT,14,2.736327217530637
20241119,WMT,55,0.7666178175678526
20241120,WMT,29,1.7691180472383405
20241121,WMT,17,0.3135203216182922
20241122,WMT,16,1.5562067771812471
20241123,WMT,22,1.7061386718942029
20241124,WMT,9,1.4458529842095054
20241125,WMT,12,0.5052474659799118
20241126,WMT,32,1.1850214572627933
20241127,WMT,27,1.1242232250973667
20241128,WMT,12,0.8952163585466755
20241129,WMT,18,1.9329690541032531
20241130,WMT,12,0.24180316678156588
20241201,WMT,13,0.5976986819197265
20241202,WMT,19,1.253513994380946
20241203,WMT,19,0.4309322728541899
20241204,WMT,11,0.5745396908020656
20241205,WMT,18,-1.3144708308079476
20241206,WMT,23,-0.0223656816474046
20241207,WMT,9,0.3259250370232337
20241208,WMT,10,-0.5438664039744321
20241209,WMT,15,1.5951872681292814
20241210,WMT,14,-0.2238363217509977
20241211,WMT,11,0.18812474229438292
20241212,WMT,12,-0.23935035981826147
20241213,WMT,14,0.8238653631792846
20241214,WMT,3,0.9364365436329448
20241215,WMT,2,1.154160172196245
20241216,WMT,9,-0.49483855386641223
20241217,WMT,21,-0.2612323574744656
20241218,WMT,15,-0.12946327132403435
20241219,WMT,10,0.9075041274070936
20241220,WMT,6,1.006425428800295
20241221,WMT,5,-0.6691099456473542
20241222,WMT,6,0.5247009259087425
20241223,WMT,14,-0.2797772101715955
20241224,WMT,9,-1.7136285589793938
20241225,WMT,2,2.62639282442423
20241226,WMT,6,0.08895078131486744
20241227,WMT,6,1.1811399132425646
20241228,WMT,2,2.5974042065291503
20241229,WMT,1,2.60560600078958
20241230,WMT,6,-0.17450040776119846
20241231,WMT,9,-1.1968817828419778
20240101,XOM,38,-0.18180492441019894
20240102,XOM,134,0.13447194529870393
20240103,XOM,108,-0.4116233858285965
20240104,XOM,103,-0.2489561833259303
20240105,XOM,115,-1.1067406698547557
20240106,XOM,33,0.21663135991425098
20240107,XOM,18,-0.7083985518134468
20240108,XOM,106,-1.120353763574707
20240109,XOM,98,-0.7914436082656685
20240110,XOM,128,-1.7022895791266903
20240111,XOM,200,-1.4899498638508502
20240112,XOM,101,-0.8268708290489226
20240113,XOM,34,0.318944195580211
20240114,XOM,38,-0.1171615251278681
20240115,XOM,42,0.4543578762527185
20240116,XOM,77,-0.019505069690928106
20240117,XOM,93,-0.4281017465543159
20240118,XOM,65,-0.2734178312826261
20240119,XOM,99,0.15966518175588496
20240120,XOM,38,0.0009489918598274971
20240121,XOM,39,-0.006967839082214156
20240122,XOM,152,-1.4363901038181677
20240123,XOM,128,-0.21000812505178174
20240124,XOM,61,-0.3979779917565431
20240125,XOM,72,0.10331454574218835
20240126,XOM,147,-0.4141171185207422
20240127,XOM,56,0.43527122597208956
20240128,XOM,57,0.2300632728201598
20240129,XOM,150,-0.48905459113637406
20240130,XOM,110,-0.21308929292888582
20240131,XOM,66,0.408757049161385
20240201,XOM,118,0.6331133455078943
20240202,XOM,327,0.5453552305529978
20240203,XOM,131,-0.05277477603421569
20240204,XOM,61,0.4661897940936258
20240205,XOM,89,0.26496729361167054
20240206,XOM,132,0.7671450590335216
20240207,XOM,172,-0.6120965718263858
20240208,XOM,172,-1.0781166822172756
20240209,XOM,117,-0.4388243097906199
20240210,XOM,63,-0.6645316453611101
20240211,XOM,104,-1.5010705787631555
20240212,XOM,217,0.21977444449344058
20240213,XOM,128,-0.02806872820085779
20240214,XOM,142,-0.5673588588088199
20240215,XOM,106,-0.06356694180346857
20240216,XOM,107,-1.13590360073045
20240217,XOM,44,-1.1311870450963275
20240218,XOM,94,1.3304167095851085
20240219,XOM,113,0.34136698516634534
20240220,XOM,132,-0.636606186407176
20240221,XOM,212,-0.507541055949241
20240222,XOM,298,-0.2198368634689351
20240223,XOM,119,-0.4145011773527759
20240224,XOM,43,-0.2564443166564554
20240225,XOM,41,0.8637571025384335
20240226,XOM,91,-0.08720407806205904
20240227,XOM,173,-0.6026487673824305
20240228,XOM,227,-1.8457260456099247
20240229,XOM,192,-0.9816906207403286
20240301,XOM,104,0.3499499419311237
20240302,XOM,56,-0.21135898049705054
20240303,XOM,30,-0.9235511814315935
20240304,XOM,162,0.4242151164457172
20240305,XOM,83,0.30037274558901295
20240306,XOM,83,0.08007885791896296
20240307,XOM,116,0.7278149350529687
20240308,XOM,62,-0.19386512053301563
20240309,XOM,54,-0.749409705771907
20240310,XOM,35,-0.23425268641739427
20240311,XOM,93,-0.9859212274981909
20240312,XOM,96,-0.9349868660796202
20240313,XOM,135,0.3219817373420921
20240314,XOM,89,0.11893676593423398
20240315,XOM,66,-0.3032415405694271
20240316,XOM,51,-0.4373716583972269
20240317,XOM,50,-0.11442819249175262
20240318,XOM,117,0.3739402775015798
20240319,XOM,98,0.22584660132332757
20240320,XOM,138,-0.029042887116638556
20240321,XOM,66,0.0376024297968105
20240322,XOM,147,-2.0433637858539018
20240323,XOM,51,0.13557205543127404
20240324,XOM,46,1.0051493584669466
20240325,XOM,121,1.0425046783611427
20240326,XOM,175,-1.2058156868557472
20240327,XOM,88,0.2604483265089233
20240328,XOM,106,0.1845657238467669
20240329,XOM,57,-0.1655049400214377
20240330,XOM,26,0.4653290801985427
20240331,XOM,22,0.8074288115706028
20240401,XOM,60,0.17466620434704624
20240402,XOM,83,0.6580016619578052
20240403,XOM,125,0.18867935110006812
20240404,XOM,129,-0.5155077369745181
20240405,XOM,103,-0.39370918993409054
20240406,XOM,29,-1.0262624489365109
20240407,XOM,54,-0.9558344541071916
20240408,XOM,123,-0.39946004067591456
20240409,XOM,125,-0.36827814646775
20240410,XOM,62,0.45940703574478003
20240411,XOM,141,-0.6150498270986591
20240412,XOM,168,-0.38429407635949775
20240413,XOM,47,-0.36843674901334705
20240414,XOM,49,-1.9256595914849632
20240415,XOM,78,-0.4962771634150175
20240416,XOM,91,0.770830858925978
20240417,XOM,115,0.0028798119070112538
20240418,XOM,109,0.35248966459699327
20240419,XOM,100,0.29876628712855907
20240420,XOM,56,-1.3039281838847052
20240421,XOM,68,0.5365424647284407
20240422,XOM,124,-0.4521728039066224
20240423,XOM,167,-0.2694603246876281
20240424,XOM,78,0.5715284892634981
20240425,XOM,104,-0.05806627060139635
20240426,XOM,357,0.5803855641473067
20240427,XOM,107,0.4714190459505515
20240428,XOM,94,1.1328333582422312
20240429,XOM,130,0.6479562435075906
20240430,XOM,143,-0.4567541932184737
20240501,XOM,112,-0.16068060075166496
20240502,XOM,261,-0.6581200044474914
20240503,XOM,199,-0.21560577714152634
20240504,XOM,93,-0.45354737295722947
20240505,XOM,124,-0.011871431354213806
20240506,XOM,78,0.027284139013872777
20240507,XOM,120,0.2230174735224752
20240508,XOM,209,0.735530847240988
20240509,XOM,139,0.537460921575018
20240510,XOM,174,-0.5976542933213517
20240511,XOM,70,-1.397579118681792
20240512,XOM,61,0.26680951802376496
20240513,XOM,116,-0.35324442503677544
20240514,XOM,111,-0.1666729678189643
20240515,XOM,122,0.3361260147578206
20240516,XOM,123,-0.507671199297853
20240517,XOM,72,-0.053182712003784
20240518,XOM,32,0.6697500885821206
20240519,XOM,17,0.9168563590831448
20240520,XOM,90,-0.5120124260444714
20240521,XOM,108,-0.26115136102741465
20240522,XOM,152,-0.8703277777846916
20240523,XOM,149,-0.4370613165674756
20240524,XOM,121,-0.43757540441083265
20240525,XOM,39,0.42134926568762854
20240526,XOM,96,2.2816569018148147
20240527,XOM,62,0.39248556392262696
20240528,XOM,170,-0.029155381099561617
20240529,XOM,410,-0.07634412682394473
20240530,XOM,240,-1.0977756506451137
20240531,XOM,140,-0.20517456529213896
20240601,XOM,60,-0.2905899359471577
20240602,XOM,42,-0.4708238395152451
20240603,XOM,101,-0.9544678394191113
20240604,XOM,259,-1.3558274578580234
20240605,XOM,126,-0.46462873808647887
20240606,XOM,112,-0.8395961208201521
20240607,XOM,75,-0.27607368726486986
20240608,XOM,42,0.7604952310768622
20240609,XOM,53,0.25257573089009416
20240610,XOM,99,-1.6223972303374279
20240611,XOM,106,-0.9809781724905067
20240612,XOM,102,0.15489669771210213
20240613,XOM,109,0.8623451133459995
20240614,XOM,99,0.7332135990294464
20240615,XOM,57,0.08092613164063078
20240616,XOM,33,-0.3440862705706748
20240617,XOM,63,-0.18566704333650133
20240618,XOM,142,-0.5902760974720154
20240619,XOM,163,-0.012341855076504087
20240620,XOM,110,1.4999391883787336
20240621,XOM,102,0.24296724897628108
20240622,XOM,45,0.44241405220653585
20240623,XOM,35,0.0854192406678061
20240624,XOM,104,-0.1618595316782506
20240625,XOM,230,-0.22175384755079086
20240626,XOM,126,0.21700284621813182
20240627,XOM,129,-0.3912613608792757
20240628,XOM,81,-0.22527570092629012
20240629,XOM,56,0.36443092574574265
20240630,XOM,40,-0.4466828446018577
20240701,XOM,59,-0.17506415048277968
20240702,XOM,72,-0.8515105671970717
20240703,XOM,62,0.41989534061026024
20240704,XOM,69,-0.663484496820764
20240705,XOM,68,-0.9955837343495944
20240706,XOM,51,-0.5965158070048103
20240707,XOM,37,0.40995169586582597
20240708,XOM,82,0.3568610943017825
20240709,XOM,109,0.46891598244480875
20240710,XOM,98,1.1894588976383997
20240711,XOM,103,-0.6555238715445928
20240712,XOM,74,0.21762680635803625
20240713,XOM,46,0.16371464168627725
20240714,XOM,122,-0.8949591138803153
20240715,XOM,55,0.42781396128112714
20240716,XOM,85,0.3819618961537018
20240717,XOM,91,-0.7472627708794649
20240718,XOM,106,0.7607273049112222
20240719,XOM,87,0.36924711882225286
20240720,XOM,69,0.3548074311110918
20240721,XOM,55,0.8721093906424707
20240722,XOM,106,0.09798343348979324
20240723,XOM,86,-0.0745022061603196
20240724,XOM,98,0.612164274822404
20240725,XOM,94,-0.16845530568137917
20240726,XOM,99,-0.09348209498361734
20240727,XOM,29,0.23290403655205555
20240728,XOM,59,0.04472169875227987
20240729,XOM,149,-0.33833633014435843
20240730,XOM,188,-0.6320286807930524
20240731,XOM,70,0.4006117722768189
20240801,XOM,140,-0.9991674102993919
20240802,XOM,283,0.05200588677245087
20240803,XOM,41,-0.57032903823198
20240804,XOM,35,0.2327680404083467
20240805,XOM,116,0.32857171047579137
20240806,XOM,102,0.32940741611203483
20240807,XOM,67,-0.045847259185139023
20240808,XOM,64,-0.30697746548434723
20240809,XOM,73,-0.21044380144147823
20240810,XOM,33,0.7803230223941133
20240811,XOM,116,-0.05574982297403392
20240812,XOM,67,0.20809115458530425
20240813,XOM,80,0.753518150459259
20240814,XOM,252,0.6055141674516942
20240815,XOM,107,0.6375665167391513
20240816,XOM,58,0.24551309705794572
20240817,XOM,47,0.4717565157451248
20240818,XOM,44,0.8931939683865164
20240819,XOM,51,0.4534356924723411
20240820,XOM,108,0.5269206698533517
20240821,XOM,62,0.7407071312371358
20240822,XOM,63,0.38545810696153027
20240823,XOM,60,1.1659135340675155
20240824,XOM,39,0.7505625756350351
20240825,XOM,42,0.574735653298175
20240826,XOM,97,0.019546800492205366
20240827,XOM,134,-0.3123668478119534
20240828,XOM,74,0.777531936078862
20240829,XOM,104,0.7900566582031027
20240830,XOM,66,0.7354437593272226
20240831,XOM,32,0.5951332204459705
20240901,XOM,37,0.7646314946991891
20240902,XOM,51,1.0962932239289787
20240903,XOM,55,0.0787334130549101
20240904,XOM,120,0.7955124392736845
20240905,XOM,96,0.44322719570162517
20240906,XOM,57,0.4656279604294727
20240907,XOM,95,-0.08527156865520891
20240908,XOM,37,0.04001927042261785
20240909,XOM,99,-0.49639312368156585
20240910,XOM,148,-1.424011695863947
20240911,XOM,143,-0.10436000298636294
20240912,XOM,91,0.15535782121088001
20240913,XOM,94,0.30579569306258414
20240914,XOM,46,-0.9223460850480444
20240915,XOM,39,-1.7046887852500907
20240916,XOM,70,-0.9131680616604347
20240917,XOM,72,0.1464721668286412
20240918,XOM,67,0.5629189047549965
20240919,XOM,66,0.2129503613643618
20240920,XOM,100,2.5831622369208453
20240921,XOM,40,1.1390276100582546
20240922,XOM,37,1.3039439458967133
20240923,XOM,177,-2.9839455891710727
20240924,XOM,354,-2.867169025673675
20240925,XOM,210,-2.1623333957571975
20240926,XOM,183,0.4068803731663032
20240927,XOM,110,0.28342708585888016
20240928,XOM,48,-0.63625574783461
20240929,XOM,42,0.21165453762406164
20240930,XOM,109,-0.1673830209623114
20241001,XOM,203,-0.6693623524726319
20241002,XOM,230,-1.388096934396474
20241003,XOM,122,-0.018099847656716184
20241004,XOM,107,0.023054344695586232
20241005,XOM,46,0.5491493224244433
20241006,XOM,27,0.10046083899865671
20241007,XOM,85,-0.11346994635461041
20241008,XOM,81,-1.319118656981417
20241009,XOM,88,-0.9261952345927058
20241010,XOM,140,-0.2997581344214915
20241011,XOM,148,-0.1284569525226638
20241012,XOM,72,0.33845584036190646
20241013,XOM,36,0.18578402102728583
20241014,XOM,79,0.34612008464303556
20241015,XOM,103,0.23552404920763267
20241016,XOM,207,-0.725493967387251
20241017,XOM,120,-0.7758260777701774
20241018,XOM,59,0.12749510323186736
20241019,XOM,45,-0.3436404191019549
20241020,XOM,40,0.5532343188976792
20241021,XOM,87,0.2990444170915902
20241022,XOM,85,0.7010231698981397
20241023,XOM,80,-0.05354886063010672
20241024,XOM,84,-1.2846912232194496
20241025,XOM,84,-0.25485500484328705
20241026,XOM,27,0.2775821178414146
20241027,XOM,44,0.17868908874197673
20241028,XOM,159,-0.6809375440989626
20241029,XOM,123,-1.1681804322975722
20241030,XOM,53,0.38466327884466456
20241031,XOM,112,-0.04586534101988385
20241101,XOM,265,0.8207834102064581
20241102,XOM,57,0.8029102125694908
20241103,XOM,51,0.048325461384248
20241104,XOM,84,-0.3044042282748086
20241105,XOM,87,0.024839915223087178
20241106,XOM,69,-0.7658450626060445
20241107,XOM,86,-0.5229448501696328
20241108,XOM,78,-1.1334759989205323
20241109,XOM,45,0.20191300854960706
20241110,XOM,41,-0.430768320014723
20241111,XOM,59,0.756730458061817
20241112,XOM,128,0.8168347362760694
20241113,XOM,104,-0.11272295026290088
20241114,XOM,104,-0.033600136044558734
20241115,XOM,166,-0.43033642003928196
20241116,XOM,52,-0.2731133062581311
20241117,XOM,35,0.527824339538941
20241118,XOM,94,-0.9347294427807851
20241119,XOM,66,0.13366936050315367
20241120,XOM,108,-0.029068125352717487
20241121,XOM,90,-0.36401616068267634
20241122,XOM,111,-0.35052376598901325
20241123,XOM,46,-0.2512366025687566
20241124,XOM,28,1.5749472741580415
20241125,XOM,66,0.007910588276785773
20241126,XOM,109,0.41513611625761915
20241127,XOM,80,-0.9092760281927896
20241128,XOM,123,-0.7146296557748752
20241129,XOM,57,-0.09586237437871395
20241130,XOM,29,0.23223604547345716
20241201,XOM,21,-1.0418236147213564
20241202,XOM,40,0.3743654989876573
20241203,XOM,99,0.12247554893524475
20241204,XOM,131,-1.1624896052643168
20241205,XOM,63,0.9603294689930646
20241206,XOM,46,0.028759721375385877
20241207,XOM,41,-0.045554894267051865
20241208,XOM,21,-0.2344638461206185
20241209,XOM,66,-0.19211686220520818
20241210,XOM,58,0.5954568771017997
20241211,XOM,128,0.6503113249814757
20241212,XOM,110,-0.4374046882311666
20241213,XOM,86,1.0285147008346935
20241214,XOM,37,0.05886503893855531
20241215,XOM,27,-0.6337487128226577
20241216,XOM,84,1.877093521928456
20241217,XOM,74,0.39715810279958985
20241218,XOM,47,0.891995615258306
20241219,XOM,45,1.1641416175646118
20241220,XOM,56,0.07600467756780557
20241221,XOM,13,0.45875383514351575
20241222,XOM,32,-0.3859640721623077
20241223,XOM,27,1.3349114397759942
20241224,XOM,40,-0.33720505409283524
20241225,XOM,30,-0.3453860521836893
20241226,XOM,20,-0.09720178796773182
20241227,XOM,28,0.10070536078596515
20241228,XOM,57,-0.543798988174888
20241229,XOM,19,1.0965472708696902
20241230,XOM,39,-0.2956538167130355
20241231,XOM,122,-0.21044308905800782
