event_date,ticker,mention_count,avg_tone,rolling_mean,rolling_std,z_score
2024-01-01,AAPL,14.0,0.5108547666728374,,,
2024-01-02,AAPL,76.0,-1.014913639381377,,,
2024-01-03,AAPL,155.0,-1.309149161894532,,,
2024-01-04,AAPL,96.0,-1.8873284844662317,,,
2024-01-05,AAPL,88.0,-0.6716565665238071,,,
2024-01-06,AAPL,33.0,-0.6915272725175934,,,
2024-01-07,AAPL,22.0,-1.749436243164412,,,
2024-01-08,AAPL,88.0,0.1004265216503207,,,
2024-01-09,AAPL,70.0,-0.020906586585651,,,
2024-01-10,AAPL,70.0,-0.7417730061935242,71.2,41.33817175982078,-0.02902885998374896
2024-01-11,AAPL,74.0,-0.0094522229449877,71.45454545454545,39.22591907492707,0.06489215818225616
2024-01-12,AAPL,57.0,0.1428773408993859,70.25,37.63249321337274,-0.3520893480236276
2024-01-13,AAPL,32.0,-0.6097099325752096,67.3076923076923,37.55969607479231,-0.9400420130499563
2024-01-14,AAPL,26.0,-0.1919976296805303,64.35714285714286,37.73716214281893,-1.0164289172560874
2024-01-15,AAPL,46.0,-0.5644320212375262,63.13333333333333,36.672034239159615,-0.4672043340054965
2024-01-16,AAPL,110.0,-0.0133949001992673,66.0625,37.315713848190015,1.1774530209645493
2024-01-17,AAPL,157.0,0.6163228039593911,71.41176470588235,42.33063137895744,2.021898386723888
2024-01-18,AAPL,169.0,0.0737091851475888,76.83333333333333,47.06972300247168,1.9580881464253974
2024-01-19,AAPL,122.0,0.1982580599744091,79.21052631578948,46.90247440448273,0.912307383085974
2024-01-20,AAPL,24.0,0.6199802561023573,76.45,47.29134225872193,-1.109082497871514
2024-01-21,AAPL,30.0,0.1905745430749776,74.23809523809524,47.19523785500478,-0.9373423516585594
2024-01-22,AAPL,88.0,0.0965256003876062,74.86363636363636,46.15119608886535,0.28463755546160113
2024-01-23,AAPL,111.0,0.4519033276555583,76.43478260869566,45.71535060165689,0.7560965176115608
2024-01-24,AAPL,137.0,0.3746782530693814,78.95833333333333,46.38822861053425,1.2512154140217817
2024-01-25,AAPL,104.0,0.6714934350377235,79.96,45.686869010690586,0.5261905777429117
2024-01-26,AAPL,70.0,0.8027502803134405,79.57692307692308,44.80640407524181,-0.21374005065974258
2024-01-27,AAPL,44.0,0.0982563761026037,78.25925925925925,44.466575686422644,-0.7704496856437705
2024-01-28,AAPL,27.0,0.281242563929401,76.42857142857143,44.69769119186804,-1.1058417137564387
2024-01-29,AAPL,71.0,0.182336876974449,76.24137931034483,43.903835800867746,-0.11938317494894675
2024-01-30,AAPL,80.0,0.2696513957092623,76.36666666666666,43.14569010588014,0.0842108058630442
2024-01-31,AAPL,90.0,0.3673697807468988,78.9,41.5595542772554,0.26708659881068003
2024-02-01,AAPL,138.0,-1.485998579233742,80.96666666666667,42.92935924349991,1.3285391242350992
2024-02-02,AAPL,203.0,0.0484755731251498,82.56666666666666,46.5274730361153,2.5884348638459524
2024-02-03,AAPL,40.0,0.1790039416678188,80.7,47.0898993489013,-0.8643042470412419
2024-02-04,AAPL,20.0,0.5240636685154191,78.43333333333334,48.346224994971095,-1.2086431430667335
2024-02-05,AAPL,66.0,-0.0447470002211223,79.53333333333333,47.64721892476378,-0.28403196742086506
2024-02-06,AAPL,50.0,0.4283773029389058,80.46666666666667,46.74710637058713,-0.651733744226702
2024-02-07,AAPL,84.0,-0.2403862416214855,80.33333333333333,46.73058020650697,0.07846396621790946
2024-02-08,AAPL,106.0,0.27476867912349,81.53333333333333,46.91792785303917,0.5214779890387211
2024-02-09,AAPL,90.0,-0.5448140349974138,82.2,46.89048135154202,0.16634506141070973
2024-02-10,AAPL,29.0,0.0483417079060063,80.7,47.87134338245981,-1.0799780483900734
2024-02-11,AAPL,15.0,1.7932444995430066,79.3,49.18448732175062,-1.3073227658015032
2024-02-12,AAPL,59.0,1.381747869825501,80.2,48.5318238997308,-0.4368267725482618
2024-02-13,AAPL,69.0,0.5464127841932735,81.63333333333334,47.499897156573475,-0.2659654881291679
2024-02-14,AAPL,76.0,-1.300437650457039,82.63333333333334,47.037390360797254,-0.1410225627411042
2024-02-15,AAPL,73.0,0.399825094498077,81.4,46.77945319666862,-0.1795660151196083
2024-02-16,AAPL,78.0,0.569375760262664,78.76666666666667,44.54728857674987,-0.017210175774127912
2024-02-17,AAPL,24.0,-0.0133713182719617,73.93333333333334,42.22512190083327,-1.182550365410501
2024-02-18,AAPL,37.0,-1.4506568656261498,71.1,41.737562673580186,-0.8170098543292573
2024-02-19,AAPL,65.0,-0.1315008212157347,72.46666666666667,40.80291853433452,-0.18299344593165992
2024-02-20,AAPL,68.0,0.799272153913529,73.73333333333333,40.021488480938395,-0.14325637428662932
2024-02-21,AAPL,87.0,0.2721891795585006,73.7,40.00961091434458,0.33242012846547253
2024-02-22,AAPL,46.0,0.6293056842538696,71.53333333333333,39.67865171977054,-0.6435030482805172
2024-02-23,AAPL,63.0,0.2965798220218578,69.06666666666666,37.7203259331855,-0.16083282730410728
2024-02-24,AAPL,11.0,0.5858230641746901,65.96666666666667,38.562518279956166,-1.4253910044883393
2024-02-25,AAPL,36.0,1.1066979026375212,64.83333333333333,38.9376896869976,-0.7404993353512085
2024-02-26,AAPL,67.0,0.8507284349574826,65.6,38.73926992707475,0.03613903934264776
2024-02-27,AAPL,83.0,0.6072596129810999,67.46666666666667,38.160038073187586,0.40705759526606783
2024-02-28,AAPL,186.0,0.6170620464063523,71.3,43.87533279174309,2.614225185354843
2024-02-29,AAPL,98.0,0.3584825764353045,71.9,44.12079812952397,0.5915577484201234
2024-03-01,AAPL,78.0,0.9701401670039812,71.5,44.00528965069289,0.14770951518774184
2024-03-02,AAPL,31.0,0.6667285618049696,67.93333333333334,42.74780360022814,-0.8639820113035288
2024-03-03,AAPL,37.0,0.0094315226898353,62.4,34.635640404168896,-0.7333486461807343
2024-03-04,AAPL,179.0,-0.6429392637314153,67.03333333333333,40.36000353143531,2.7741986340377514
2024-03-05,AAPL,179.0,-0.7458079933662141,72.33333333333333,44.22538928569497,2.4118875693236417
2024-03-06,AAPL,102.0,-1.1566080272758357,73.53333333333333,44.53494043490155,0.6391984897403759
2024-03-07,AAPL,66.0,-0.848042974645744,74.06666666666666,44.33876900390457,-0.18193258062613996
2024-03-08,AAPL,84.0,-0.0142010820811588,74.06666666666666,44.33876900390457,0.22403268192805684
2024-03-09,AAPL,41.0,0.257820886822202,71.9,44.31264317130705,-0.6973179162557406
2024-03-10,AAPL,17.0,0.7318787170238834,69.46666666666667,45.27824577244446,-1.1587610290899777
2024-03-11,AAPL,78.0,0.4421421774282579,71.1,44.6475469457826,0.15454376493246016
2024-03-12,AAPL,86.0,1.0367838238192684,73.46666666666667,43.43662314090561,0.2885429949901033
2024-03-13,AAPL,63.0,1.1969290781227746,73.6,43.396805857351865,-0.24425760814846342
2024-03-14,AAPL,75.0,0.726051439090399,73.8,43.38870026106828,0.027656970427315065
2024-03-15,AAPL,64.0,-1.2980332922503022,73.4,43.4230194791847,-0.2164750427939724
2024-03-16,AAPL,35.0,-1.4228166689873407,72.13333333333334,43.98568210094117,-0.8442141069477422
2024-03-17,AAPL,32.0,0.0348071455722586,70.6,44.57198749175895,-0.8660147813048917
2024-03-18,AAPL,116.0,-0.179574639876691,73.66666666666667,44.41988785197018,0.9530265694143506
2024-03-19,AAPL,78.0,0.4780850422786175,75.03333333333333,43.88031003987325,0.06760815190163678
2024-03-20,AAPL,72.0,-0.3341822342876884,75.26666666666667,43.84371408044504,-0.07450706983155993
2024-03-21,AAPL,459.0,-1.7846839906132028,88.3,82.59754943346559,4.488026612685504
2024-03-22,AAPL,222.0,-1.4736040775368953,92.8,86.12637066623631,1.5001212636799244
2024-03-23,AAPL,65.0,0.4784714481513524,93.43333333333334,85.83973974529646,-0.331237413087466
2024-03-24,AAPL,54.0,0.938284434417294,93.13333333333334,85.96540335921563,-0.4552218893199456
2024-03-25,AAPL,138.0,0.0547430347863068,97.36666666666666,84.90176202766524,0.47859234440968335
2024-03-26,AAPL,134.0,0.7366134814943888,100.63333333333334,84.34268495694884,0.39560830537583735
2024-03-27,AAPL,134.0,0.5655803816711182,102.86666666666666,84.30843755922749,0.3692789741413708
2024-03-28,AAPL,112.0,0.8526880846507665,103.83333333333333,84.23902090882918,0.09694636260677046
2024-03-29,AAPL,77.0,0.902609952011361,100.2,82.91308286600388,-0.2798110888904421
2024-03-30,AAPL,16.0,-0.1137330245463138,97.46666666666667,84.32765870690649,-0.9660729103106772
2024-03-31,AAPL,18.0,0.4890458267634446,95.46666666666667,85.5085127173104,-0.9059526847668381
2024-04-01,AAPL,96.0,-0.207036706848593,97.63333333333334,84.63776092686196,-0.019297927017997943
2024-04-02,AAPL,48.0,0.027069500848955,98.0,84.38949109276906,-0.5924908344930672
2024-04-03,AAPL,71.0,-1.295719404828548,94.4,83.10881940004299,-0.2815585658528546
2024-04-04,AAPL,94.0,0.0140733184313676,91.56666666666666,81.55966013244253,0.029835010707277506
2024-04-05,AAPL,102.0,-1.0316961756402094,91.56666666666666,81.55966013244253,0.1279227171421623
2024-04-06,AAPL,21.0,-0.341494682840656,90.06666666666666,82.45497552304374,-0.8376288541540414
2024-04-07,AAPL,23.0,-0.6267185622554381,88.03333333333333,83.35693229071914,-0.7801790630504533
2024-04-08,AAPL,54.0,0.6263581949033691,88.46666666666667,83.13749862824186,-0.41457425632671513
2024-04-09,AAPL,60.0,-0.1278023607811018,89.9,82.22859222503047,-0.36362047787677454
2024-04-10,AAPL,106.0,-0.231392900496539,90.83333333333333,82.24776837275797,0.1844021663655273
2024-04-11,AAPL,178.0,-2.34740832937846,93.9,83.76253380220487,1.0040288441917482
2024-04-12,AAPL,389.0,-4.7894050332115,104.76666666666667,99.31756219782852,2.861863773570832
2024-04-13,AAPL,34.0,-2.0696434068753278,103.4,100.02089436885088,-0.6938550233721263
2024-04-14,AAPL,11.0,-2.3899951989688963,101.63333333333334,101.20190925462624,-0.8955694018113618
2024-04-15,AAPL,95.0,-0.8558402282078502,103.63333333333334,100.42958876173182,-0.08596404147203904
2024-04-16,AAPL,92.0,0.5784106539618442,105.63333333333334,99.54741837811326,-0.13695315815774883
2024-04-17,AAPL,113.0,-0.8093587103897382,105.53333333333333,99.53815187233947,0.07501311332606297
2024-04-18,AAPL,142.0,-1.2105501153506548,107.66666666666667,99.61350598544678,0.3446654446471277
2024-04-19,AAPL,90.0,0.1734206455975732,108.26666666666667,99.44533529856326,-0.1836855053263677
2024-04-20,AAPL,22.0,-0.7763598304487773,93.7,75.39649218950942,-0.9509726237632082
2024-04-21,AAPL,18.0,-0.0527599980597722,86.9,72.57260336119053,-0.949394079982054
2024-04-22,AAPL,75.0,-0.0884332360050677,87.23333333333333,72.49146600585586,-0.16875549643795487
2024-04-23,AAPL,77.0,0.4749014449258554,88.0,72.24909019830459,-0.15225105215592222
2024-04-24,AAPL,73.0,1.1586679237648323,85.83333333333333,71.67026187186428,-0.1790607847405024
2024-04-25,AAPL,52.0,-1.3523214083777415,83.1,71.33280427347039,-0.4359845419895611
2024-04-26,AAPL,73.0,0.8117219247729747,81.06666666666666,70.69845305498423,-0.11409962054463883
2024-04-27,AAPL,54.0,0.4041202961058122,79.13333333333334,70.61636683069874,-0.35591371322727466
2024-04-28,AAPL,31.0,-1.1767552954990974,77.6,71.16159367097603,-0.6548476164749845
2024-04-29,AAPL,103.0,0.1783848533481969,80.5,70.33258429627831,0.31990862023806793
2024-04-30,AAPL,115.0,-0.0650266926264255,83.73333333333333,69.58593463373592,0.4493245198363448
2024-05-01,AAPL,56.0,-0.4094233120938876,82.4,69.72586716365835,-0.378625624519445
2024-05-02,AAPL,172.0,-0.9645882217129714,86.53333333333333,71.27447351410346,1.1991202804150483
2024-05-03,AAPL,238.0,0.0569345449002128,92.1,76.35956232601573,1.9106971747308172
2024-05-04,AAPL,69.0,0.2441581107788455,91.26666666666667,76.47444167749805,-0.2911648150445856
2024-05-05,AAPL,35.0,0.4698839619604785,89.03333333333333,77.12572956490935,-0.7005876461480814
2024-05-06,AAPL,76.0,0.518078105669823,90.86666666666666,76.09963221322752,-0.19535793057463105
2024-05-07,AAPL,150.0,1.456777550489018,95.1,75.72561630992007,0.7249858459429679
2024-05-08,AAPL,170.0,-2.784193172598143,98.96666666666667,76.51210557062565,0.9283933934841846
2024-05-09,AAPL,107.0,-1.3545619308180863,100.53333333333333,76.16711813543598,0.08490102848801519
2024-05-10,AAPL,107.0,0.0905782325704715,100.56666666666666,76.16981180155986,0.08446040736051275
2024-05-11,AAPL,56.0,0.833596781006044,96.5,75.1429671841708,-0.53897259474379
2024-05-12,AAPL,41.0,0.62293028483105,84.9,51.606835954564865,-0.850662498252169
2024-05-13,AAPL,94.0,0.4175407384469096,86.9,50.721246313415804,0.13998078746188142
2024-05-14,AAPL,88.0,-0.4854687083059522,89.46666666666667,48.65411584342826,-0.030144760443011363
2024-05-15,AAPL,68.0,-3.0045300531839616,88.56666666666666,48.79774113860062,-0.4214675963842464
2024-05-16,AAPL,68.0,0.2500189343875086,87.76666666666667,48.93604787484565,-0.4039285460325705
2024-05-17,AAPL,42.0,0.7984721450119975,85.4,49.38839735305691,-0.8787489031027194
2024-05-18,AAPL,32.0,0.374047768491289,81.73333333333333,49.1240044793983,-1.0124038921580705
2024-05-19,AAPL,23.0,-0.436377879895608,79.5,50.24543211353498,-1.1244803283278
2024-05-20,AAPL,56.0,0.866561462239546,80.63333333333334,49.27787734270105,-0.49988625041662804
2024-05-21,AAPL,102.0,0.1377761852642584,83.43333333333334,47.96527719185979,0.3870855700968954
2024-05-22,AAPL,84.0,-1.5672076763214342,83.73333333333333,47.93884993753318,0.005562642137100625
2024-05-23,AAPL,84.0,-2.088245096878378,83.96666666666667,47.921979215742056,0.0006955750550966738
2024-05-24,AAPL,56.0,-2.2497063162005126,83.4,48.15606811764967,-0.5689833300563348
2024-05-25,AAPL,17.0,-0.4864456680475535,82.23333333333333,49.35213605643959,-1.3217935138355885
2024-05-26,AAPL,25.0,0.8658277390526179,80.63333333333334,50.42815533583103,-1.1032196788250124
2024-05-27,AAPL,35.0,0.8294575090955725,80.0,50.891365028683886,-0.884236451009649
2024-05-28,AAPL,70.0,0.7772311455102935,81.3,50.088301339079905,-0.2256015815649853
2024-05-29,AAPL,70.0,0.1036374081777713,80.2,49.95749917818067,-0.20417355087411848
2024-05-30,AAPL,77.0,0.5820035091584367,78.93333333333334,49.52459043214043,-0.039037845976382754
2024-05-31,AAPL,57.0,0.0810446702499749,78.96666666666667,49.50895657968552,-0.4436907619192285
2024-06-01,AAPL,15.0,0.1670508365928822,73.73333333333333,47.59667717562761,-1.2339796981333893
2024-06-02,AAPL,26.0,0.0432138440665182,66.66666666666667,36.90372687779996,-1.1019663895011744
2024-06-03,AAPL,156.0,0.7759357788678803,69.56666666666666,40.350775178071295,2.1420488937795104
2024-06-04,AAPL,67.0,1.0502687018042394,70.63333333333334,39.82503400291485,-0.09123239751828992
2024-06-05,AAPL,263.0,-1.811536647561558,76.86666666666666,53.111939909209966,3.5045478220436186
2024-06-06,AAPL,214.0,-0.6444000097897273,79.0,57.27309050986959,2.357127907681813
2024-06-07,AAPL,158.0,0.0233891880184129,78.6,56.6541838854301,1.401485195878349
2024-06-08,AAPL,30.0,0.2437550580338346,76.03333333333333,57.065892544969564,-0.8066698211555657
2024-06-09,AAPL,35.0,1.1303030116191364,73.63333333333334,57.23242590274008,-0.6750252627590213
2024-06-10,AAPL,151.0,1.1936553893761146,76.8,58.82903341390018,1.2612819843215026
2024-06-11,AAPL,194.0,0.1351505084161161,81.9,62.15628245218541,1.8035184148317507
2024-06-12,AAPL,134.0,0.5628176027368424,83.23333333333333,62.84994902109319,0.8077439593408225
2024-06-13,AAPL,132.0,0.6875717469336428,84.7,63.47530065390347,0.7451717362931662
2024-06-14,AAPL,77.0,0.4141142919396235,85.0,63.41489001695153,-0.12615333713992893
2024-06-15,AAPL,87.0,1.2321508587310477,85.63333333333334,63.334080455363264,0.02157869281184026
2024-06-16,AAPL,45.0,0.6406878232550905,85.73333333333333,63.265141752149184,-0.6438511351624305
2024-06-17,AAPL,85.0,0.6466832837823984,87.5,62.44763323418842,-0.040033542834595634
2024-06-18,AAPL,100.0,0.9039944832356106,90.06666666666666,61.27661045215978,0.162106442573036
2024-06-19,AAPL,100.0,0.7740336247280999,91.53333333333333,60.95885177064437,0.13889150501919256
2024-06-20,AAPL,65.0,0.8648318400103612,90.3,61.113884646221884,-0.4139812114130445
2024-06-21,AAPL,70.0,-0.2039726597635771,89.83333333333333,61.21701551452617,-0.323983996387852
2024-06-22,AAPL,43.0,0.2931114514783087,88.46666666666667,61.806557699912666,-0.7356285216112418
2024-06-23,AAPL,51.0,0.7759980440595937,88.3,61.90379075908694,-0.6025479141521666
2024-06-24,AAPL,240.0,-0.1366969366486355,95.73333333333333,66.28097627594168,2.1765923613746136
2024-06-25,AAPL,98.0,-0.4267561543922231,98.16666666666667,64.9206854731128,-0.0025672351647564964
2024-06-26,AAPL,100.0,-0.1273308700465373,100.33333333333333,63.815106488134475,-0.005223423601045111
2024-06-27,AAPL,45.0,0.3542351144097333,99.5,64.38555738673067,-0.846463123284726
2024-06-28,AAPL,55.0,0.8005131086899238,99.0,64.68011472917544,-0.6802709021812047
2024-06-29,AAPL,29.0,-0.6655741967958437,97.4,65.82662704093379,-1.0390931918396182
2024-06-30,AAPL,23.0,0.4389766819935955,96.26666666666667,66.83119926652736,-1.0962943575870039
2024-07-01,AAPL,57.0,0.3944828125943803,97.66666666666667,65.49668764108618,-0.6208965389137695
2024-07-02,AAPL,57.0,0.6275572033688147,98.7,64.56493657150719,-0.645861394966543
2024-07-03,AAPL,66.0,0.486129427524552,95.7,63.89816790854769,-0.46480205884004727
2024-07-04,AAPL,42.0,0.5936159531946841,94.86666666666666,64.44603908715396,-0.8203245291021242
2024-07-05,AAPL,45.0,-0.0156165097274198,87.6,56.65357522881399,-0.7519384227375936
2024-07-06,AAPL,21.0,0.6963403203356484,81.16666666666667,52.619704800894915,-1.1434246333066354
2024-07-07,AAPL,14.0,1.8184815288845573,76.36666666666666,51.93263762389412,-1.200914675629182
2024-07-08,AAPL,63.0,1.3740911315771824,77.46666666666667,51.26182510059184,-0.28221130711359793
2024-07-09,AAPL,58.0,0.966560960472697,78.23333333333333,50.77447317734347,-0.3984942052015585
2024-07-10,AAPL,76.0,0.2195731955308782,75.73333333333333,48.87911431370196,0.005455636224405007
2024-07-11,AAPL,88.0,0.7088891917962189,72.2,43.57902057736897,0.3625597774036505
2024-07-12,AAPL,62.0,-0.5894607342986664,69.8,42.01264177560734,-0.18565840352673796
2024-07-13,AAPL,19.0,0.5794342433628067,66.03333333333333,41.30332151069793,-1.1387300491354255
2024-07-14,AAPL,21.0,1.3599399855446932,64.16666666666667,42.04930056684546,-1.026572763036687
2024-07-15,AAPL,113.0,1.09889548932194,65.03333333333333,42.79742445790255,1.1207839554421977
2024-07-16,AAPL,51.0,0.4045388733136705,65.23333333333333,42.71451609298017,-0.33322005339708116
2024-07-17,AAPL,54.0,-0.2697344201756748,64.2,42.59464107462173,-0.2394667437655028
2024-07-18,AAPL,89.0,1.0332688721190064,63.833333333333336,42.32231280210866,0.5946429909050898
2024-07-19,AAPL,37.0,1.2432363743723165,61.733333333333334,42.02785064555464,-0.5884986491915551
2024-07-20,AAPL,23.0,0.642836858568115,60.333333333333336,42.610775173886836,-0.876147715712347
2024-07-21,AAPL,10.0,1.2762682760441195,58.333333333333336,43.539386317672545,-1.1101059849737693
2024-07-22,AAPL,32.0,1.0730959241802769,57.96666666666667,43.71891670845597,-0.5939457933010559
2024-07-23,AAPL,47.0,0.5946238404034525,57.833333333333336,43.74698675994386,-0.2476361033224963
2024-07-24,AAPL,93.0,0.9768047130687012,52.93333333333333,28.058969103059145,1.4279450723761045
2024-07-25,AAPL,70.0,0.132581713139346,52.0,26.9520647280211,0.6678523586835275
2024-07-26,AAPL,84.0,0.4870808663686811,51.46666666666667,26.114777601875016,1.2457825155285822
2024-07-27,AAPL,23.0,0.1952731955516223,50.733333333333334,26.606887017868136,-1.0423366444450537
2024-07-28,AAPL,24.0,0.9086116820864156,49.7,27.034014334435675,-0.9506542270070333
2024-07-29,AAPL,79.0,0.0541681288598103,51.36666666666667,27.254209840371068,1.013910639684027
2024-07-30,AAPL,80.0,0.6601225271862583,53.266666666666666,27.1952497542382,0.9830148123264476
2024-07-31,AAPL,63.0,0.6048758781625089,53.46666666666667,27.245668220500665,0.3499027168715243
2024-08-01,AAPL,55.0,-0.0708316702971448,53.4,27.239170578288434,0.058738939770630015
2024-08-02,AAPL,93.0,0.0883941175523492,54.3,28.102214908412673,1.3771156517778524
2024-08-03,AAPL,36.0,-0.1116665760808398,54.1,28.21389972922966,-0.6415277637514378
2024-08-04,AAPL,37.0,-0.2538189087711581,53.833333333333336,28.340398037422325,-0.5939695452091257
2024-08-05,AAPL,145.0,-1.6894807326525902,57.96666666666667,32.17032615715082,2.705391698802767
2024-08-06,AAPL,120.0,-1.0154177853950703,61.5,32.98562905475537,1.7734996019900475
2024-08-07,AAPL,69.0,0.4253736624588032,61.7,33.0132157445029,0.2211235662861936
2024-08-08,AAPL,64.0,-0.3770684988119451,61.9,33.008201697613515,0.0636205516204123
2024-08-09,AAPL,46.0,0.9945340174278808,60.9,33.02073538728707,-0.4512316223501332
2024-08-10,AAPL,29.0,0.1150190483330642,58.93333333333333,33.107904393563246,-0.9041144065630712
2024-08-11,AAPL,24.0,1.0076549479637489,57.666666666666664,33.70800921231425,-0.9987735097202808
2024-08-12,AAPL,43.0,1.5786016295540448,58.46666666666667,33.03679592601956,-0.4681648517399118
2024-08-13,AAPL,57.0,0.2554544298974397,59.666666666666664,32.27397086511497,-0.0826259240863687
2024-08-14,AAPL,68.0,0.0748516415125927,58.166666666666664,30.717941891067174,0.3201169325798121
2024-08-15,AAPL,69.0,0.865772350787989,58.766666666666666,30.74890896111343,0.33280313608118284
2024-08-16,AAPL,46.0,0.6446602146101866,58.5,30.826265110934965,-0.4054983617060339
2024-08-17,AAPL,18.0,0.2657556306480869,56.13333333333333,31.127915549178244,-1.2250525825633072
2024-08-18,AAPL,17.0,2.8820431014483185,55.46666666666667,31.759585393512417,-1.2111828977000536
2024-08-19,AAPL,41.0,0.6534102388286935,56.06666666666667,31.29165729219124,-0.48149148912053696
2024-08-20,AAPL,46.0,0.872299113780643,57.266666666666666,30.132962056506187,-0.3738984121620401
2024-08-21,AAPL,41.0,0.3356658540093702,57.56666666666667,29.91676191833187,-0.5537586825703633
2024-08-22,AAPL,44.0,0.6215069361446894,57.46666666666667,29.958285174133444,-0.44951393540689194
2024-08-23,AAPL,36.0,0.3925314807191332,55.56666666666667,29.429850355617067,-0.6648578375435782
2024-08-24,AAPL,41.0,0.3380151275326837,54.6,29.415688987692956,-0.4623383122418115
2024-08-25,AAPL,32.0,0.6614214576669725,52.86666666666667,29.1544440728235,-0.7157285048737273
2024-08-26,AAPL,86.0,1.2562556475191682,54.96666666666667,29.19787820979487,1.0628626200284215
2024-08-27,AAPL,105.0,1.2959339021264655,57.666666666666664,29.970483563957764,1.5793316525014625
2024-08-28,AAPL,153.0,0.1647737977386785,60.13333333333333,34.491111631972466,2.6924811139047606
2024-08-29,AAPL,96.0,0.8002841835399089,60.666666666666664,34.92981468635326,1.011552269904762
2024-08-30,AAPL,66.0,0.6433189668940125,60.766666666666666,34.94101762461519,0.1497762140060444
2024-08-31,AAPL,29.0,2.039305196773125,59.9,35.40830800620188,-0.8726765479612233
2024-09-01,AAPL,23.0,1.9202010316582896,57.56666666666667,35.45826427995479,-0.9748550124662432
2024-09-02,AAPL,42.0,-0.1384621927512505,57.766666666666666,35.34917775304092,-0.4460264048238105
2024-09-03,AAPL,51.0,0.5612982796128878,58.233333333333334,35.15746188843519,-0.2057410559467232
2024-09-04,AAPL,59.0,0.4974266062829401,55.36666666666667,31.112125736054796,0.11678190568389177
2024-09-05,AAPL,62.0,1.2287913627392928,53.43333333333333,28.662944158199853,0.2988760198318961
2024-09-06,AAPL,50.0,1.3886814862063357,52.8,28.516661796219964,-0.09818821080843172
2024-09-07,AAPL,44.0,0.8957958153800508,52.13333333333333,28.479555078534066,-0.2855849858224675
2024-09-08,AAPL,40.0,1.0853654499993848,51.93333333333333,28.545104457782923,-0.41805183620828074
2024-09-09,AAPL,199.0,1.106021650054842,57.6,38.84948852456981,3.639687557548501
2024-09-10,AAPL,310.0,0.1076853707750751,67.13333333333334,59.775288016631556,4.062994503666678
2024-09-11,AAPL,101.0,0.1507542943522755,69.06666666666666,59.90563460536292,0.5330605967819023
2024-09-12,AAPL,94.0,0.4633425291030921,70.3,60.02938935393969,0.39480661481099316
2024-09-13,AAPL,77.0,1.6921849782544487,70.6,60.039986675548086,0.10659562658774661
2024-09-14,AAPL,52.0,1.0983849696533736,70.03333333333333,60.13575638006302,-0.29987705183852936
2024-09-15,AAPL,22.0,1.1537226963964369,69.23333333333333,60.6241577735074,-0.7791173530162291
2024-09-16,AAPL,80.0,0.9302481301702564,71.3,59.86948448428284,0.1453161000957668
2024-09-17,AAPL,58.0,0.8312212356047138,72.66666666666667,59.04956032615852,-0.24837893094640784
2024-09-18,AAPL,55.0,0.7962767178073105,73.13333333333334,58.84563871182205,-0.3081508456749976
2024-09-19,AAPL,74.0,-0.3187887352681873,74.06666666666666,58.62207030152357,-0.0011372281177338467
2024-09-20,AAPL,84.0,1.0439893602556098,75.5,58.31055384452426,0.14577121017687272
2024-09-21,AAPL,34.0,1.569222973833791,75.16666666666667,58.52502166526323,-0.7034028436951543
2024-09-22,AAPL,22.0,0.6242729861562355,74.7,58.902695916289666,-0.8946958909129609
2024-09-23,AAPL,50.0,1.3584128243633078,75.0,58.7478539593369,-0.4255474594408858
2024-09-24,AAPL,47.0,1.1271637732223383,75.5,58.43224782777818,-0.4877443716353378
2024-09-25,AAPL,69.0,0.655985896391788,74.93333333333334,58.40933636596665,-0.10158193368535703
2024-09-26,AAPL,35.0,0.7241690418654132,72.6,58.564788762178694,-0.6420240010202544
2024-09-27,AAPL,47.0,1.0821374876775776,69.06666666666666,56.71521922688842,-0.3890783984875255
2024-09-28,AAPL,26.0,-0.9294186687741336,66.73333333333333,57.00812605919967,-0.7145180196071365
2024-09-29,AAPL,25.0,0.2969107270853984,65.36666666666666,57.51550515585623,-0.7018397309956779
2024-09-30,AAPL,50.0,0.482754352941113,66.06666666666666,57.184476633226986,-0.28096203047753593
2024-10-01,AAPL,66.0,-0.4724751803139875,67.5,56.603734493588675,-0.026500018301264208
2024-10-02,AAPL,53.0,-0.0939544441228401,67.86666666666666,56.46832089205245,-0.2632744595874648
2024-10-03,AAPL,55.0,0.1458451303202145,68.0,56.43183254279381,-0.2303664335221037
2024-10-04,AAPL,46.0,0.6758166953345459,67.56666666666666,56.55310798699305,-0.38135245673194296
2024-10-05,AAPL,44.0,-0.1887188305671177,66.96666666666667,56.709473351602234,-0.4049881846772217
2024-10-06,AAPL,12.0,0.2795688046836647,65.7,57.520101433894474,-0.9335866707696133
2024-10-07,AAPL,67.0,-0.2808767376955412,66.46666666666667,57.37398986164087,0.009295733739617569
2024-10-08,AAPL,56.0,-0.2282691384078187,67.0,57.19356124841199,-0.19232934197300786
2024-10-09,AAPL,52.0,0.0756269041722879,62.1,51.50918900278017,-0.19608151857049938
2024-10-10,AAPL,47.0,0.2368039901388375,53.333333333333336,21.50434331964561,-0.29451414717451174
2024-10-11,AAPL,46.0,0.4872523844231261,51.5,19.55672562678555,-0.28123317292272154
2024-10-12,AAPL,15.0,0.5112055884413638,48.86666666666667,18.94589999015019,-1.7875459431472591
2024-10-13,AAPL,12.0,-0.001960457037734,46.7,19.330429825572182,-1.795097176478479
2024-10-14,AAPL,29.0,0.8702741254115559,45.93333333333333,19.567625150308345,-0.8653749856336805
2024-10-15,AAPL,45.0,2.14135736084095,46.7,19.04106270578164,-0.08928073113712365
2024-10-16,AAPL,62.0,1.2037901887517393,46.1,18.221529516783868,0.8725941466853534
2024-10-17,AAPL,51.0,1.3761645494524242,45.86666666666667,18.108358392691265,0.2834786689115455
2024-10-18,AAPL,58.0,0.2680647790495273,45.96666666666667,18.16871758959795,0.6623105496572151
2024-10-19,AAPL,13.0,1.437106072550721,43.93333333333333,18.33582010302691,-1.6870438932931502
2024-10-20,AAPL,17.0,1.0666258302338123,41.7,17.3407035612743,-1.4243943397522043
2024-10-21,AAPL,45.0,1.0972076453672268,42.06666666666667,17.288491953405874,0.1696697052142513
2024-10-22,AAPL,50.0,1.9274939110580016,43.0,16.919688592552664,0.4137191983002043
2024-10-23,AAPL,65.0,1.349460851606767,43.5,17.349848454073065,1.239203907568002
2024-10-24,AAPL,50.0,1.1045840798237014,43.6,17.379337712074534,0.3682533883643627
2024-10-25,AAPL,70.0,1.549597256031367,43.63333333333333,17.43061779689981,1.5126639212613688
2024-10-26,AAPL,23.0,0.961551204208854,43.233333333333334,17.769953977650232,-1.1386260965437143
2024-10-27,AAPL,23.0,0.6662014384030963,42.43333333333333,18.131099845546782,-1.0718231932359246
2024-10-28,AAPL,110.0,1.0171042136769717,45.233333333333334,21.650329826799098,2.991486373870274
2024-10-29,AAPL,69.0,1.2722295905142242,46.7,21.722624468353146,1.0265794555574077
2024-10-30,AAPL,71.0,1.1471756211382953,47.4,22.166454929418066,1.0646718239405715
2024-10-31,AAPL,65.0,0.4106385435273283,47.36666666666667,22.138254196087054,0.7965096604794624
2024-11-01,AAPL,97.0,0.5372107128608478,48.833333333333336,23.910873782809837,2.0144251985176287
2024-11-02,AAPL,54.0,-0.1134724707959738,48.8,23.90267623163721,0.21754886145834013
2024-11-03,AAPL,37.0,0.5763933039088516,48.5,23.99533000541891,-0.47925992255171873
2024-11-04,AAPL,74.0,0.3593577734442703,49.5,24.422643535075622,1.00316740752545
2024-11-05,AAPL,62.0,0.1627989538581628,51.166666666666664,23.462491465040923,0.4617298784945745
2024-11-06,AAPL,48.0,1.463689268713863,50.53333333333333,23.276054490477332,-0.1088386064042669
2024-11-07,AAPL,42.0,0.6948105959438127,50.06666666666667,23.303001631924225,-0.34616427506127123
2024-11-08,AAPL,35.0,0.4948015973816798,49.5,23.460531786899665,-0.6180593062300823
2024-11-09,AAPL,19.0,0.2651813366934191,48.56666666666667,24.11135564965934,-1.226254844243252
2024-11-10,AAPL,23.0,1.1093166551695235,47.8,24.55732210493459,-1.0098820992789213
2024-11-11,AAPL,39.0,0.6891180985327534,48.6,23.83217182283426,-0.4028168339572803
2024-11-12,AAPL,43.0,0.2263628968039392,49.63333333333333,22.84201110376141,-0.29040058264576435
2024-11-13,AAPL,39.0,0.7125923175959181,49.96666666666667,22.60223262291187,-0.4852028049454621
2024-11-14,AAPL,48.0,-0.4014338872115393,50.06666666666667,22.586131437971513,-0.09150157796355583
2024-11-15,AAPL,42.0,1.3745841331765096,49.4,22.516813641181916,-0.3286433026414465
2024-11-16,AAPL,23.0,0.5299923053111029,48.46666666666667,23.02282725280793,-1.1061485362776495
2024-11-17,AAPL,15.0,0.9719836268463352,47.03333333333333,23.736314871482318,-1.3495495617906281
2024-11-18,AAPL,33.0,0.7431791136999486,47.7,23.017459639931026,-0.6386456294463628
2024-11-19,AAPL,56.0,0.1264064178455831,49.0,22.31436834155855,0.31369922253022575
2024-11-20,AAPL,41.0,0.4113409629073724,48.86666666666667,22.351013759826326,-0.35196017286724596
2024-11-21,AAPL,85.0,0.97136461439034,50.03333333333333,23.30529514100148,1.5003743336058035
2024-11-22,AAPL,49.0,0.789924766918693,49.5,23.133421113483948,-0.021613750838978214
2024-11-23,AAPL,17.0,1.7106865998544354,48.4,23.881315738026288,-1.3148354280162917
2024-11-24,AAPL,12.0,-0.79559871314389,46.46666666666667,24.414147019968468,-1.4117497792765887
2024-11-25,AAPL,64.0,1.0462715378405405,47.833333333333336,24.201857058033024,0.667992816745468
2024-11-26,AAPL,71.0,0.2077161496923803,49.43333333333333,24.089893908146188,0.8952578516493064
2024-11-27,AAPL,49.0,0.2035870607011325,47.4,21.202797473202608,0.07546174046241677
2024-11-28,AAPL,37.0,0.4747089622474914,46.333333333333336,20.88116348544158,-0.4469738163699819
2024-11-29,AAPL,41.0,-0.0648799373455206,45.333333333333336,20.3712666701685,-0.21271791310252838
2024-11-30,AAPL,22.0,0.9326243399111832,43.9,20.452383724152828,-1.0707798316016162
2024-12-01,AAPL,13.0,-1.0339501331274683,41.1,18.598016208632117,-1.5109138353668934
2024-12-02,AAPL,45.0,-0.1758938955366592,40.8,18.454790986213276,0.2275831789770813
2024-12-03,AAPL,82.0,-0.2279514392309713,42.3,19.906938662098273,1.9942795159954272
2024-12-04,AAPL,71.0,0.0694108543146298,42.2,19.749116086723674,1.458293114159209
2024-12-05,AAPL,40.0,-0.1125904874721984,41.46666666666667,19.393801593031633,-0.07562553734661569
2024-12-06,AAPL,38.0,0.7825057978965773,41.13333333333333,19.363551493379845,-0.16181604569825841
2024-12-07,AAPL,30.0,0.6077968511251022,40.733333333333334,19.468689864946292,-0.5513125643168667
2024-12-08,AAPL,12.0,0.202009810852125,39.96666666666667,20.143422531048664,-1.3883771054079521
2024-12-09,AAPL,51.0,1.032904248007724,41.03333333333333,19.8398472834313,0.5023560173767091
2024-12-10,AAPL,47.0,0.9378664167170968,41.833333333333336,19.56965161590281,0.26401423837653276
2024-12-11,AAPL,60.0,0.8839141444644729,42.53333333333333,19.838543698869266,0.8804409704560225
2024-12-12,AAPL,65.0,1.3611559877915025,43.266666666666666,20.258558571682496,1.0727976157056054
2024-12-13,AAPL,90.0,1.5449128512723882,44.96666666666667,21.956828068975867,2.050994487540013
2024-12-14,AAPL,32.0,0.2360523798103837,44.43333333333333,22.07461224454731,-0.5632413016180844
2024-12-15,AAPL,20.0,1.1069117095817047,43.7,22.519187221199612,-1.052435852466681
2024-12-16,AAPL,54.0,0.7816672209716785,44.733333333333334,22.246167176009898,0.41655115658124564
2024-12-17,AAPL,57.0,0.2246655579564558,46.13333333333333,21.623316491508557,0.5025439400535061
2024-12-18,AAPL,42.0,0.3357514699592778,46.43333333333333,21.496885633831123,-0.2062314238838527
2024-12-19,AAPL,85.0,0.1920479476248122,47.4,22.567294003062965,1.66612798126779
2024-12-20,AAPL,36.0,-0.3350327849120781,47.233333333333334,22.63455297781998,-0.49629137117667343
2024-12-21,AAPL,21.0,0.2306575661738555,45.1,21.95818910943043,-1.0975404155550206
2024-12-22,AAPL,24.0,1.1583586839567444,44.266666666666666,22.277146683716204,-0.9097514575994095
2024-12-23,AAPL,30.0,1.4400652264157026,44.7,21.850826544770495,-0.6727434300886032
2024-12-24,AAPL,55.0,2.592234353749934,46.13333333333333,21.026638823879505,0.42168730537174504
2024-12-25,AAPL,22.0,0.6308471584096307,44.733333333333334,21.193579595999015,-1.0726518958423144
2024-12-26,AAPL,22.0,1.4151845368678115,43.1,20.986613138724277,-1.0054028184789143
2024-12-27,AAPL,48.0,0.2779821285476424,43.06666666666667,20.977711214908158,0.23517023772485604
2024-12-28,AAPL,24.0,0.8794088801607187,42.63333333333333,21.239980734670805,-0.8772763763818983
2024-12-29,AAPL,13.0,-0.7850979884003263,41.7,21.91857974256147,-1.3093914084346614
2024-12-30,AAPL,28.0,0.3771807958502066,41.9,21.75942126512318,-0.6388037545042359
2024-12-31,AAPL,27.0,0.8547357887852426,42.36666666666667,21.262697355946308,-0.722705422055459
2024-01-01,AMZN,1.0,-0.389105058365759,,,
2024-01-02,AMZN,1.0,2.60869565217391,,,
2024-01-03,AMZN,1.0,0.671140939597315,,,
2024-01-04,AMZN,0.0,,,,
2024-01-05,AMZN,0.0,,,,
2024-01-06,AMZN,0.0,,,,
2024-01-07,AMZN,0.0,,,,
2024-01-08,AMZN,0.0,,,,
2024-01-09,AMZN,0.0,,,,
2024-01-10,AMZN,1.0,0.88008800880088,0.4,0.5163977794943222,1.161895003862225
2024-01-11,AMZN,0.0,,0.36363636363636365,0.504524979109513,-0.7207499701564473
2024-01-12,AMZN,0.0,,0.3333333333333333,0.4923659639173309,-0.67700320038633
2024-01-13,AMZN,0.0,,0.3076923076923077,0.48038446141526137,-0.6405126152203486
2024-01-14,AMZN,0.0,,0.2857142857142857,0.4688072309384954,-0.609449400220044
2024-01-15,AMZN,0.0,,0.26666666666666666,0.45773770821706344,-0.5825752650035353
2024-01-16,AMZN,0.0,,0.25,0.447213595499958,-0.5590169943749473
2024-01-17,AMZN,0.0,,0.23529411764705882,0.43723731609760313,-0.53813823519705
2024-01-18,AMZN,0.0,,0.2222222222222222,0.42779263194649864,-0.5194624816493196
2024-01-19,AMZN,0.0,,0.21052631578947367,0.41885390829169555,-0.5026246899500345
2024-01-20,AMZN,0.0,,0.2,0.41039134083406165,-0.4873397172404482
2024-01-21,AMZN,0.0,,0.19047619047619047,0.40237390808147827,-0.47338106833115084
2024-01-22,AMZN,1.0,3.13111545988258,0.22727272727272727,0.42893202722888857,1.8015145143613318
2024-01-23,AMZN,0.0,,0.21739130434782608,0.42174116783665,-0.5154614273559054
2024-01-24,AMZN,0.0,,0.20833333333333334,0.41485111699905347,-0.502188194262012
2024-01-25,AMZN,1.0,-2.3972602739726,0.24,0.4358898943540674,1.7435595774162693
2024-01-26,AMZN,1.0,-2.53623188405797,0.2692307692307692,0.45234432086120485,1.61551543164716
2024-01-27,AMZN,0.0,,0.25925925925925924,0.4465760847047225,-0.5805489101161391
2024-01-28,AMZN,0.0,,0.25,0.4409585518440985,-0.5669467095138407
2024-01-29,AMZN,0.0,,0.2413793103448276,0.43549417035569277,-0.554265307725427
2024-01-30,AMZN,1.0,0.888888888888889,0.26666666666666666,0.4497764451088037,1.630439613519413
2024-01-31,AMZN,0.0,,0.23333333333333334,0.4301830671520764,-0.5424047368439223
2024-02-01,AMZN,0.0,,0.2,0.4068381021724863,-0.4915960401250875
2024-02-02,AMZN,1.0,1.4367816091954,0.2,0.4068381021724863,1.96638416050035
2024-02-03,AMZN,0.0,,0.2,0.4068381021724863,-0.4915960401250875
2024-02-04,AMZN,0.0,,0.2,0.4068381021724863,-0.4915960401250875
2024-02-05,AMZN,2.0,-0.39266431210165,0.26666666666666666,0.5208304597621879,3.3280183615312677
2024-02-06,AMZN,0.0,,0.26666666666666666,0.5208304597621879,-0.5120028248509643
2024-02-07,AMZN,0.0,,0.26666666666666666,0.5208304597621879,-0.5120028248509643
2024-02-08,AMZN,0.0,,0.26666666666666666,0.5208304597621879,-0.5120028248509643
2024-02-09,AMZN,2.0,3.161739150416345,0.3,0.5959634332684376,2.8525240058382497
2024-02-10,AMZN,0.0,,0.3,0.5959634332684376,-0.5033865892655734
2024-02-11,AMZN,0.0,,0.3,0.5959634332684376,-0.5033865892655734
2024-02-12,AMZN,0.0,,0.3,0.5959634332684376,-0.5033865892655734
2024-02-13,AMZN,0.0,,0.3,0.5959634332684376,-0.5033865892655734
2024-02-14,AMZN,0.0,,0.3,0.5959634332684376,-0.5033865892655734
2024-02-15,AMZN,1.0,0.0,0.3333333333333333,0.6064784348631228,1.0992421631894098
2024-02-16,AMZN,0.0,,0.3333333333333333,0.6064784348631228,-0.5496210815947049
2024-02-17,AMZN,1.0,-1.4591439688716,0.36666666666666664,0.6149478998583782,1.0298975465713263
2024-02-18,AMZN,0.0,,0.36666666666666664,0.6149478998583782,-0.5962564743307678
2024-02-19,AMZN,0.0,,0.36666666666666664,0.6149478998583782,-0.5962564743307678
2024-02-20,AMZN,0.0,,0.36666666666666664,0.6149478998583782,-0.5962564743307678
2024-02-21,AMZN,2.0,0.7663628831814449,0.4,0.6746646676632054,2.3715485287555103
2024-02-22,AMZN,1.0,3.26797385620915,0.43333333333333335,0.6789105539243627,0.8346705812586305
2024-02-23,AMZN,0.0,,0.43333333333333335,0.6789105539243627,-0.6382775033154233
2024-02-24,AMZN,0.0,,0.4,0.6746646676632054,-0.5928871321888776
2024-02-25,AMZN,0.0,,0.36666666666666664,0.6686751354593718,-0.5483479902610271
2024-02-26,AMZN,1.0,3.6468330134357,0.4,0.6746646676632054,0.8893306982833162
2024-02-27,AMZN,2.0,3.53677888478226,0.4666666666666667,0.7302967433402214,2.099603137103137
2024-02-28,AMZN,1.0,3.09205903021785,0.5,0.7310832774866962,0.6839166144230384
2024-02-29,AMZN,1.0,0.0,0.5,0.7310832774866962,0.6839166144230384
2024-03-01,AMZN,0.0,,0.5,0.7310832774866962,-0.6839166144230384
2024-03-02,AMZN,0.0,,0.5,0.7310832774866962,-0.6839166144230384
2024-03-03,AMZN,0.0,,0.4666666666666667,0.7302967433402214,-0.6390096504226939
2024-03-04,AMZN,0.0,,0.4666666666666667,0.7302967433402214,-0.6390096504226939
2024-03-05,AMZN,2.0,-0.984363894811658,0.5333333333333333,0.7760791522613609,1.8898415997814821
2024-03-06,AMZN,0.0,,0.4666666666666667,0.7302967433402214,-0.6390096504226939
2024-03-07,AMZN,0.0,,0.4666666666666667,0.7302967433402214,-0.6390096504226939
2024-03-08,AMZN,0.0,,0.4666666666666667,0.7302967433402214,-0.6390096504226939
2024-03-09,AMZN,0.0,,0.4666666666666667,0.7302967433402214,-0.6390096504226939
2024-03-10,AMZN,0.0,,0.4,0.6746646676632054,-0.5928871321888776
2024-03-11,AMZN,1.0,0.255102040816326,0.43333333333333335,0.6789105539243627,0.8346705812586305
2024-03-12,AMZN,0.0,,0.43333333333333335,0.6789105539243627,-0.6382775033154233
2024-03-13,AMZN,0.0,,0.43333333333333335,0.6789105539243627,-0.6382775033154233
2024-03-14,AMZN,1.0,2.24787363304982,0.4666666666666667,0.6814453874610599,0.7826501479750787
2024-03-15,AMZN,1.0,0.36101083032491,0.5,0.682288239221013,0.73282810879294
2024-03-16,AMZN,0.0,,0.4666666666666667,0.6814453874610599,-0.6848188794781939
2024-03-17,AMZN,0.0,,0.4666666666666667,0.6814453874610599,-0.6848188794781939
2024-03-18,AMZN,0.0,,0.43333333333333335,0.6789105539243627,-0.6382775033154233
2024-03-19,AMZN,1.0,2.45644599303136,0.4666666666666667,0.6814453874610599,0.7826501479750787
2024-03-20,AMZN,1.0,0.900900900900901,0.5,0.682288239221013,0.73282810879294
2024-03-21,AMZN,4.0,-3.3093044096288726,0.6333333333333333,0.9278574999588487,3.6284307308137094
2024-03-22,AMZN,0.0,,0.5666666666666667,0.897634182970313,-0.6312890901631447
2024-03-23,AMZN,0.0,,0.5333333333333333,0.8995528902176071,-0.5928871321888776
2024-03-24,AMZN,0.0,,0.5333333333333333,0.8995528902176071,-0.5928871321888776
2024-03-25,AMZN,0.0,,0.5333333333333333,0.8995528902176071,-0.5928871321888776
2024-03-26,AMZN,1.0,7.04225352112676,0.5666666666666667,0.897634182970313,0.482750480712993
2024-03-27,AMZN,0.0,,0.5333333333333333,0.8995528902176071,-0.5928871321888776
2024-03-28,AMZN,2.0,-2.806023698248595,0.5333333333333333,0.8995528902176071,1.6304396135194137
2024-03-29,AMZN,11.0,1.28968253968254,0.8666666666666667,2.112905065565406,4.795924577246299
2024-03-30,AMZN,0.0,,0.8333333333333334,2.118609389936341,-0.39333977149906474
2024-03-31,AMZN,0.0,,0.8333333333333334,2.118609389936341,-0.39333977149906474
2024-04-01,AMZN,1.0,-1.06382978723404,0.8666666666666667,2.112905065565406,0.06310427075324077
2024-04-02,AMZN,0.0,,0.8666666666666667,2.112905065565406,-0.41017775989606503
2024-04-03,AMZN,1.0,2.6578073089701,0.9,2.1066397495734193,0.047468960946098794
2024-04-04,AMZN,0.0,,0.8333333333333334,2.102270256148114,-0.39639686234262234
2024-04-05,AMZN,1.0,-4.82654600301659,0.8666666666666667,2.096521475885848,0.0635974087873322
2024-04-06,AMZN,0.0,,0.8666666666666667,2.096521475885848,-0.4133831571176594
2024-04-07,AMZN,0.0,,0.8666666666666667,2.096521475885848,-0.4133831571176594
2024-04-08,AMZN,0.0,,0.8666666666666667,2.096521475885848,-0.4133831571176594
2024-04-09,AMZN,0.0,,0.8666666666666667,2.096521475885848,-0.4133831571176594
2024-04-10,AMZN,0.0,,0.8333333333333334,2.102270256148114,-0.39639686234262234
2024-04-11,AMZN,0.0,,0.8333333333333334,2.102270256148114,-0.39639686234262234
2024-04-12,AMZN,1.0,1.9774011299435,0.8666666666666667,2.096521475885848,0.0635974087873322
2024-04-13,AMZN,0.0,,0.8333333333333334,2.102270256148114,-0.39639686234262234
2024-04-14,AMZN,0.0,,0.8,2.1074580210160363,-0.3796042398103419
2024-04-15,AMZN,0.0,,0.8,2.1074580210160363,-0.3796042398103419
2024-04-16,AMZN,0.0,,0.8,2.1074580210160363,-0.3796042398103419
2024-04-17,AMZN,0.0,,0.8,2.1074580210160363,-0.3796042398103419
2024-04-18,AMZN,1.0,3.32326283987915,0.8,2.1074580210160363,0.09490105995258545
2024-04-19,AMZN,1.0,3.44827586206897,0.8,2.1074580210160363,0.09490105995258545
2024-04-20,AMZN,1.0,2.57826887661142,0.7,2.0197302653640627,0.14853468561848981
2024-04-21,AMZN,0.0,,0.7,2.0197302653640627,-0.3465809331098095
2024-04-22,AMZN,0.0,,0.7,2.0197302653640627,-0.3465809331098095
2024-04-23,AMZN,0.0,,0.7,2.0197302653640627,-0.3465809331098095
2024-04-24,AMZN,0.0,,0.7,2.0197302653640627,-0.3465809331098095
2024-04-25,AMZN,1.0,1.51515151515152,0.7,2.0197302653640627,0.14853468561848981
2024-04-26,AMZN,0.0,,0.7,2.0197302653640627,-0.3465809331098095
2024-04-27,AMZN,0.0,,0.6333333333333333,2.008316044185609,-0.3153554118969138
2024-04-28,AMZN,0.0,,0.26666666666666666,0.44977644510880405,-0.5928871321888769
2024-04-29,AMZN,0.0,,0.26666666666666666,0.44977644510880405,-0.5928871321888769
2024-04-30,AMZN,0.0,,0.26666666666666666,0.44977644510880405,-0.5928871321888769
2024-05-01,AMZN,4.0,-0.0365357889322949,0.36666666666666664,0.8087168778415271,4.49271362189291
2024-05-02,AMZN,0.0,,0.36666666666666664,0.8087168778415271,-0.45339311780570646
2024-05-03,AMZN,0.0,,0.3333333333333333,0.8022955570857542,-0.41547448491940814
2024-05-04,AMZN,0.0,,0.3333333333333333,0.8022955570857542,-0.41547448491940814
2024-05-05,AMZN,0.0,,0.3,0.7943767889097849,-0.37765453898989754
2024-05-06,AMZN,1.0,2.10084033613445,0.3333333333333333,0.8022955570857542,0.8309489698388164
2024-05-07,AMZN,5.0,1.593631833721936,0.5,1.1670771035014103,3.8557863799223804
2024-05-08,AMZN,1.0,1.79806362378976,0.5333333333333333,1.1665845619713493,0.40002815216247284
2024-05-09,AMZN,0.0,,0.5333333333333333,1.1665845619713493,-0.45717503104282614
2024-05-10,AMZN,0.0,,0.5333333333333333,1.1665845619713493,-0.45717503104282614
2024-05-11,AMZN,0.0,,0.5333333333333333,1.1665845619713493,-0.45717503104282614
2024-05-12,AMZN,0.0,,0.5,1.1670771035014103,-0.4284207088802645
2024-05-13,AMZN,0.0,,0.5,1.1670771035014103,-0.4284207088802645
2024-05-14,AMZN,1.0,-1.96850393700787,0.5333333333333333,1.1665845619713493,0.40002815216247284
2024-05-15,AMZN,0.0,,0.5333333333333333,1.1665845619713493,-0.45717503104282614
2024-05-16,AMZN,0.0,,0.5333333333333333,1.1665845619713493,-0.45717503104282614
2024-05-17,AMZN,0.0,,0.5333333333333333,1.1665845619713493,-0.45717503104282614
2024-05-18,AMZN,0.0,,0.5,1.1670771035014103,-0.4284207088802645
2024-05-19,AMZN,0.0,,0.4666666666666667,1.1665845619713493,-0.40002815216247284
2024-05-20,AMZN,0.0,,0.43333333333333335,1.1651056880677462,-0.37192620186413233
2024-05-21,AMZN,0.0,,0.43333333333333335,1.1651056880677462,-0.37192620186413233
2024-05-22,AMZN,3.0,1.60916524552888,0.5333333333333333,1.2521246311585852,1.9699849402245777
2024-05-23,AMZN,0.0,,0.5333333333333333,1.2521246311585852,-0.42594268977828703
2024-05-24,AMZN,1.0,1.57179269328802,0.5666666666666667,1.2507469032909713,0.3464596491849347
2024-05-25,AMZN,1.0,0.0,0.5666666666666667,1.2507469032909713,0.3464596491849347
2024-05-26,AMZN,0.0,,0.5666666666666667,1.2507469032909713,-0.45306261816491455
2024-05-27,AMZN,0.0,,0.5666666666666667,1.2507469032909713,-0.45306261816491455
2024-05-28,AMZN,0.0,,0.5666666666666667,1.2507469032909713,-0.45306261816491455
2024-05-29,AMZN,1.0,3.97857689364958,0.6,1.2484473115254693,0.3203979826038816
2024-05-30,AMZN,0.0,,0.6,1.2484473115254693,-0.4805969739058223
2024-05-31,AMZN,0.0,,0.4666666666666667,1.0742546199601597,-0.43440973675679767
2024-06-01,AMZN,0.0,,0.4666666666666667,1.0742546199601597,-0.43440973675679767
2024-06-02,AMZN,0.0,,0.4666666666666667,1.0742546199601597,-0.43440973675679767
2024-06-03,AMZN,0.0,,0.4666666666666667,1.0742546199601597,-0.43440973675679767
2024-06-04,AMZN,0.0,,0.4666666666666667,1.0742546199601597,-0.43440973675679767
2024-06-05,AMZN,1.0,2.89855072463768,0.4666666666666667,1.0742546199601597,0.4964682705791973
2024-06-06,AMZN,0.0,,0.3,0.6512587281829572,-0.46064641749526225
2024-06-07,AMZN,0.0,,0.26666666666666666,0.6396838299494921,-0.4168726082816913
2024-06-08,AMZN,0.0,,0.26666666666666666,0.6396838299494921,-0.4168726082816913
2024-06-09,AMZN,0.0,,0.26666666666666666,0.6396838299494921,-0.4168726082816913
2024-06-10,AMZN,0.0,,0.26666666666666666,0.6396838299494921,-0.4168726082816913
2024-06-11,AMZN,2.0,1.1932380181638331,0.3333333333333333,0.7111590022187596,2.34359216640273
2024-06-12,AMZN,1.0,3.45911949685535,0.36666666666666664,0.7183954022841381,0.8815943578141647
2024-06-13,AMZN,2.0,2.909609439630775,0.4,0.7701320979389589,2.077565659556261
2024-06-14,AMZN,0.0,,0.4,0.7701320979389589,-0.5193914148890653
2024-06-15,AMZN,0.0,,0.4,0.7701320979389589,-0.5193914148890653
2024-06-16,AMZN,0.0,,0.4,0.7701320979389589,-0.5193914148890653
2024-06-17,AMZN,0.0,,0.4,0.7701320979389589,-0.5193914148890653
2024-06-18,AMZN,0.0,,0.4,0.7701320979389589,-0.5193914148890653
2024-06-19,AMZN,1.0,2.59344012204424,0.43333333333333335,0.7738543627276672,0.7322652607000764
2024-06-20,AMZN,2.0,2.9432737335036183,0.5,0.8200084103858011,1.829249530860633
2024-06-21,AMZN,2.0,1.915748224344845,0.4666666666666667,0.7302967433402215,2.0996031371031365
2024-06-22,AMZN,0.0,,0.4666666666666667,0.7302967433402215,-0.6390096504226938
2024-06-23,AMZN,0.0,,0.43333333333333335,0.7279320417946064,-0.5952936654155456
2024-06-24,AMZN,0.0,,0.4,0.723973708800591,-0.5525062514530825
2024-06-25,AMZN,0.0,,0.4,0.723973708800591,-0.5525062514530825
2024-06-26,AMZN,12.0,-0.0337635861193805,0.8,2.234525329522103,5.012250186662837
2024-06-27,AMZN,3.0,-0.2165472154324126,0.9,2.2644174100409473,0.9273908558943759
2024-06-28,AMZN,1.0,0.944767441860465,0.9,2.2644174100409473,0.0441614693283036
2024-06-29,AMZN,1.0,3.01990391214825,0.9333333333333333,2.258063456750639,0.02952382337500834
2024-06-30,AMZN,0.0,,0.9333333333333333,2.258063456750639,-0.41333352725011685
2024-07-01,AMZN,0.0,,0.9333333333333333,2.258063456750639,-0.41333352725011685
2024-07-02,AMZN,0.0,,0.9333333333333333,2.258063456750639,-0.41333352725011685
2024-07-03,AMZN,0.0,,0.9333333333333333,2.258063456750639,-0.41333352725011685
2024-07-04,AMZN,1.0,1.71184022824536,0.9666666666666667,2.2511810437976827,0.014807042474514124
2024-07-05,AMZN,0.0,,0.9333333333333333,2.258063456750639,-0.41333352725011685
2024-07-06,AMZN,0.0,,0.9333333333333333,2.258063456750639,-0.41333352725011685
2024-07-07,AMZN,0.0,,0.9333333333333333,2.258063456750639,-0.41333352725011685
2024-07-08,AMZN,0.0,,0.9333333333333333,2.258063456750639,-0.41333352725011685
2024-07-09,AMZN,0.0,,0.9333333333333333,2.258063456750639,-0.41333352725011685
2024-07-10,AMZN,0.0,,0.9333333333333333,2.258063456750639,-0.41333352725011685
2024-07-11,AMZN,1.0,2.02205882352941,0.9,2.2491377658238663,0.044461482759980984
2024-07-12,AMZN,0.0,,0.8666666666666667,2.255007199825395,-0.38432988893949993
2024-07-13,AMZN,0.0,,0.8,2.2499042125204447,-0.3555706929868822
2024-07-14,AMZN,0.0,,0.8,2.2499042125204447,-0.3555706929868822
2024-07-15,AMZN,0.0,,0.8,2.2499042125204447,-0.3555706929868822
2024-07-16,AMZN,0.0,,0.8,2.2499042125204447,-0.3555706929868822
2024-07-17,AMZN,1.0,2.08333333333333,0.8333333333333334,2.2450456309521796,0.07423754081825908
2024-07-18,AMZN,1.0,3.38137472283814,0.8666666666666667,2.2396633572979194,0.059532756518459816
2024-07-19,AMZN,1.0,-0.31813361611877,0.8666666666666667,2.2396633572979194,0.059532756518459816
2024-07-20,AMZN,0.0,,0.8,2.234525329522103,-0.358017870475917
2024-07-21,AMZN,0.0,,0.7333333333333333,2.2273121784406165,-0.329245868824169
2024-07-22,AMZN,0.0,,0.7333333333333333,2.2273121784406165,-0.329245868824169
2024-07-23,AMZN,0.0,,0.7333333333333333,2.2273121784406165,-0.329245868824169
2024-07-24,AMZN,0.0,,0.7333333333333333,2.2273121784406165,-0.329245868824169
2024-07-25,AMZN,1.0,1.22448979591837,0.7666666666666667,2.2234383645425253,0.10494256870544817
2024-07-26,AMZN,0.0,,0.36666666666666664,0.6686751354593722,-0.5483479902610269
2024-07-27,AMZN,2.0,0.995899238429995,0.3333333333333333,0.5466722735905346,3.048749218101052
2024-07-28,AMZN,1.0,0.0,0.3333333333333333,0.5466722735905346,1.219499687240421
2024-07-29,AMZN,0.0,,0.3,0.5349830806219248,-0.5607653977603293
2024-07-30,AMZN,1.0,-5.70469798657718,0.3333333333333333,0.5466722735905346,1.219499687240421
2024-07-31,AMZN,1.0,-1.53172866520788,0.36666666666666664,0.5560534167675361,1.1389793034903783
2024-08-01,AMZN,0.0,,0.36666666666666664,0.5560534167675361,-0.659409070441798
2024-08-02,AMZN,0.0,,0.36666666666666664,0.5560534167675361,-0.659409070441798
2024-08-03,AMZN,0.0,,0.3333333333333333,0.5466722735905346,-0.6097498436202103
2024-08-04,AMZN,1.0,0.852618757612667,0.36666666666666664,0.5560534167675361,1.1389793034903783
2024-08-05,AMZN,1.0,-2.75229357798165,0.4,0.5632418479750465,1.0652617559528035
2024-08-06,AMZN,1.0,-2.81954887218045,0.43333333333333335,0.568320777155936,0.997089477358989
2024-08-07,AMZN,2.0,-1.67897949972682,0.5,0.629723529922403,2.38199770014126
2024-08-08,AMZN,0.0,,0.5,0.629723529922403,-0.7939992333804201
2024-08-09,AMZN,0.0,,0.5,0.629723529922403,-0.7939992333804201
2024-08-10,AMZN,0.0,,0.4666666666666667,0.6288102248298569,-0.7421423002352372
2024-08-11,AMZN,7.0,4.03757599090134,0.7,1.3429252681597994,4.691251366975054
2024-08-12,AMZN,0.0,,0.7,1.3429252681597994,-0.5212501518861171
2024-08-13,AMZN,2.0,0.17196760998414,0.7666666666666667,1.3565507307349296,0.9091686034219734
2024-08-14,AMZN,1.0,2.89143480632842,0.8,1.3493293353264109,0.14822178304721934
2024-08-15,AMZN,0.0,,0.8,1.3493293353264109,-0.5928871321888776
2024-08-16,AMZN,0.0,,0.7666666666666667,1.3565507307349296,-0.5651588615866321
2024-08-17,AMZN,0.0,,0.7333333333333333,1.3628907749221197,-0.5380719767328666
2024-08-18,AMZN,0.0,,0.7,1.368361718663398,-0.5115606425205704
2024-08-19,AMZN,0.0,,0.7,1.368361718663398,-0.5115606425205704
2024-08-20,AMZN,1.0,0.674157303370787,0.7333333333333333,1.3628907749221197,0.1956625369937697
2024-08-21,AMZN,0.0,,0.7333333333333333,1.3628907749221197,-0.5380719767328666
2024-08-22,AMZN,0.0,,0.7333333333333333,1.3628907749221197,-0.5380719767328666
2024-08-23,AMZN,2.0,0.8689973574704646,0.8,1.3746472901853017,0.8729511988767974
2024-08-24,AMZN,0.0,,0.7666666666666667,1.3817363722139078,-0.5548574113586252
2024-08-25,AMZN,0.0,,0.7666666666666667,1.3817363722139078,-0.5548574113586252
2024-08-26,AMZN,0.0,,0.7,1.3683617186633978,-0.5115606425205705
2024-08-27,AMZN,0.0,,0.6666666666666666,1.3729739514150907,-0.4855639584272881
2024-08-28,AMZN,0.0,,0.6666666666666666,1.3729739514150907,-0.4855639584272881
2024-08-29,AMZN,0.0,,0.6333333333333333,1.3767361035618173,-0.46002522320349376
2024-08-30,AMZN,2.0,-1.2131735968674264,0.6666666666666666,1.3978637231524922,0.9538364228569947
2024-08-31,AMZN,3.0,1.3660134160257402,0.7666666666666667,1.4546793303071948,1.5352753605577834
2024-09-01,AMZN,0.0,,0.7666666666666667,1.4546793303071948,-0.5270348252661048
2024-09-02,AMZN,0.0,,0.7666666666666667,1.4546793303071948,-0.5270348252661048
2024-09-03,AMZN,2.0,0.1221001221001252,0.8,1.4715696522350923,0.8154557945506562
2024-09-04,AMZN,0.0,,0.7666666666666667,1.4781939897267773,-0.5186509159114995
2024-09-05,AMZN,14.0,-0.7138652504078585,1.2,2.833299526505546,4.517700963225338
2024-09-06,AMZN,7.0,-1.814354430686561,1.3666666666666667,3.022710970171545,1.8636691992465393
2024-09-07,AMZN,0.0,,1.3666666666666667,3.022710970171545,-0.4521327643142492
2024-09-08,AMZN,0.0,,1.3666666666666667,3.022710970171545,-0.4521327643142492
2024-09-09,AMZN,0.0,,1.3666666666666667,3.022710970171545,-0.4521327643142492
2024-09-10,AMZN,1.0,-3.34507042253521,1.1666666666666667,2.829442900366922,-0.058904410703977596
2024-09-11,AMZN,1.0,3.73230373230373,1.2,2.8211027435481983,-0.07089426305277101
2024-09-12,AMZN,0.0,,1.1333333333333333,2.825174188506312,-0.40115520591405873
2024-09-13,AMZN,1.0,3.0441400304414,1.1333333333333333,2.825174188506312,-0.04719473010753631
2024-09-14,AMZN,2.0,3.148397356579195,1.2,2.8211027435481983,0.2835770522110841
2024-09-15,AMZN,0.0,,1.2,2.8211027435481983,-0.42536557831662614
2024-09-16,AMZN,1.0,0.0,1.2333333333333334,2.8123291774432895,-0.08296800218296585
2024-09-17,AMZN,2.0,0.4273121439065475,1.3,2.805782206997444,0.24948479545356161
2024-09-18,AMZN,0.0,,1.3,2.805782206997444,-0.4633289058423288
2024-09-19,AMZN,0.0,,1.2666666666666666,2.815392829004364,-0.44990761275562774
2024-09-20,AMZN,0.0,,1.2666666666666666,2.815392829004364,-0.44990761275562774
2024-09-21,AMZN,0.0,,1.2666666666666666,2.815392829004364,-0.44990761275562774
2024-09-22,AMZN,0.0,,1.2,2.8211027435481983,-0.42536557831662614
2024-09-23,AMZN,0.0,,1.2,2.8211027435481983,-0.42536557831662614
2024-09-24,AMZN,1.0,-3.6734693877551,1.2333333333333334,2.8123291774432895,-0.08296800218296585
2024-09-25,AMZN,0.0,,1.2333333333333334,2.8123291774432895,-0.43854515439567654
2024-09-26,AMZN,0.0,,1.2333333333333334,2.8123291774432895,-0.43854515439567654
2024-09-27,AMZN,0.0,,1.2333333333333334,2.8123291774432895,-0.43854515439567654
2024-09-28,AMZN,1.0,-2.46103363412633,1.2666666666666666,2.803118132431777,-0.09513215428966827
2024-09-29,AMZN,0.0,,1.2,2.8088529994312257,-0.4272206485148892
2024-09-30,AMZN,0.0,,1.1,2.795933006942467,-0.39342859691867976
2024-10-01,AMZN,1.0,5.35097813578826,1.1333333333333333,2.7883171705668923,-0.04781856767973972
2024-10-02,AMZN,1.0,2.77777777777778,1.1666666666666667,2.7802670838376775,-0.05994627913107264
2024-10-03,AMZN,0.0,,1.1,2.7835724998765463,-0.39517562414802776
2024-10-04,AMZN,0.0,,1.1,2.7835724998765463,-0.39517562414802776
2024-10-05,AMZN,0.0,,0.6333333333333333,1.351457280719297,-0.4686299318290321
2024-10-06,AMZN,0.0,,0.4,0.621455466265867,-0.6436503043467875
2024-10-07,AMZN,1.0,-2.52100840336134,0.43333333333333335,0.6260623155792941,0.9051282157788577
2024-10-08,AMZN,1.0,0.75187969924812,0.4666666666666667,0.6288102248298579,0.8481626288402697
2024-10-09,AMZN,0.0,,0.4666666666666667,0.6288102248298579,-0.742142300235236
2024-10-10,AMZN,0.0,,0.43333333333333335,0.6260623155792941,-0.6921568708897148
2024-10-11,AMZN,0.0,,0.4,0.621455466265867,-0.6436503043467875
2024-10-12,AMZN,0.0,,0.4,0.621455466265867,-0.6436503043467875
2024-10-13,AMZN,0.0,,0.36666666666666664,0.6149478998583798,-0.5962564743307662
2024-10-14,AMZN,0.0,,0.3,0.5349830806219261,-0.560765397760328
2024-10-15,AMZN,0.0,,0.3,0.5349830806219261,-0.560765397760328
2024-10-16,AMZN,1.0,2.01005025125628,0.3,0.5349830806219261,1.3084525947740986
2024-10-17,AMZN,2.0,2.664123675198245,0.3,0.5349830806219261,3.177670587308525
2024-10-18,AMZN,0.0,,0.3,0.5349830806219261,-0.560765397760328
2024-10-19,AMZN,1.0,0.647249190938512,0.3333333333333333,0.5466722735905359,1.2194996872404178
2024-10-20,AMZN,0.0,,0.3333333333333333,0.5466722735905359,-0.6097498436202089
2024-10-21,AMZN,0.0,,0.3333333333333333,0.5466722735905359,-0.6097498436202089
2024-10-22,AMZN,1.0,2.03045685279188,0.36666666666666664,0.5560534167675374,1.1389793034903757
2024-10-23,AMZN,0.0,,0.36666666666666664,0.5560534167675374,-0.6594090704417964
2024-10-24,AMZN,0.0,,0.3333333333333333,0.5466722735905359,-0.6097498436202089
2024-10-25,AMZN,0.0,,0.3333333333333333,0.5466722735905359,-0.6097498436202089
2024-10-26,AMZN,0.0,,0.3333333333333333,0.5466722735905359,-0.6097498436202089
2024-10-27,AMZN,0.0,,0.3333333333333333,0.5466722735905359,-0.6097498436202089
2024-10-28,AMZN,1.0,2.3972602739726,0.3333333333333333,0.5466722735905359,1.2194996872404178
2024-10-29,AMZN,1.0,-0.421940928270042,0.36666666666666664,0.5560534167675374,1.1389793034903757
2024-10-30,AMZN,0.0,,0.36666666666666664,0.5560534167675374,-0.6594090704417964
2024-10-31,AMZN,0.0,,0.3333333333333333,0.5466722735905359,-0.6097498436202089
2024-11-01,AMZN,0.0,,0.3,0.5349830806219261,-0.560765397760328
2024-11-02,AMZN,0.0,,0.3,0.5349830806219261,-0.560765397760328
2024-11-03,AMZN,0.0,,0.3,0.5349830806219261,-0.560765397760328
2024-11-04,AMZN,0.0,,0.3,0.5349830806219261,-0.560765397760328
2024-11-05,AMZN,1.0,3.184165232358,0.3333333333333333,0.5466722735905359,1.2194996872404178
2024-11-06,AMZN,2.0,0.0,0.36666666666666664,0.6149478998583798,2.6560515674734133
2024-11-07,AMZN,0.0,,0.3333333333333333,0.6064784348631244,-0.5496210815947035
2024-11-08,AMZN,1.0,3.52422907488987,0.36666666666666664,0.6149478998583798,1.0298975465713234
2024-11-09,AMZN,0.0,,0.36666666666666664,0.6149478998583798,-0.5962564743307662
2024-11-10,AMZN,0.0,,0.36666666666666664,0.6149478998583798,-0.5962564743307662
2024-11-11,AMZN,0.0,,0.36666666666666664,0.6149478998583798,-0.5962564743307662
2024-11-12,AMZN,0.0,,0.36666666666666664,0.6149478998583798,-0.5962564743307662
2024-11-13,AMZN,0.0,,0.36666666666666664,0.6149478998583798,-0.5962564743307662
2024-11-14,AMZN,1.0,1.62368672397326,0.4,0.621455466265867,0.9654754565201812
2024-11-15,AMZN,0.0,,0.36666666666666664,0.6149478998583798,-0.5962564743307662
2024-11-16,AMZN,0.0,,0.3,0.5349830806219261,-0.560765397760328
2024-11-17,AMZN,0.0,,0.3,0.5349830806219261,-0.560765397760328
2024-11-18,AMZN,0.0,,0.26666666666666666,0.52083045976219,-0.5120028248509622
2024-11-19,AMZN,0.0,,0.26666666666666666,0.52083045976219,-0.5120028248509622
2024-11-20,AMZN,0.0,,0.26666666666666666,0.52083045976219,-0.5120028248509622
2024-11-21,AMZN,0.0,,0.23333333333333334,0.5040069329937332,-0.4629565945598502
2024-11-22,AMZN,2.0,2.136770819257765,0.3,0.5959634332684394,2.8525240058382413
2024-11-23,AMZN,0.0,,0.3,0.5959634332684394,-0.503386589265572
2024-11-24,AMZN,0.0,,0.3,0.5959634332684394,-0.503386589265572
2024-11-25,AMZN,0.0,,0.3,0.5959634332684394,-0.503386589265572
2024-11-26,AMZN,1.0,1.76470588235294,0.3333333333333333,0.6064784348631245,1.099242163189407
2024-11-27,AMZN,1.0,0.269541778975741,0.3333333333333333,0.6064784348631245,1.099242163189407
2024-11-28,AMZN,1.0,2.02702702702703,0.3333333333333333,0.6064784348631245,1.099242163189407
2024-11-29,AMZN,0.0,,0.3333333333333333,0.6064784348631245,-0.5496210815947034
2024-11-30,AMZN,0.0,,0.3333333333333333,0.6064784348631245,-0.5496210815947034
2024-12-01,AMZN,1.0,1.41342756183746,0.36666666666666664,0.6149478998583798,1.0298975465713234
2024-12-02,AMZN,1.0,1.41342756183746,0.4,0.621455466265867,0.9654754565201812
2024-12-03,AMZN,0.0,,0.4,0.621455466265867,-0.6436503043467875
2024-12-04,AMZN,0.0,,0.4,0.621455466265867,-0.6436503043467875
2024-12-05,AMZN,1.0,-7.28900255754476,0.4,0.621455466265867,0.9654754565201812
2024-12-06,AMZN,0.0,,0.3333333333333333,0.546672273590536,-0.6097498436202087
2024-12-07,AMZN,0.0,,0.3333333333333333,0.546672273590536,-0.6097498436202087
2024-12-08,AMZN,1.0,2.99003322259136,0.3333333333333333,0.546672273590536,1.2194996872404176
2024-12-09,AMZN,1.0,1.86150409530901,0.36666666666666664,0.5560534167675375,1.1389793034903755
2024-12-10,AMZN,1.0,5.91966173361522,0.4,0.5632418479750478,1.0652617559528008
2024-12-11,AMZN,0.0,,0.4,0.5632418479750478,-0.710174503968534
2024-12-12,AMZN,0.0,,0.4,0.5632418479750478,-0.710174503968534
2024-12-13,AMZN,1.0,-2.22652468538238,0.43333333333333335,0.5683207771559372,0.9970894773589868
2024-12-14,AMZN,0.0,,0.4,0.5632418479750478,-0.710174503968534
2024-12-15,AMZN,0.0,,0.4,0.5632418479750478,-0.710174503968534
2024-12-16,AMZN,1.0,1.8705035971223,0.43333333333333335,0.5683207771559372,0.9970894773589868
2024-12-17,AMZN,1.0,-2.29357798165138,0.4666666666666667,0.5713464637233675,0.9334674618578908
2024-12-18,AMZN,0.0,,0.4666666666666667,0.5713464637233675,-0.8167840291256544
2024-12-19,AMZN,0.0,,0.4666666666666667,0.5713464637233675,-0.8167840291256544
2024-12-20,AMZN,0.0,,0.4666666666666667,0.5713464637233675,-0.8167840291256544
2024-12-21,AMZN,0.0,,0.4666666666666667,0.5713464637233675,-0.8167840291256544
2024-12-22,AMZN,0.0,,0.4,0.4982728791224419,-0.802772971919483
2024-12-23,AMZN,1.0,1.96078431372549,0.43333333333333335,0.5040069329937329,1.1243231582167796
2024-12-24,AMZN,0.0,,0.43333333333333335,0.5040069329937329,-0.8597765327540081
2024-12-25,AMZN,0.0,,0.43333333333333335,0.5040069329937329,-0.8597765327540081
2024-12-26,AMZN,0.0,,0.4,0.4982728791224419,-0.802772971919483
2024-12-27,AMZN,0.0,,0.36666666666666664,0.4901325178535632,-0.748097000934379
2024-12-28,AMZN,0.0,,0.3333333333333333,0.4794633014853865,-0.6952217871538036
2024-12-29,AMZN,0.0,,0.3333333333333333,0.4794633014853865,-0.6952217871538036
2024-12-30,AMZN,1.0,1.85694635488308,0.36666666666666664,0.4901325178535632,1.292167547068473
2024-01-01,BA,1.0,4.69208211143695,,,
2024-01-02,BA,0.0,,,,
2024-01-03,BA,3.0,0.9867839359672366,,,
2024-01-04,BA,3.0,4.278331084979256,,,
2024-01-05,BA,2.0,2.111954459203034,,,
2024-01-06,BA,4.0,0.3449746600431523,,,
2024-01-07,BA,2.0,2.190930787589499,,,
2024-01-08,BA,4.0,-0.9856722736494116,,,
2024-01-09,BA,80.0,0.2476995378999677,,,
2024-01-10,BA,1.0,-1.13821138211382,10.0,24.63060426921489,-0.36539907432351754
2024-01-11,BA,2.0,-0.3072845432522552,9.272727272727273,23.4908105823997,-0.3095988215143289
2024-01-12,BA,1.0,-9.35412026726058,8.583333333333334,22.524565714038985,-0.3366694581199777
2024-01-13,BA,1.0,1.89274447949527,8.0,21.667948680020448,-0.3230578077958321
2024-01-14,BA,0.0,,7.428571428571429,20.927399359596592,-0.3549686848769835
2024-01-15,BA,70.0,-1.283590021736037,11.6,25.839615211641874,2.260095575018015
2024-01-16,BA,48.0,-0.9604125873872068,13.875,26.57034688018456,1.2843264769512472
2024-01-17,BA,60.0,-2.1741543049257936,16.58823529411765,28.053651329928094,1.547455060139354
2024-01-18,BA,5.0,0.2690324484181383,15.944444444444445,27.352754936466255,-0.40012219865478654
2024-01-19,BA,21.0,1.648277243861507,16.210526315789473,26.60739025861554,0.1800053908954744
2024-01-20,BA,0.0,,15.4,26.150173593063744,-0.5889062244728197
2024-01-21,BA,1.0,3.0441400304414,14.714285714285714,25.681010215999795,-0.5340243860711302
2024-01-22,BA,3.0,-0.415541136391063,14.181818181818182,25.186232754152027,-0.44396549062998814
2024-01-23,BA,10.0,-0.3965876672720545,14.0,24.622606021149085,-0.16245234142008697
2024-01-24,BA,33.0,-0.1503157747586885,14.791666666666666,24.39169346611521,0.7464973007564333
2024-01-25,BA,37.0,2.8855415159926148,15.68,24.287719805147074,0.8778098632166305
2024-01-26,BA,4.0,-1.4277435073858356,15.23076923076923,23.906999296955178,-0.46976908692173647
2024-01-27,BA,36.0,-0.5619152046074717,16.0,23.781052574233577,0.8410056677503714
2024-01-28,BA,25.0,-0.1266591676866059,16.321428571428573,23.398406991405412,0.37090437104368673
2024-01-29,BA,10.0,-0.3307972349582566,16.103448275862068,23.00674563747742,-0.2652895099565799
2024-01-30,BA,88.0,-0.6796227372153899,18.5,26.141194864916127,2.6586389933260226
2024-01-31,BA,7.0,-1.162397171158959,18.7,26.025385485236765,-0.4495610643937234
2024-02-01,BA,4.0,0.3854992479988941,18.833333333333332,25.9363721884702,-0.5719124180338284
2024-02-02,BA,4.0,1.620524259923149,18.866666666666667,25.91595611991183,-0.5736491680214053
2024-02-03,BA,1.0,1.97368421052632,18.8,25.960713023521816,-0.685651429676536
2024-02-04,BA,0.0,,18.733333333333334,26.00786795187754,-0.7202948495430573
2024-02-05,BA,71.0,-0.8044305358005217,20.966666666666665,27.53115267866734,1.8173352172102089
2024-02-06,BA,8.0,-1.733128408788058,21.166666666666668,27.41014578498303,-0.48035741108243873
2024-02-07,BA,3.0,0.2230732571316671,21.133333333333333,27.432341010809363,-0.6610202653207076
2024-02-08,BA,1.0,5.64102564102564,18.5,25.29515423131883,-0.6918321129796722
2024-02-09,BA,0.0,,18.466666666666665,25.31965753068679,-0.7293410917697258
2024-02-10,BA,1.0,1.08142493638677,18.433333333333334,25.34273116671733,-0.6879027054601192
2024-02-11,BA,1.0,-1.1142061281337,18.433333333333334,25.34273116671733,-0.6879027054601192
2024-02-12,BA,0.0,,18.4,25.367097886285965,-0.7253490360813982
2024-02-13,BA,1.0,0.307219662058372,18.433333333333334,25.34273116671733,-0.6879027054601192
2024-02-14,BA,2.0,-2.13895216400911,16.166666666666668,23.549043956482986,-0.601581392979082
2024-02-15,BA,1.0,-1.48975791433892,14.6,22.91302896938168,-0.5935487629406598
2024-02-16,BA,0.0,,12.6,21.380945432468764,-0.5893097683541084
2024-02-17,BA,0.0,,12.433333333333334,21.461566824785013,-0.5793301782130197
2024-02-18,BA,0.0,,11.733333333333333,21.51492398366744,-0.545357880057602
2024-02-19,BA,0.0,,11.733333333333333,21.51492398366744,-0.545357880057602
2024-02-20,BA,0.0,,11.7,21.532893842709097,-0.5433547430022531
2024-02-21,BA,208.0,0.8428793479817529,18.533333333333335,41.73126945798214,4.540160630805505
2024-02-22,BA,64.0,0.2608445530813748,20.333333333333332,42.50787621406044,1.0272606056997724
2024-02-23,BA,2.0,1.9405455715258373,19.3,42.566094650473914,-0.4064267615353665
2024-02-24,BA,0.0,,18.066666666666666,42.571589468624,-0.42438318353093474
2024-02-25,BA,1.0,-0.165562913907285,17.966666666666665,42.6092780355716,-0.398191836353161
2024-02-26,BA,3.0,-2.470343700457,16.866666666666667,42.553603788660475,-0.3258635093642011
2024-02-27,BA,1.0,1.5625,16.066666666666666,42.62097050087882,-0.35350360373319045
2024-02-28,BA,2.0,-3.81592092118408,15.8,42.68521507743515,-0.32329695363993016
2024-02-29,BA,0.0,,12.866666666666667,40.52137225212645,-0.3175279106198448
2024-03-01,BA,3.0,-2.38561838546569,12.733333333333333,40.547914044169204,-0.2400452295210729
2024-03-02,BA,2.0,-0.2363617542527851,12.666666666666666,40.56440883789405,-0.26295629524131475
2024-03-03,BA,1.0,-1.06051154086089,12.566666666666666,40.59020039142567,-0.28496204884738696
2024-03-04,BA,15.0,1.8158547766158373,13.033333333333333,40.53307149794439,0.04852005026972617
2024-03-05,BA,7.0,2.9259940588776905,13.266666666666667,40.475563793081584,-0.15482592654429728
2024-03-06,BA,2.0,0.7967334335513749,10.966666666666667,39.015897143152536,-0.22982085055656234
2024-03-07,BA,0.0,,10.7,39.064182377564066,-0.2739082030844036
2024-03-08,BA,3.0,-0.4518305689782781,10.7,39.064182377564066,-0.19711151063083251
2024-03-09,BA,2.0,-0.715418302627607,10.733333333333333,39.05604578863148,-0.22361027997041755
2024-03-10,BA,9.0,-2.980541359196383,11.033333333333333,39.005289944803145,-0.05212968128709536
2024-03-11,BA,2.0,-3.898233809924305,11.066666666666666,38.99684632106174,-0.23249743304934548
2024-03-12,BA,15.0,0.2607662829124277,11.533333333333333,38.95597279098488,0.08898934921396486
2024-03-13,BA,59.0,0.4389276988236177,13.5,39.83305679700096,1.1422673442281666
2024-03-14,BA,0.0,,13.466666666666667,39.844294649196065,-0.33798230801253204
2024-03-15,BA,2.0,-0.7514560467079765,13.466666666666667,39.844294649196065,-0.2877869157334431
2024-03-16,BA,0.0,,13.433333333333334,39.85550049290851,-0.3370509256488581
2024-03-17,BA,2.0,-0.4798715340762615,13.5,39.833922469552824,-0.2886986590082877
2024-03-18,BA,0.0,,13.5,39.833922469552824,-0.3389071214445116
2024-03-19,BA,2.0,-1.7754256489933304,13.566666666666666,39.8122172665397,-0.29053058233930384
2024-03-20,BA,3.0,-2.142921974745493,13.666666666666666,39.78072079696944,-0.268136586089191
2024-03-21,BA,2.0,0.0179197706269349,13.733333333333333,39.75869745085352,-0.2951136250838481
2024-03-22,BA,2.0,1.183369864291375,6.866666666666666,15.34147709773183,-0.3172228225264034
2024-03-23,BA,4.0,-1.2960445563930554,4.866666666666666,10.906288389584335,-0.07946485877765214
2024-03-24,BA,0.0,,4.8,10.930501455512731,-0.43913813282364544
2024-03-25,BA,321.0,-0.9160257959912516,15.5,58.71893896438736,5.202750686371967
2024-03-26,BA,75.0,-1.3893144053894648,17.966666666666665,59.635954980504685,0.9563581794234339
2024-03-27,BA,24.0,-0.4918305761868191,18.666666666666668,59.5774392229795,0.0895193449549309
2024-03-28,BA,9.0,-1.9666242450846445,18.933333333333334,59.51350662886844,-0.1669088900319467
2024-03-29,BA,4.0,0.6359085535981774,19.0,59.49500123887547,-0.25212202181111376
2024-03-30,BA,2.0,-0.3510909935004651,19.066666666666666,59.4740936550693,-0.2869596763533358
2024-03-31,BA,2.0,-2.428761220644469,19.033333333333335,59.48368848182079,-0.28635301152414255
2024-04-01,BA,1.0,1.78041543026706,19.0,59.4938420458732,-0.302552321064102
2024-04-02,BA,3.0,-0.785242331748197,19.066666666666666,59.4740936550693,-0.2701456328170075
2024-04-03,BA,1.0,4.40881763527054,18.6,59.561964257459614,-0.2954905906716425
2024-04-04,BA,5.0,-2.189296328350306,18.533333333333335,59.57651315359291,-0.22715886877171448
2024-04-05,BA,9.0,-3.160591150821425,18.766666666666666,59.523210965791826,-0.16408164996810404
2024-04-06,BA,6.0,-0.2848785583984148,18.966666666666665,59.46803449279942,-0.21804431199481986
2024-04-07,BA,0.0,,18.866666666666667,59.498324133648026,-0.31709576599649164
2024-04-08,BA,9.0,-2.0623497672713627,19.1,59.443598303857286,-0.1699089605641288
2024-04-09,BA,4.0,-1.9094834147301525,18.933333333333334,59.47989131853191,-0.25106524242556266
2024-04-10,BA,3.0,-4.259191523790021,18.966666666666665,59.47035386228795,-0.2684811108344798
2024-04-11,BA,6.0,-1.3492296065129934,18.666666666666668,59.51373839267085,-0.21283601078951167
2024-04-12,BA,2.0,-0.437045924576161,16.766666666666666,59.09004428271596,-0.24990109325380835
2024-04-13,BA,2.0,1.168724928790375,16.833333333333332,59.07160081620021,-0.2511076918244839
2024-04-14,BA,0.0,,16.766666666666666,59.09004428271596,-0.28374774245296974
2024-04-15,BA,6.0,-2.595301698393484,16.966666666666665,59.04147188459016,-0.18574514348327023
2024-04-16,BA,8.0,-1.613771935561915,17.166666666666668,58.999172018347636,-0.15536941202862994
2024-04-17,BA,13.0,-2.0818598137133217,17.6,58.916422392964485,-0.07807670277938178
2024-04-18,BA,59.0,-1.1440292116821982,19.5,59.3137478975589,0.6659501616424689
2024-04-19,BA,0.0,,19.4,59.34504598328846,-0.3269017603501905
2024-04-20,BA,0.0,,19.333333333333332,59.36638624753872,-0.3256612799829108
2024-04-21,BA,0.0,,19.266666666666666,59.387641424988324,-0.3244221559295652
2024-04-22,BA,0.0,,19.133333333333333,59.427575935832984,-0.32196052139149306
2024-04-23,BA,2.0,-1.101195551260915,19.2,59.40648983472058,-0.28953065646284537
2024-04-24,BA,9.0,-1.4100171326311193,8.8,16.73402480597235,0.011951697354280219
2024-04-25,BA,2.0,1.5703995821262602,6.366666666666666,11.152495726049022,-0.39154165793288664
2024-04-26,BA,0.0,,5.566666666666666,10.695417430983701,-0.5204721276740928
2024-04-27,BA,2.0,0.557335680009881,5.333333333333333,10.694288947468902,-0.31169284369506944
2024-04-28,BA,0.0,,5.2,10.736338552655782,-0.48433644063075004
2024-04-29,BA,2.0,-1.9999016522423303,5.2,10.736338552655782,-0.2980531942343077
2024-04-30,BA,1.0,-0.42674253200569,5.166666666666667,10.748162098970624,-0.3876631770436099
2024-05-01,BA,1.0,-0.664451827242525,5.166666666666667,10.748162098970624,-0.3876631770436099
2024-05-02,BA,1.0,-5.39291217257319,5.1,10.76824834473066,-0.38074901959391527
2024-05-03,BA,5.0,1.4295526905914882,5.233333333333333,10.740459546237735,-0.02172470668771966
2024-05-04,BA,1.0,3.47826086956522,5.1,10.76824834473066,-0.38074901959391527
2024-05-05,BA,1.0,-1.5356820234869,4.833333333333333,10.767394374183427,-0.3560130891577976
2024-05-06,BA,3.0,-1.843780795148299,4.733333333333333,10.77011616923662,-0.16093914922518346
2024-05-07,BA,1.0,1.21293800539084,4.766666666666667,10.756500306818022,-0.35017585266828466
2024-05-08,BA,0.0,,4.466666666666667,10.759865828330744,-0.41512289631957366
2024-05-09,BA,2.0,-0.22181042228212,4.4,10.769048880616381,-0.22286090690143037
2024-05-10,BA,1.0,-1.94601381042059,4.333333333333333,10.784194479640755,-0.3090943268527158
2024-05-11,BA,0.0,,4.133333333333334,10.80783028189749,-0.3824387712912587
2024-05-12,BA,1.0,-0.198807157057654,4.1,10.816175625997172,-0.2866077722100784
2024-05-13,BA,0.0,,4.033333333333333,10.835711498474035,-0.3722259801676463
2024-05-14,BA,3.0,-3.5851319844883003,4.133333333333334,10.811020345903607,-0.10483130149345839
2024-05-15,BA,1.0,-6.00706713780919,3.966666666666667,10.819788172231263,-0.27418897851258756
2024-05-16,BA,6.0,1.158427940970812,3.9,10.800223497048957,0.19444042066109113
2024-05-17,BA,7.0,-1.204314741405272,3.7,10.68079165346975,0.3089658619946926
2024-05-18,BA,0.0,,1.7333333333333334,2.2580634567509876,-0.7676194077500985
2024-05-19,BA,0.0,,1.7333333333333334,2.2580634567509876,-0.7676194077500985
2024-05-20,BA,2.0,0.9274133293484744,1.8,2.2345253295224548,0.08950446761896513
2024-05-21,BA,0.0,,1.8,2.2345253295224548,-0.8055402085706864
2024-05-22,BA,0.0,,1.8,2.2345253295224548,-0.8055402085706864
2024-05-23,BA,2.0,-0.64102564102564,1.8,2.2345253295224548,0.08950446761896513
2024-05-24,BA,2.0,0.1515558615593897,1.5666666666666667,1.7749858344914362,0.24413340372234055
2024-05-25,BA,0.0,,1.5,1.7955884637176935,-0.8353807291088908
2024-05-26,BA,1.0,-3.04568527918782,1.5333333333333334,1.7759569219176827,-0.3003075844640639
2024-05-27,BA,1.0,1.07991360691145,1.5,1.7762804997507256,-0.28148707373084797
2024-05-28,BA,1.0,-4.05405405405405,1.5333333333333334,1.7564331673211908,-0.3036456742312275
2024-05-29,BA,5.0,0.577334074125518,1.6333333333333333,1.8659070704094236,1.8043056484736624
2024-05-30,BA,19.0,0.0207751969661611,2.2333333333333334,3.673608893016802,4.564085931558632
2024-05-31,BA,8.0,2.208831519697833,2.466666666666667,3.8122609214657492,1.4514571398239606
2024-06-01,BA,2.0,-2.560277062270025,2.5,3.80335604977773,-0.13146284319850104
2024-06-02,BA,1.0,0.958466453674121,2.3666666666666667,3.782749714467031,-0.3612892128284048
2024-06-03,BA,4.0,-0.5368334400469101,2.466666666666667,3.785027976331317,0.40510488771064107
2024-06-04,BA,4.0,-2.7150071694928224,2.566666666666667,3.7845724336771087,0.37873058541006693
2024-06-05,BA,5.0,1.0124114831084263,2.6333333333333333,3.8099989440975617,0.621172525607415
2024-06-06,BA,3.0,-1.77838729818928,2.7,3.7979123121836325,0.07899076527849402
2024-06-07,BA,0.0,,2.7,3.7979123121836325,-0.7109168875064467
2024-06-08,BA,0.0,,2.6333333333333333,3.828057338717289,-0.6879033150051285
2024-06-09,BA,0.0,,2.6,3.8470768123344703,-0.6758378183830119
2024-06-10,BA,1.0,-1.48514851485149,2.6333333333333333,3.828057338717289,-0.42667420804115563
2024-06-11,BA,2.0,-0.968178841459784,2.6666666666666665,3.8176841990504804,-0.17462593339503493
2024-06-12,BA,1.0,-4.25806451612903,2.7,3.7979123121836325,-0.4476143365781331
2024-06-13,BA,1.0,0.651465798045602,2.6333333333333333,3.8099989440975617,-0.42869653175723005
2024-06-14,BA,1.0,-4.7981721249048,2.6333333333333333,3.8099989440975617,-0.42869653175723005
2024-06-15,BA,2.0,2.62008733624454,2.5,3.757750611093552,-0.13305832444652144
2024-06-16,BA,2.0,2.30210716018576,2.3333333333333335,3.6609150291390633,-0.09105191753432294
2024-06-17,BA,1.0,1.98412698412698,2.3666666666666667,3.6434479059923053,-0.3751025682071473
2024-06-18,BA,10.0,-4.872928894608909,2.7,3.8698658980599134,1.8863702754298854
2024-06-19,BA,6.0,-2.2715451643749383,2.8333333333333335,3.913577896762057,0.8091487508876836
2024-06-20,BA,0.0,,2.8333333333333335,3.913577896762057,-0.7239751981626643
2024-06-21,BA,3.0,0.6362016739560927,2.933333333333333,3.8768395707680243,0.017196137588293296
2024-06-22,BA,0.0,,2.8666666666666667,3.910492810758005,-0.7330704352096726
2024-06-23,BA,0.0,,2.8,3.942692935825517,-0.710174503968501
2024-06-24,BA,1.0,-2.12539851222104,2.8333333333333335,3.9223790575702786,-0.46740340656137236
2024-06-25,BA,2.0,-0.4767912347699585,2.8666666666666667,3.910492810758005,-0.2216259455285057
2024-06-26,BA,1.0,0.906344410876133,2.8666666666666667,3.910492810758005,-0.47734819036908915
2024-06-27,BA,30.0,-0.6550216788746572,3.8333333333333335,6.292213761705018,4.158578786041786
2024-06-28,BA,1.0,-0.366300366300367,3.7,6.308997406550709,-0.4279602329835414
2024-06-29,BA,1.0,-6.4406779661017,3.1,5.622307784850251,-0.37351210221158915
2024-06-30,BA,0.0,,2.8333333333333335,5.5713759418171565,-0.5085518125005967
2024-07-01,BA,4.0,-2.5732841322374123,2.9,5.573026169834187,0.19737929923137756
2024-07-02,BA,0.0,,2.8666666666666667,5.587753439956765,-0.5130266926539349
2024-07-03,BA,0.0,,2.7333333333333334,5.607466287096257,-0.4874453440091478
2024-07-04,BA,2.0,-2.6566448519406487,2.6666666666666665,5.603775410433243,-0.11896741354506296
2024-07-05,BA,0.0,,2.5,5.606338777023751,-0.4459238193463543
2024-07-06,BA,0.0,,2.4,5.623840876740567,-0.4267546064338467
2024-07-07,BA,0.0,,2.4,5.623840876740567,-0.4267546064338467
2024-07-08,BA,6.0,-3.38571123641158,2.6,5.642205487096534,0.602601235948539
2024-07-09,BA,5.0,-2.5934054447935218,2.7666666666666666,5.63660042648205,0.39621991348555025
2024-07-10,BA,1.0,-2.80373831775701,2.7666666666666666,5.63660042648205,-0.31342769275722626
2024-07-11,BA,1.0,1.48181409968568,2.7333333333333334,5.644242310919098,-0.3070976116635008
2024-07-12,BA,0.0,,2.7,5.657768537823702,-0.47721994668918943
2024-07-13,BA,0.0,,2.6666666666666665,5.6710598251324615,-0.4702236881453424
2024-07-14,BA,0.0,,2.6333333333333333,5.684117820937598,-0.4632791606875882
2024-07-15,BA,6.0,0.3478117086215869,2.7666666666666666,5.715576619375823,0.5657055357061128
2024-07-16,BA,11.0,3.5199144440412877,3.066666666666667,5.906941173144527,1.3430527071103484
2024-07-17,BA,2.0,3.23383084577114,3.1,5.89769095669578,-0.18651367256725201
2024-07-18,BA,3.0,4.355604691736237,2.8666666666666667,5.751961184784361,0.023180499493988142
2024-07-19,BA,0.0,,2.6666666666666665,5.743562113107856,-0.4642879478191499
2024-07-20,BA,0.0,,2.6666666666666665,5.743562113107856,-0.4642879478191499
2024-07-21,BA,2.0,-1.2987012987013,2.6333333333333333,5.744462601037124,-0.11025110220388401
2024-07-22,BA,33.0,3.196215371086696,3.7333333333333334,7.956490880183192,3.6783384921058095
2024-07-23,BA,22.0,4.513542386258466,4.466666666666667,8.589220723888731,2.041318286834663
2024-07-24,BA,4.0,5.778218450089442,4.566666666666666,8.564897621359481,-0.06616152249776934
2024-07-25,BA,2.0,5.637600440007841,4.566666666666666,8.564897621359481,-0.2996727783722495
2024-07-26,BA,3.0,3.9100529100529102,4.633333333333334,8.543936480025712,-0.19116871212137318
2024-07-27,BA,0.0,,3.6333333333333333,7.1074673375278,-0.5111994414872851
2024-07-28,BA,1.0,1.5625,3.6333333333333333,7.1074673375278,-0.370502347499959
2024-07-29,BA,1.0,0.3584229390681,3.6333333333333333,7.1074673375278,-0.370502347499959
2024-07-30,BA,1.0,4.42622950819672,3.6666666666666665,7.0921682562326565,-0.3760016077344439
2024-07-31,BA,14.0,-0.2901453490834797,4.0,7.339078209524596,1.3625689377478063
2024-08-01,BA,0.0,,4.0,7.339078209524596,-0.5450275750991225
2024-08-02,BA,6.0,-1.063583737526442,4.2,7.3080022271292195,0.24630534365711165
2024-08-03,BA,0.0,,4.133333333333334,7.33782516560057,-0.5632913349735061
2024-08-04,BA,0.0,,4.133333333333334,7.33782516560057,-0.5632913349735061
2024-08-05,BA,0.0,,4.133333333333334,7.33782516560057,-0.5632913349735061
2024-08-06,BA,14.0,-3.348797256607358,4.6,7.5090749694322,1.2518186378835399
2024-08-07,BA,80.0,-2.466644596005646,7.066666666666666,15.686438978177724,4.649451251159995
2024-08-08,BA,8.0,-1.7075527310418124,7.166666666666667,15.682371683173335,0.05313822106559763
2024-08-09,BA,0.0,,7.133333333333334,15.696987045253367,-0.45443965219366045
2024-08-10,BA,14.0,4.259910461766999,7.566666666666666,15.70127017338001,0.40973330579588585
2024-08-11,BA,2.0,2.1061869240895152,7.633333333333334,15.6722538337626,-0.3594462795898247
2024-08-12,BA,0.0,,7.633333333333334,15.6722538337626,-0.4870603433495258
2024-08-13,BA,1.0,0.925024342745862,7.666666666666667,15.656514196385178,-0.42580785116305686
2024-08-14,BA,0.0,,7.466666666666667,15.716745590421207,-0.4750771477281743
2024-08-15,BA,7.0,3.695772024330623,7.333333333333333,15.702697623137231,-0.02122777508255531
2024-08-16,BA,1.0,4.76190476190476,7.3,15.715465696853116,-0.4008789889860865
2024-08-17,BA,0.0,,7.2,15.753270049147917,-0.45704796385366625
2024-08-18,BA,0.0,,7.2,15.753270049147917,-0.45704796385366625
2024-08-19,BA,0.0,,7.2,15.753270049147917,-0.45704796385366625
2024-08-20,BA,3.0,-0.785549393033449,7.233333333333333,15.74294222453538,-0.2689035678944233
2024-08-21,BA,1.0,0.151975683890577,6.166666666666667,15.003639405234331,-0.34436089318863317
2024-08-22,BA,0.0,,5.433333333333334,14.738369659833024,-0.36865226335996854
2024-08-23,BA,0.0,,5.3,14.76984346098734,-0.3588392804567817
2024-08-24,BA,0.0,,5.233333333333333,14.78975258782908,-0.35384860580020766
2024-08-25,BA,2.0,1.22224379171831,5.2,14.796085223160754,-0.2162734231207958
2024-08-26,BA,5.0,3.97727272727273,5.366666666666666,14.763616352916161,-0.024835830050151702
2024-08-27,BA,3.0,-5.4264284830629625,5.433333333333334,14.747725326261406,-0.16499719648292305
2024-08-28,BA,0.0,,5.4,14.759216874842046,-0.3658730707592364
2024-08-29,BA,0.0,,5.366666666666666,14.770621664906919,-0.36333383850844747
2024-08-30,BA,1.0,-1.30293159609121,4.933333333333334,14.69912813115436,-0.2675895670979799
2024-08-31,BA,0.0,,4.933333333333334,14.69912813115436,-0.3356208129703477
2024-09-01,BA,2.0,-0.4824020556768785,4.8,14.707258353475117,-0.1903821863126787
2024-09-02,BA,0.0,,4.8,14.707258353475117,-0.32636946225030633
2024-09-03,BA,2.0,-1.72973260892724,4.866666666666666,14.689272025654631,-0.19515375994535797
2024-09-04,BA,2.0,-2.5761900062237,4.933333333333334,14.670950262651596,-0.1999416043826986
2024-09-05,BA,2.0,0.1848649064145451,4.533333333333333,14.57852301618154,-0.17377160433340477
2024-09-06,BA,0.0,,1.8666666666666667,3.0820205344407223,-0.6056632802433293
2024-09-07,BA,0.0,,1.6,2.8719811736971055,-0.5571067159678897
2024-09-08,BA,6.0,0.5635180480945234,1.8,2.9641536560295516,1.4169305938160608
2024-09-09,BA,12.0,-0.2827117156384026,1.7333333333333334,2.6901266901759553,3.8164249677011104
2024-09-10,BA,5.0,3.1914246750143382,1.8333333333333333,2.755350072675002,1.1492792506007568
2024-09-11,BA,1.0,-3.87038703870387,1.8666666666666667,2.738402924099059,-0.31648617485748637
2024-09-12,BA,29.0,-3.7926606505829854,2.8,5.653195617494302,4.63454686034954
2024-09-13,BA,63.0,-3.229954724044956,4.9,12.33260327134046,4.711089680069224
2024-09-14,BA,2.0,-3.728961830644095,4.733333333333333,12.337029579707439,-0.22155522248477513
2024-09-15,BA,1.0,-3.72848948374761,4.733333333333333,12.337029579707439,-0.3026120111987172
2024-09-16,BA,4.0,-4.125827617913223,4.866666666666666,12.305685070627838,-0.07042815265403576
2024-09-17,BA,1.0,-3.59116022099448,4.9,12.293396040431551,-0.3172435010775992
2024-09-18,BA,1.0,-3.93541876892028,4.933333333333334,12.281001119849664,-0.32027790690255087
2024-09-19,BA,0.0,,4.833333333333333,12.309467433879856,-0.39265170156999235
2024-09-20,BA,2.0,-1.934167726015105,4.866666666666666,12.300079431572389,-0.23306082555112442
2024-09-21,BA,0.0,,4.866666666666666,12.300079431572389,-0.3956614015170252
2024-09-22,BA,0.0,,4.866666666666666,12.300079431572389,-0.3956614015170252
2024-09-23,BA,0.0,,4.866666666666666,12.300079431572389,-0.3956614015170252
2024-09-24,BA,1.0,-4.41527446300716,4.833333333333333,12.309467433879856,-0.3114134184865457
2024-09-25,BA,2.0,-2.560688467122535,4.733333333333333,12.320247795686905,-0.22185700958792595
2024-09-26,BA,1.0,1.01010101010101,4.666666666666667,12.335352428699858,-0.29724863459398804
2024-09-27,BA,0.0,,4.666666666666667,12.335352428699858,-0.37831644402871206
2024-09-28,BA,0.0,,4.666666666666667,12.335352428699858,-0.37831644402871206
2024-09-29,BA,0.0,,4.633333333333334,12.346948061637873,-0.3752614257550139
2024-09-30,BA,0.0,,4.633333333333334,12.346948061637873,-0.3752614257550139
2024-10-01,BA,0.0,,4.566666666666666,12.367039991886543,-0.3692610899344265
2024-10-02,BA,0.0,,4.566666666666666,12.367039991886543,-0.3692610899344265
2024-10-03,BA,2.0,-0.1288792659036999,4.566666666666666,12.367039991886543,-0.20754090456168497
2024-10-04,BA,0.0,,4.5,12.38672815891106,-0.36329206084680904
2024-10-05,BA,0.0,,4.433333333333334,12.406014485010905,-0.35735355127061474
2024-10-06,BA,0.0,,4.433333333333334,12.406014485010905,-0.35735355127061474
2024-10-07,BA,2.0,-0.29098242581389,4.5,12.38672815891106,-0.2018289226926717
2024-10-08,BA,0.0,,4.3,12.410090443972912,-0.3464922370560433
2024-10-09,BA,105.0,-2.0101737026569704,7.4,22.174231705385857,4.401505373297516
2024-10-10,BA,10.0,-2.4129325018449945,7.566666666666666,22.174361295211558,0.10973634374121972
2024-10-11,BA,5.0,-3.943303004233071,7.7,22.145521848243632,-0.12192081173350801
2024-10-12,BA,6.0,-3.7031940715125566,6.933333333333334,21.77776995855677,-0.04285715824482822
2024-10-13,BA,1.0,-4.74840538625089,4.866666666666666,19.04392985619874,-0.2030393251741619
2024-10-14,BA,2.0,-2.07761341179474,4.866666666666666,19.04392985619874,-0.15052915487049934
2024-10-15,BA,6.0,-3.707221976457277,5.033333333333333,19.030797785900038,0.05079485776381232
2024-10-16,BA,2.0,-1.949065932070615,4.966666666666667,19.038044186228355,-0.15582833182059108
2024-10-17,BA,2.0,1.5106137252763503,5.0,19.031733934450795,-0.15763145966272002
2024-10-18,BA,0.0,,4.966666666666667,19.039855355386102,-0.2608563234311372
2024-10-19,BA,1.0,-1.1864406779661,5.0,19.031733934450795,-0.21017527955029333
2024-10-20,BA,0.0,,4.933333333333334,19.046102566890358,-0.2590206219885329
2024-10-21,BA,15.0,3.24835771634301,5.433333333333334,19.10891348854365,0.5006389647638607
2024-10-22,BA,4.0,3.743856499555068,5.566666666666666,19.08363323560967,-0.08209477971643776
2024-10-23,BA,1.0,-0.374882849109654,5.6,19.074445804757275,-0.24116034861955116
2024-10-24,BA,1.0,-4.6814044213264,5.6,19.074445804757275,-0.24116034861955116
2024-10-25,BA,1.0,-3.24675324675325,5.566666666666666,19.081826221670312,-0.23932021042517004
2024-10-26,BA,1.0,-3.12849162011173,5.566666666666666,19.081826221670312,-0.23932021042517004
2024-10-27,BA,0.0,,5.566666666666666,19.081826221670312,-0.2917260959197328
2024-10-28,BA,3.0,-3.856339526115296,5.666666666666667,19.059495476431,-0.13991276264181657
2024-10-29,BA,1.0,1.11287758346582,5.7,19.050115394708925,-0.24671766562135375
2024-10-30,BA,1.0,3.07328605200946,5.733333333333333,19.040670325300617,-0.2485906878521937
2024-10-31,BA,0.0,,5.733333333333333,19.040670325300617,-0.30110984725758677
2024-11-01,BA,2.0,0.2008032128514055,5.8,19.02339757173822,-0.19975401269252785
2024-11-02,BA,0.0,,5.733333333333333,19.040670325300617,-0.30110984725758677
2024-11-03,BA,1.0,2.05278592375367,5.766666666666667,19.03116017144688,-0.2504664257840814
2024-11-04,BA,0.0,,5.766666666666667,19.03116017144688,-0.30301182979472785
2024-11-05,BA,0.0,,5.766666666666667,19.03116017144688,-0.30301182979472785
2024-11-06,BA,0.0,,5.7,19.048305201106068,-0.29923922048818397
2024-11-07,BA,0.0,,5.7,19.048305201106068,-0.29923922048818397
2024-11-08,BA,0.0,,2.2,3.356927988093168,-0.6553610943705896
2024-11-09,BA,0.0,,1.8666666666666667,3.036937356243787,-0.6146543203562945
2024-11-10,BA,0.0,,1.7,2.995974310465195,-0.5674280964498776
2024-11-11,BA,6.0,2.2413514847725384,1.7,2.995974310465195,1.4352593027849845
2024-11-12,BA,1.0,4.41176470588235,1.7,2.995974310465195,-0.23364686324406722
2024-11-13,BA,3.0,0.8617217014782266,1.7333333333333334,3.004976714963553,0.4215229556885368
2024-11-14,BA,0.0,,1.5333333333333334,2.909358660614714,-0.527034825266046
2024-11-15,BA,1.0,-1.41843971631206,1.5,2.9095561931987497,-0.17184751446587557
2024-11-16,BA,0.0,,1.4333333333333333,2.920596695449948,-0.49076729271328356
2024-11-17,BA,0.0,,1.4333333333333333,2.920596695449948,-0.49076729271328356
2024-11-18,BA,0.0,,1.4,2.931399571583129,-0.4775875706510788
2024-11-19,BA,0.0,,1.4,2.931399571583129,-0.4775875706510788
2024-11-20,BA,0.0,,0.9,1.4227220146734174,-0.6325901973243824
2024-11-21,BA,0.0,,0.7666666666666667,1.3047217521665766,-0.5876093238988054
2024-11-22,BA,0.0,,0.7333333333333333,1.3113124074327092,-0.5592361737574459
2024-11-23,BA,0.0,,0.7,1.3169976304544366,-0.5315119661669107
2024-11-24,BA,1.0,2.4330900243309,0.7,1.3169976304544366,0.22779084264296173
2024-11-25,BA,1.0,-1.07816711590297,0.7,1.3169976304544366,0.22779084264296173
2024-11-26,BA,1.0,2.00501253132832,0.7333333333333333,1.3113124074327092,0.2033586086390713
2024-11-27,BA,0.0,,0.6333333333333333,1.2452207485605076,-0.508611291664932
2024-11-28,BA,3.0,3.703521238448917,0.7,1.3169976304544364,1.7463964602627065
2024-11-29,BA,2.0,1.32480110688343,0.7333333333333333,1.3373502709194576,0.9471465286321776
2024-11-30,BA,9.0,2.982804018844719,1.0333333333333334,2.0083160441860826,3.966839128597086
2024-12-01,BA,13.0,3.02218276538287,1.4,2.9664793948385837,3.9103592022863842
2024-12-02,BA,12.0,3.021358896663163,1.8,3.52723394607541,2.8917843715325624
2024-12-03,BA,4.0,4.840139826932147,1.9,3.546246194071612,0.5921754681078392
2024-12-04,BA,13.0,3.750667693261286,2.3333333333333335,4.062726563090192,2.625494603445176
2024-12-05,BA,14.0,3.664340898571937,2.8,4.559189280623648,2.4565771040916204
2024-12-06,BA,15.0,3.210319092242162,3.3,5.038814857922012,2.3219745773364324
2024-12-07,BA,11.0,3.893686725022312,3.6666666666666665,5.1884044011513675,1.4134082015091156
2024-12-08,BA,16.0,3.051366983223421,4.2,5.604185627879036,2.10556908416787
2024-12-09,BA,13.0,3.326317171956972,4.633333333333334,5.768423757291064,1.4504251106884312
2024-12-10,BA,11.0,2.717763653745308,5.0,5.813183589761952,1.0321366781821695
2024-12-11,BA,2.0,1.8540051679586576,4.866666666666666,5.835287029156789,-0.4912640376288235
2024-12-12,BA,14.0,3.4124959994204733,5.3,6.018076219134493,1.445644701597218
2024-12-13,BA,12.0,3.5583440834816,5.6,6.122879647062774,1.0452598072983788
2024-12-14,BA,9.0,3.633487115264359,5.9,6.0591907960923335,0.5116194726858969
2024-12-15,BA,8.0,2.661301836901703,6.133333333333334,5.99846723717018,0.31119060801060233
2024-12-16,BA,5.0,3.724127943461808,6.3,5.890670590009406,-0.22068794717613366
2024-12-17,BA,3.0,4.29580636851747,6.4,5.804873101467394,-0.5857147849003841
2024-12-18,BA,7.0,3.370232272662811,6.633333333333334,5.678048069984897,0.06457618219277272
2024-12-19,BA,11.0,3.984746020678248,7.0,5.589398832642609,0.7156404686385284
2024-12-20,BA,13.0,3.445975845590529,7.433333333333334,5.531622779502808,1.0063351910570824
2024-12-21,BA,5.0,4.128585451722875,7.6,5.372984786619361,-0.4839023565588576
2024-12-22,BA,5.0,3.788063037381674,7.766666666666667,5.203999346214795,-0.5316423932064945
2024-12-23,BA,12.0,4.330413075942657,8.166666666666666,5.045198012814507,0.7597983911824456
2024-12-24,BA,5.0,5.467435721391745,8.3,4.900035186362227,-0.673464551680069
2024-12-25,BA,12.0,3.760633462702013,8.666666666666666,4.744022251891161,0.702638637920497
2024-12-26,BA,11.0,4.832504735038991,9.0,4.533400946081509,0.44116989072601676
2024-12-27,BA,8.0,4.634337624626689,9.266666666666667,4.209458424772328,-0.3009096512778069
2024-12-28,BA,5.0,4.057354943195686,9.333333333333334,4.121711507023279,-1.0513431922514367
2024-12-29,BA,14.0,1.9099592286885108,9.733333333333333,3.96478753906016,1.0761400515494122
2024-12-30,BA,8.0,-0.2144983002118163,9.7,3.975355113177153,-0.42763475251933863
2024-12-31,BA,5.0,2.590899392038046,9.433333333333334,4.014485266385301,-1.1043341896046288
2024-01-01,CAT,1.0,1.41271442986882,,,
2024-01-02,CAT,3.0,0.995619634830389,,,
2024-01-03,CAT,3.0,3.4656479915645533,,,
2024-01-04,CAT,5.0,1.8106075091538856,,,
2024-01-05,CAT,2.0,2.214556277056277,,,
2024-01-06,CAT,4.0,2.4062370090399554,,,
2024-01-07,CAT,0.0,,,,
2024-01-08,CAT,7.0,3.772434228066924,,,
2024-01-09,CAT,7.0,2.3748247120890515,,,
2024-01-10,CAT,3.0,2.87700172283119,3.5,2.3213980461973533,-0.2153874475853214
2024-01-11,CAT,12.0,2.118294233453139,4.2727272727272725,3.37908002541843,2.2867977879026
2024-01-12,CAT,4.0,1.0288499879367878,4.25,3.2227881773960316,-0.07757258195045154
2024-01-13,CAT,2.0,0.9841667837796864,4.076923076923077,3.1480559731771622,-0.6597478236153949
2024-01-14,CAT,2.0,0.7160199429422744,3.9285714285714284,3.0750681221794025,-0.6271638064410053
2024-01-15,CAT,4.0,4.194907413569652,3.933333333333333,2.9632671801497046,0.02249769008790455
2024-01-16,CAT,3.0,2.0840757699857733,3.875,2.8722813232690143,-0.3046358979224712
2024-01-17,CAT,8.0,1.2916118003242696,4.117647058823529,2.955553098431334,1.3135791548583708
2024-01-18,CAT,7.0,1.3674306464445818,4.277777777777778,2.946694170752661,0.9238224479627275
2024-01-19,CAT,8.0,2.3986338678721437,4.473684210526316,2.988281205208691,1.1800481773024498
2024-01-20,CAT,4.0,3.9347056976769874,4.45,2.9105072807981336,-0.1546122227451013
2024-01-21,CAT,0.0,,4.238095238095238,2.9984122782693157,-1.413446465921447
2024-01-22,CAT,10.0,-0.2708112565864082,4.5,3.1735514130747227,1.7330741759344235
2024-01-23,CAT,1.0,2.79850746268657,4.3478260869565215,3.185317104981627,-1.0510181487804593
2024-01-24,CAT,6.0,2.3587664267185846,4.416666666666667,3.1335029247968067,0.50529180005026
2024-01-25,CAT,8.0,1.8029433201937557,4.56,3.1501322723551355,1.09201763690645
2024-01-26,CAT,7.0,1.205509632143857,4.653846153846154,3.123361108707191,0.7511631747009094
2024-01-27,CAT,2.0,1.32480375165664,4.555555555555555,3.105000103224739,-0.8230452401278342
2024-01-28,CAT,2.0,1.76297747306562,4.464285714285714,3.0849952621026446,-0.7987972443776551
2024-01-29,CAT,4.0,1.5571368999133617,4.448275862068965,3.0306317928840194,-0.14791498694151017
2024-01-30,CAT,3.0,0.6707256426947964,4.4,2.9896372747346387,-0.4682842336197005
2024-01-31,CAT,6.0,1.6871540744148918,4.566666666666666,2.932379677789464,0.48879527579246934
2024-02-01,CAT,4.0,0.4043365632888922,4.6,2.9196126337297694,-0.20550671451010505
2024-02-02,CAT,10.0,1.799040716048471,4.833333333333333,3.063504116410547,1.686521862004337
2024-02-03,CAT,3.0,0.9191857093533016,4.766666666666667,3.0814610656067964,-0.5733211061418286
2024-02-04,CAT,10.0,1.2785535746155694,5.033333333333333,3.1784113721440637,1.5626255022226083
2024-02-05,CAT,37.0,1.0888225481997755,6.133333333333334,6.6370606982792975,4.65065306313517
2024-02-06,CAT,12.0,2.8804193668710565,6.533333333333333,6.616246114200873,0.8262489895793341
2024-02-07,CAT,4.0,2.539084432374185,6.433333333333334,6.631603193763951,-0.3669298753612892
2024-02-08,CAT,3.0,2.8963306254897496,6.3,6.659967898856052,-0.49549788379112514
2024-02-09,CAT,6.0,1.146601193345619,6.4,6.631169866102319,-0.06032118134158326
2024-02-10,CAT,3.0,0.4325677997946263,6.1,6.572408365594604,-0.47166880503468894
2024-02-11,CAT,2.0,1.42430166015072,6.033333333333333,6.6045090831859,-0.6106938884529058
2024-02-12,CAT,4.0,1.7266854088351902,6.1,6.572408365594604,-0.3195175776041441
2024-02-13,CAT,1.0,1.86991869918699,6.066666666666666,6.596411424264023,-0.7680943987255868
2024-02-14,CAT,4.0,1.3918654656427374,6.066666666666666,6.596411424264023,-0.3133016626380683
2024-02-15,CAT,7.0,0.4789505807279487,6.2,6.572670690061993,0.1217161238900369
2024-02-16,CAT,1.0,0.749063670411985,5.966666666666667,6.630563159799621,-0.7490565351641657
2024-02-17,CAT,3.0,2.194447674689203,5.833333333333333,6.649258881872543,-0.4261126516005674
2024-02-18,CAT,5.0,1.2138287738313511,5.733333333333333,6.638099714232375,-0.11047338318239402
2024-02-19,CAT,5.0,1.639474571369546,5.766666666666667,6.631603193763949,-0.11560804292205001
2024-02-20,CAT,5.0,0.6973010574955594,5.933333333333334,6.543927605478769,-0.14262586471034908
2024-02-21,CAT,5.0,2.279746629779104,5.766666666666667,6.50030945328803,-0.11794310289010412
2024-02-22,CAT,9.0,0.0522246223734879,6.033333333333333,6.462002109591717,0.45909404180836877
2024-02-23,CAT,16.0,0.435167879736087,6.366666666666666,6.71325674259178,1.4349716840435036
2024-02-24,CAT,4.0,0.0169076303787271,6.233333333333333,6.719417736131879,-0.3323700685141479
2024-02-25,CAT,8.0,1.6948557578069992,6.266666666666667,6.72582943652271,0.2577129482233014
2024-02-26,CAT,1.0,1.30187144019528,6.233333333333333,6.750138355329611,-0.7752927507332238
2024-02-27,CAT,3.0,2.060353123666047,6.266666666666667,6.730954399372854,-0.48531998180986535
2024-02-28,CAT,2.0,1.374351720886375,6.2,6.764002079976841,-0.6209341674262733
2024-02-29,CAT,2.0,-1.6451398984519825,6.166666666666667,6.782753653674647,-0.6143031104202523
2024-03-01,CAT,6.0,0.8414786521919067,6.166666666666667,6.782753653674647,-0.024572124416810136
2024-03-02,CAT,9.0,-0.1961444469535034,6.333333333333333,6.789105539243628,0.3927861558864144
2024-03-03,CAT,1.0,3.40983606557377,6.033333333333333,6.820270665745091,-0.7379961265486608
2024-03-04,CAT,5.0,1.4334681723813882,6.1,6.799340738833334,-0.1617803905189701
2024-03-05,CAT,6.0,2.1260935411285296,5.966666666666667,6.759327314690895,0.004931457197062449
2024-03-06,CAT,4.0,2.3940004071402186,4.866666666666666,3.3705963181950285,-0.25712561957902175
2024-03-07,CAT,8.0,1.956111195221969,4.733333333333333,3.1506248240006602,1.0368313744569106
2024-03-08,CAT,2.0,-0.5496186219077801,4.666666666666667,3.1876197295521123,-0.8365698837738579
2024-03-09,CAT,1.0,1.24895920066611,4.6,3.2440927747267767,-1.1097093239891076
2024-03-10,CAT,8.0,0.6770260346674839,4.666666666666667,3.2940210552823848,1.0119344343558174
2024-03-11,CAT,12.0,3.102357741808357,4.966666666666667,3.5378089199422553,1.9880478263501389
2024-03-12,CAT,1.0,1.62481536189069,4.933333333333334,3.5712775009099675,-1.101379921423388
2024-03-13,CAT,9.0,1.5036069800012073,5.1,3.642185777988172,1.0707855770482517
2024-03-14,CAT,4.0,3.142550073374175,5.2,3.5661241396382066,-0.3364997832413494
2024-03-15,CAT,5.0,1.115569486738094,5.233333333333333,3.559187560659598,-0.06555803237581878
2024-03-16,CAT,7.0,0.892784123997739,5.233333333333333,3.559187560659598,0.4963679594169135
2024-03-17,CAT,3.0,-3.081947345416283,5.3,3.495317064203238,-0.6580232802211572
2024-03-18,CAT,8.0,0.1221887694578038,5.466666666666667,3.5010671607908086,0.7235888993232318
2024-03-19,CAT,11.0,2.8217319334429174,5.666666666666667,3.642027981234075,1.464385600773493
2024-03-20,CAT,6.0,2.287511795395215,5.7,3.6402917654950455,0.08241097673642174
2024-03-21,CAT,10.0,3.765034273280247,5.866666666666666,3.720709362597345,1.1108992749833986
2024-03-22,CAT,0.0,,5.7,3.869865898059714,-1.4729192561576578
2024-03-23,CAT,3.0,1.3066068893587766,5.5,3.8484210824162948,-0.6496170628060102
2024-03-24,CAT,7.0,2.1100831469974586,5.2,3.3155849330511593,0.5428906320742488
2024-03-25,CAT,3.0,1.3364766747298211,5.166666666666667,3.333045964624378,-0.6500560417296383
2024-03-26,CAT,7.0,2.431220303142001,5.133333333333334,3.3086441991821376,0.5641787252700327
2024-03-27,CAT,4.0,1.9033484904949387,5.233333333333333,3.2236553821692087,-0.3825884553774539
2024-03-28,CAT,6.0,2.389798410377635,5.333333333333333,3.19841914974746,0.20843630414084577
2024-03-29,CAT,5.0,2.646857352866566,5.433333333333334,3.136914070397446,-0.13814000753881994
2024-03-30,CAT,6.0,1.7005616982984433,5.566666666666666,3.0702502799624005,0.1411394166011249
2024-03-31,CAT,3.0,1.83408638300606,5.466666666666667,3.104316609045444,-0.794592490817214
2024-04-01,CAT,6.0,2.575294868658667,5.366666666666666,3.034097415449409,0.20873862853197964
2024-04-02,CAT,9.0,1.28258812690975,5.633333333333334,2.988291327409573,1.1266192943728452
2024-04-03,CAT,14.0,0.5848039186862763,5.933333333333334,3.352130905736738,2.40642949022713
2024-04-04,CAT,3.0,1.6171595768745135,5.833333333333333,3.3945527696218143,-0.8346705812586303
2024-04-05,CAT,2.0,0.029356315647725,5.766666666666667,3.450970211737397,-1.0914804926033632
2024-04-06,CAT,8.0,1.9273708982666824,5.766666666666667,3.450970211737397,0.6471610000391623
2024-04-07,CAT,2.0,1.38172359951565,5.766666666666667,3.450970211737397,-1.0914804926033632
2024-04-08,CAT,10.0,3.010742416548198,6.066666666666666,3.413293821610393,1.1523570893400517
2024-04-09,CAT,9.0,0.5879231113941773,6.1,3.4376214712080135,0.8436065530452113
2024-04-10,CAT,6.0,1.2601907418285885,5.9,3.252055053187987,0.0307497869391755
2024-04-11,CAT,4.0,1.3530908782861972,6.0,3.1403931227662,-0.6368629409805578
2024-04-12,CAT,5.0,2.059207814119388,5.866666666666666,3.093188660905446,-0.28018551781868145
2024-04-13,CAT,2.0,2.49862970564911,5.8,3.1557282344421194,-1.2041594578792292
2024-04-14,CAT,4.0,1.320488664293915,5.766666666666667,3.16972024582322,-0.5573572838153857
2024-04-15,CAT,4.0,2.382864939906818,5.666666666666667,3.1767835971291007,-0.5246396601181316
2024-04-16,CAT,11.0,2.30533650174756,5.933333333333334,3.279332704759575,1.5450297736832197
2024-04-17,CAT,6.0,3.0939716287727,5.866666666666666,3.256117143251255,0.04094856771651634
2024-04-18,CAT,5.0,3.3873115121824418,5.666666666666667,3.1109742717580025,-0.2142951398598149
2024-04-19,CAT,7.0,2.276125797024482,5.7,3.1200132625712813,0.41666489549747526
2024-04-20,CAT,3.0,-1.1275709688408069,5.466666666666667,3.0482706610451293,-0.8092019839934247
2024-04-21,CAT,5.0,0.9676168678654612,5.633333333333334,2.8705800607294467,-0.22062904358514795
2024-04-22,CAT,10.0,1.8009678972839496,5.866666666666666,2.932967584303433,1.4092666265573415
2024-04-23,CAT,5.0,2.685087153292378,5.8,2.9290459786127614,-0.2731264738899358
2024-04-24,CAT,7.0,2.108278143640834,5.933333333333334,2.887945616707052,0.36935136884015196
2024-04-25,CAT,23.0,-0.1188693120068974,6.466666666666667,4.248596793371157,3.8914809141524906
2024-04-26,CAT,14.0,0.9727275483537028,6.8,4.436525512232479,1.6228916029329736
2024-04-27,CAT,6.0,1.7493406682135315,6.8,4.436525512232479,-0.1803212892147748
2024-04-28,CAT,5.0,2.2665856897382355,6.8,4.436525512232479,-0.40572290073324335
2024-04-29,CAT,13.0,-0.0315886756974461,7.033333333333333,4.574919131249345,1.3042124888964441
2024-04-30,CAT,15.0,-0.3097704598276883,7.433333333333334,4.73201373867284,1.5990373410853294
2024-05-01,CAT,15.0,-0.1633452676450341,7.733333333333333,4.919583198867025,1.4770899023194022
2024-05-02,CAT,10.0,2.012986250833932,7.766666666666667,4.931834192848248,0.45284031173877154
2024-05-03,CAT,13.0,0.7760587797425209,7.733333333333333,4.891465708927049,1.0767052209023702
2024-05-04,CAT,7.0,1.517834052323776,7.866666666666666,4.811862735833779,-0.18011043004461222
2024-05-05,CAT,4.0,-1.4704059851020976,7.933333333333334,4.7411138901676075,-0.8296221994351379
2024-05-06,CAT,2.0,1.3920847254180606,7.733333333333333,4.863185654757967,-1.1789254493552073
2024-05-07,CAT,7.0,2.865526208588744,7.9,4.744143394936976,-0.1897075878778231
2024-05-08,CAT,8.0,1.1623823279414425,7.833333333333333,4.727639444018936,0.035253675463242325
2024-05-09,CAT,12.0,-0.6790934773342759,7.933333333333334,4.784553691096851,0.8499573689044317
2024-05-10,CAT,1.0,0.167037861915367,7.766666666666667,4.938821116722947,-1.3700975408391687
2024-05-11,CAT,4.0,0.4240391292162024,7.766666666666667,4.938821116722947,-0.7626651335705718
2024-05-12,CAT,8.0,1.3013604775057628,7.866666666666666,4.911164854684177,0.027149024168097904
2024-05-13,CAT,4.0,1.6643492415516823,7.933333333333334,4.841867218431287,-0.8123587772833827
2024-05-14,CAT,7.0,1.525106598111932,8.033333333333333,4.788515955645471,-0.2157940670773111
2024-05-15,CAT,7.0,1.7911401922306884,8.133333333333333,4.732378080716984,-0.2394849511181968
2024-05-16,CAT,5.0,0.6894059130647388,7.933333333333334,4.733835168475856,-0.6196526133540414
2024-05-17,CAT,3.0,0.7415628428068932,7.833333333333333,4.8072024507294095,-1.0054357774343285
2024-05-18,CAT,4.0,0.929766666527966,7.8,4.830934799237384,-0.7865972442020687
2024-05-19,CAT,5.0,3.383204828424766,7.733333333333333,4.856089908084722,-0.5628671184161375
2024-05-20,CAT,6.0,2.5837996026038184,7.833333333333333,4.785634634045384,-0.3830909531393923
2024-05-21,CAT,10.0,0.2575086524653177,8.0,4.7705996153162085,0.41923451164900044
2024-05-22,CAT,5.0,1.36546520537378,7.833333333333333,4.785634634045384,-0.5920496548517882
2024-05-23,CAT,4.0,1.241591318645341,7.8,4.809473410131155,-0.7901072894997818
2024-05-24,CAT,3.0,-0.9477424920915308,7.666666666666667,4.887234133051573,-0.9548686515971797
2024-05-25,CAT,7.0,1.5529101586333371,7.133333333333334,3.936857957142044,-0.03386795632071188
2024-05-26,CAT,1.0,1.57284768211921,6.7,3.8698658980597127,-1.4729192561576583
2024-05-27,CAT,1.0,3.10432569974555,6.533333333333333,4.006316851254237,-1.381152200081489
2024-05-28,CAT,7.0,1.7771545025196829,6.6,3.9965502365294294,0.10008631853139346
2024-05-29,CAT,5.0,2.85212621442074,6.333333333333333,3.8176841990502766,-0.3492518667900885
2024-05-30,CAT,7.0,-1.2449004655847296,6.066666666666666,3.4534673563838973,0.27025978155201696
2024-05-31,CAT,5.0,-0.4632666481754675,5.733333333333333,3.0164301043970227,-0.24311298719117014
2024-06-01,CAT,4.0,-0.1393952116535824,5.533333333333333,2.9211869733608844,-0.5249007842757845
2024-06-02,CAT,2.0,1.3570778849697849,5.166666666666667,2.6272226496006583,-1.2053286260865652
2024-06-03,CAT,5.0,1.3971412632510185,5.1,2.6043729803332023,-0.03839695802219761
2024-06-04,CAT,11.0,0.9067898829279616,5.333333333333333,2.8080344498001373,2.0180189267514126
2024-06-05,CAT,9.0,1.0825357019756046,5.566666666666666,2.812329177443288,1.2208148892636408
2024-06-06,CAT,3.0,-2.98944326430842,5.433333333333334,2.8367457476449314,-0.857790422477407
2024-06-07,CAT,15.0,-2.1994302337628784,5.666666666666667,3.304472761256332,2.824454612779099
2024-06-08,CAT,4.0,0.76860841423948,5.4,3.091701908278863,-0.4528250269701371
2024-06-09,CAT,0.0,,5.366666666666666,3.1456958369891015,-1.7060348313279277
2024-06-10,CAT,0.0,,5.233333333333333,3.2872096261779187,-1.59202908498969
2024-06-11,CAT,7.0,1.1548560412406372,5.2,3.263169603632173,0.5516109239300505
2024-06-12,CAT,23.0,2.392150710907373,5.833333333333333,4.5944744424470185,3.7363722187828072
2024-06-13,CAT,8.0,3.173282136007386,5.866666666666666,4.606841489105862,0.46307938711982705
2024-06-14,CAT,2.0,2.354110490424345,5.7,4.6546232115370305,-0.7949085955720574
2024-06-15,CAT,0.0,,5.533333333333333,4.768671710765741,-1.1603510723628332
2024-06-16,CAT,4.0,-1.3200673235691571,5.566666666666666,4.753824836351528,-0.32955919088282054
2024-06-17,CAT,6.0,-0.5090540435223548,5.633333333333334,4.745112427964481,0.07727249295628509
2024-06-18,CAT,7.0,1.6635415977376522,5.7,4.749954627732483,0.2736868247982801
2024-06-19,CAT,7.0,1.348151836280696,5.733333333333333,4.755637912417531,0.26635052752003063
2024-06-20,CAT,3.0,0.3744340865995066,5.5,4.710589684149297,-0.5307191174837985
2024-06-21,CAT,4.0,3.304505207571313,5.466666666666667,4.71778245199668,-0.3108805210053588
2024-06-22,CAT,2.0,1.76470588235294,5.4,4.753220323977824,-0.7153045237243799
2024-06-23,CAT,0.0,,5.3,4.836285265822704,-1.095882419809745
2024-06-24,CAT,1.0,8.05931656995487,5.1,4.887351726298375,-0.8389001302972097
2024-06-25,CAT,8.0,1.016605698328459,5.333333333333333,4.851827478904981,0.5496210815947051
2024-06-26,CAT,71.0,-4.774921261603358,7.666666666666667,12.882314349079738,4.916300877090274
2024-06-27,CAT,10.0,1.1782572234722983,7.766666666666667,12.888603180873517,0.17327970316035213
2024-06-28,CAT,8.0,0.4132580556757561,7.866666666666666,12.878030833979219,0.010353549781968856
2024-06-29,CAT,4.0,0.2931152532456874,7.766666666666667,12.896627020494432,-0.29206603096150174
2024-06-30,CAT,4.0,-1.96071774654717,7.733333333333333,12.905313883698511,-0.2892865192569345
2024-07-01,CAT,2.0,2.01818869919761,7.666666666666667,12.930406115000817,-0.43824351812837925
2024-07-02,CAT,6.0,1.9180600566896493,7.8,12.890520441059751,-0.1396374962694694
2024-07-03,CAT,9.0,1.5348901694303134,7.933333333333334,12.881243603845443,0.08280773964621195
2024-07-04,CAT,0.0,,7.566666666666666,12.947329196916764,-0.5844191146749067
2024-07-05,CAT,5.0,1.734098554883054,7.433333333333334,12.952654722790076,-0.18786367624328826
2024-07-06,CAT,2.0,7.234565932178435,7.4,12.965737342225708,-0.41648229155574057
2024-07-07,CAT,2.0,1.56260681097122,6.966666666666667,12.920134869941226,-0.38441291183590104
2024-07-08,CAT,1.0,4.54545454545454,6.866666666666666,12.95544974753557,-0.452833886973522
2024-07-09,CAT,5.0,0.61842268917077,7.033333333333333,12.896092253171066,-0.15767050152989948
2024-07-10,CAT,6.0,2.7979069470010947,7.233333333333333,12.829608356248157,-0.09613179912329022
2024-07-11,CAT,9.0,0.4453353139726376,7.3,12.833549781724459,0.1324652982934523
2024-07-12,CAT,7.0,-0.5954292722000039,6.766666666666667,12.486360374516618,0.01868705742383848
2024-07-13,CAT,1.0,-3.19327731092437,6.533333333333333,12.52785402360602,-0.4416824559822431
2024-07-14,CAT,1.0,4.20560747663551,6.5,12.541654733258916,-0.43853862324998316
2024-07-15,CAT,7.0,2.0130591731416483,6.733333333333333,12.481526579194004,0.02136490796816351
2024-07-16,CAT,5.0,3.3529026635963,6.766666666666667,12.47530894741021,-0.1416130593730438
2024-07-17,CAT,7.0,2.84947076287058,6.8,12.474525766675388,0.01603267360545944
2024-07-18,CAT,8.0,1.1183419774571175,6.833333333333333,12.476414530634585,0.09350977108062848
2024-07-19,CAT,3.0,2.0927832322527866,6.7,12.495930372007876,-0.29609640017588185
2024-07-20,CAT,2.0,1.64060893674563,6.666666666666667,12.50746903290971,-0.3731103914299298
2024-07-21,CAT,1.0,1.91221208170361,6.566666666666666,12.541471434689248,-0.44386073003120446
2024-07-22,CAT,4.0,2.0773887446638453,6.633333333333334,12.521659395742581,-0.21030226506789335
2024-07-23,CAT,3.0,2.5936903852955693,6.733333333333333,12.478763569756623,-0.299174939284962
2024-07-24,CAT,5.0,1.4431825467200752,6.866666666666666,12.43669024973349,-0.1500935240150946
2024-07-25,CAT,0.0,,6.6,12.497172093910988,-0.5281194777829559
2024-07-26,CAT,1.0,3.68303571428571,4.266666666666667,2.935318032858268,-1.1128833843894412
2024-07-27,CAT,1.0,2.12418300653595,3.966666666666667,2.7852237368598884,-1.0651448310617015
2024-07-28,CAT,0.0,,3.7,2.768667051376755,-1.3363831516541969
2024-07-29,CAT,3.0,1.57616505174346,3.6666666666666665,2.770949461744147,-0.24059142033108022
2024-07-30,CAT,5.0,-1.0421083980903998,3.7,2.7810938061526502,0.4674419816850452
2024-07-31,CAT,1.0,1.24378109452736,3.6666666666666665,2.8080344498001293,-0.9496559655300792
2024-08-01,CAT,0.0,,3.466666666666667,2.8494806947731726,-1.2165959478250208
2024-08-02,CAT,3.0,-0.6154813639841016,3.2666666666666666,2.6513930409260733,-0.10057606041446265
2024-08-03,CAT,2.0,-1.2448041245560462,3.3333333333333335,2.5908770094624067,-0.514626255304181
2024-08-04,CAT,5.0,-1.8654336414872856,3.3333333333333335,2.5908770094624067,0.6432828191302261
2024-08-05,CAT,3.0,-1.0983447215331266,3.3666666666666667,2.579539297724633,-0.14214424528833386
2024-08-06,CAT,26.0,0.9281355482713636,4.166666666666667,4.8571549309228805,4.495086865426568
2024-08-07,CAT,9.0,1.3200521767005593,4.433333333333334,4.896750036456851,0.9325913376560623
2024-08-08,CAT,6.0,3.1850953150618366,4.466666666666667,4.90413852910413,0.3126610972005795
2024-08-09,CAT,3.0,3.9247914950964464,4.366666666666666,4.902380374199178,-0.2787761377838651
2024-08-10,CAT,3.0,4.069069996457047,4.166666666666667,4.828673933288821,-0.2416122278672993
2024-08-11,CAT,1.0,3.04678998911861,3.966666666666667,4.831529588124187,-0.6140222495912433
2024-08-12,CAT,5.0,3.624817936296616,4.1,4.801939263428382,0.18742427811497106
2024-08-13,CAT,8.0,2.3762926497762784,4.333333333333333,4.816160534995746,0.7613256742634525
2024-08-14,CAT,5.0,1.9595163887066975,4.266666666666667,4.791755371492772,0.1530406451247695
2024-08-15,CAT,7.0,2.001787369587797,4.333333333333333,4.816160534995746,0.5536913994643291
2024-08-16,CAT,4.0,0.1790104810853188,4.233333333333333,4.789955966490662,-0.04871304349469499
2024-08-17,CAT,5.0,1.9884218066238464,4.133333333333334,4.739659040067323,0.18285422207382157
2024-08-18,CAT,2.0,1.422528193442865,4.1,4.7514063253909855,-0.44197440845625724
2024-08-19,CAT,8.0,1.6671189631861414,4.3,4.7861149747706735,0.7730696022774266
2024-08-20,CAT,10.0,1.999195034849879,4.6,4.853722353993389,1.1125481859416955
2024-08-21,CAT,6.0,3.0140652273849904,4.666666666666667,4.858929450228599,0.2744088686594541
2024-08-22,CAT,6.0,2.350746145588857,4.766666666666667,4.854314350770034,0.2540695233586781
2024-08-23,CAT,3.0,2.540173934081773,4.7,4.864721702356595,-0.3494547281453894
2024-08-24,CAT,4.0,1.8884009709918423,4.833333333333333,4.78563463404538,-0.17413225142699662
2024-08-25,CAT,0.0,,4.8,4.816637831516912,-0.9965457582448808
2024-08-26,CAT,5.0,1.5556656659028438,4.933333333333334,4.7628833148907095,0.013997123645301014
2024-08-27,CAT,7.0,2.118210216244365,5.166666666666667,4.683671808442106,0.39143078514357754
2024-08-28,CAT,6.0,1.6972391153599131,5.266666666666667,4.667815950434034,0.15710416629968987
2024-08-29,CAT,8.0,2.19806125457404,5.366666666666666,4.693967760150604,0.5610037111223884
2024-08-30,CAT,2.0,3.80118480566785,5.4,4.66535285282681,-0.7287766021684485
2024-08-31,CAT,12.0,1.383793662741059,5.8,4.700696940256612,1.318953354959646
2024-09-01,CAT,7.0,1.8880519686440187,5.933333333333334,4.675197457259721,0.2281543563492339
2024-09-02,CAT,22.0,1.8133863547837128,6.6,5.4557783350663405,2.8226953248848847
2024-09-03,CAT,13.0,2.1407031921127446,6.866666666666666,5.5692092754737565,1.1012933847438493
2024-09-04,CAT,8.0,1.5804423530690488,7.033333333333333,5.524137213540493,0.17498961906616314
2024-09-05,CAT,13.0,1.913733013118012,6.6,4.375480269205522,1.462696574143638
2024-09-06,CAT,12.0,1.961631520847369,6.7,4.465577153106278,1.1868566633796247
2024-09-07,CAT,9.0,1.7661804529739744,6.8,4.482917769058213,0.4907518079373969
2024-09-08,CAT,9.0,1.414649821167089,7.0,4.441186545399148,0.4503301042537612
2024-09-09,CAT,17.0,0.9361678848183356,7.466666666666667,4.732378080716978,2.0144910594060117
2024-09-10,CAT,13.0,1.5003242886024093,7.866666666666666,4.673722088541367,1.0983394468230798
2024-09-11,CAT,12.0,1.3946312218977357,8.1,4.700330142476781,0.8297289513253092
2024-09-12,CAT,17.0,1.450387710310427,8.4,4.973030714037321,1.7293277469058999
2024-09-13,CAT,15.0,1.325058715477862,8.733333333333333,5.071443604131371,1.2356770883859631
2024-09-14,CAT,8.0,1.65774878318597,8.766666666666667,5.062937223917877,-0.15142725117049627
2024-09-15,CAT,10.0,1.530495181483079,8.966666666666667,4.986072556655168,0.2072439423197101
2024-09-16,CAT,5.0,3.374984056593716,8.966666666666667,4.986072556655168,-0.7955493269692099
2024-09-17,CAT,10.0,2.426717220615493,9.233333333333333,4.811504412618116,0.1593403228844793
2024-09-18,CAT,6.0,3.212636045959255,9.166666666666666,4.842935369020081,-0.6538734105194984
2024-09-19,CAT,8.0,2.664787717875699,9.1,4.844833721925178,-0.22704597580345767
2024-09-20,CAT,11.0,4.132377046523262,9.266666666666667,4.820454502346777,0.35957881823995663
2024-09-21,CAT,7.0,2.8563066177645,9.3,4.800502847224113,-0.47911647450224387
2024-09-22,CAT,8.0,1.4544513898028968,9.466666666666667,4.658942704781493,-0.3148067618778442
2024-09-23,CAT,9.0,0.2659292086546607,9.633333333333333,4.544669733710654,-0.13935739458370405
2024-09-24,CAT,15.0,2.685974438211096,10.133333333333333,4.264798441559267,1.1411246588449204
2024-09-25,CAT,6.0,1.7494495632068188,10.166666666666666,4.227033959167342,-0.9857187585707102
2024-09-26,CAT,8.0,2.3441658508186665,10.2,4.205087231044033,-0.5231758294473684
2024-09-27,CAT,6.0,2.72035094357694,10.2,4.205087231044033,-0.998790219854067
2024-09-28,CAT,4.0,2.51696162541735,10.066666666666666,4.338546819586835,-1.3983176669381667
2024-09-29,CAT,1.0,3.92156862745098,10.033333333333333,4.405978174952849,-2.0502446845257025
2024-09-30,CAT,4.0,1.1259198665093624,9.766666666666667,4.523374795462985,-1.2748593533418286
2024-10-01,CAT,14.0,1.242440128552481,10.0,4.556162934932758,0.8779317283259171
2024-10-02,CAT,9.0,4.204974013947257,9.566666666666666,3.953901027255645,-0.1433183741222736
2024-10-03,CAT,3.0,1.6028456683399568,9.233333333333333,4.074168697380185,-1.5299644654728108
2024-10-04,CAT,4.0,1.577339300921586,9.1,4.180001649892421,-1.2200952121947743
2024-10-05,CAT,1.0,1.51515151515151,8.7,4.364037990921574,-1.7644209367604418
2024-10-06,CAT,2.0,-0.275807722616233,8.366666666666667,4.483558726120872,-1.4200029609459448
2024-10-07,CAT,7.0,3.7844739354139216,8.3,4.488683087729504,-0.2896172384175991
2024-10-08,CAT,5.0,4.138725514104582,8.166666666666666,4.526423063206349,-0.6995958226722886
2024-10-09,CAT,10.0,1.024185841299234,7.933333333333334,4.225810131130801,0.4890580983376172
2024-10-10,CAT,5.0,1.6987345450022402,7.666666666666667,4.146733931523758,-0.6430763851026184
2024-10-11,CAT,17.0,0.313876217694683,7.833333333333333,4.4184826021777015,2.0746187078226286
2024-10-12,CAT,4.0,1.5704135420486325,7.4,4.115571774915687,-0.8261306535152466
2024-10-13,CAT,10.0,1.337170265765521,7.233333333333333,3.8923739173727365,0.7107915954112917
2024-10-14,CAT,12.0,0.9674387534128226,7.366666666666666,3.9869038487089803,1.1621382178137245
2024-10-15,CAT,13.0,1.368007392257396,7.466666666666667,4.091482602316351,1.352402996948024
2024-10-16,CAT,7.0,1.3095344898356,7.533333333333333,4.066120181860497,-0.1311651671567909
2024-10-17,CAT,15.0,1.5514946460403096,7.7,4.2681660440182325,1.7103364594333987
2024-10-18,CAT,2.0,1.783274785323965,7.566666666666666,4.384009606500077,-1.2697660740553784
2024-10-19,CAT,5.0,0.931526792224274,7.466666666666667,4.407934329986231,-0.5595969635678243
2024-10-20,CAT,4.0,2.0232159886041248,7.233333333333333,4.399712634294167,-0.7348964812225851
2024-10-21,CAT,11.0,2.1342933830063955,7.366666666666666,4.452688713755891,0.8159863774237607
2024-10-22,CAT,3.0,2.4319717383771664,7.2,4.521214362352744,-0.9289539631149913
2024-10-23,CAT,8.0,1.1780654530393853,7.166666666666667,4.511161126876713,0.18472701592689253
2024-10-24,CAT,6.0,2.3859434098820778,6.866666666666666,4.264798441559265,-0.2032139803422461
2024-10-25,CAT,7.0,1.1340925883923876,6.9,4.261697897026153,0.023464826089568774
2024-10-26,CAT,5.0,1.6902857676929712,6.8,4.270185330711137,-0.42152737190454354
2024-10-27,CAT,6.0,2.2273368740886417,6.8,4.270185330711137,-0.18734549862424155
2024-10-28,CAT,6.0,2.393416919173705,6.866666666666666,4.240472756120735,-0.2043797275706375
2024-10-29,CAT,10.0,4.352357104985128,7.166666666666667,4.127981332934702,0.6863726128623343
2024-10-30,CAT,29.0,1.444188223262728,8.0,5.693311260018037,3.6885388907989323
2024-10-31,CAT,6.0,-0.4538554670054875,7.733333333333333,5.588987529883681,-0.31013369131088536
2024-11-01,CAT,6.0,2.999895015087098,7.633333333333334,5.5923798729769825,-0.2920640890698049
2024-11-02,CAT,4.0,1.712529772753185,7.666666666666667,5.566732052751086,-0.6586748979330872
2024-11-03,CAT,6.0,0.931731754166657,7.733333333333333,5.533180997764566,-0.3132616363053385
2024-11-04,CAT,10.0,2.1108311745938497,8.033333333333333,5.397849720879166,0.364342612032991
2024-11-05,CAT,5.0,2.98954030429047,8.133333333333333,5.309284862119034,-0.5901610884903172
2024-11-06,CAT,8.0,1.2855078642687283,8.166666666666666,5.305061560521181,-0.03141653772822428
2024-11-07,CAT,6.0,4.299429856863183,8.2,5.287591199180876,-0.4160684737391973
2024-11-08,CAT,4.0,1.4623014085538926,8.0,5.3304589955695345,-0.7504044217063935
2024-11-09,CAT,8.0,0.8842840414727475,8.1,5.300292770052967,-0.018866882328653013
2024-11-10,CAT,3.0,2.36792519385699,7.633333333333334,5.102287068887169,-0.9080895039376692
2024-11-11,CAT,6.0,3.76569825259272,7.7,5.066114609972735,-0.335562878236809
2024-11-12,CAT,5.0,0.4106050553615237,7.533333333333333,5.070083542352795,-0.4996630355636563
2024-11-13,CAT,6.0,4.559993892787079,7.333333333333333,5.005743827281586,-0.26636068071773694
2024-11-14,CAT,3.0,1.9552985173715036,7.0,4.948005519468379,-0.8084065355751192
2024-11-15,CAT,15.0,2.9152206112856813,7.266666666666667,5.159078595449276,1.4989756775860632
2024-11-16,CAT,5.0,4.025497183490488,6.933333333333334,4.961460667386458,-0.38967019249832185
2024-11-17,CAT,8.0,-1.0797753251598263,7.133333333333334,4.87593197693303,0.17774379765072135
2024-11-18,CAT,6.0,1.771058476288047,7.166666666666667,4.864249123989207,-0.23984517176823272
2024-11-19,CAT,11.0,1.503237856855202,7.4,4.874988947821236,0.7384632126415255
2024-11-20,CAT,2.0,0.965443211505137,7.1,4.922502867724762,-1.0360583095723577
2024-11-21,CAT,7.0,1.6172169940048642,7.233333333333333,4.861412689057906,-0.04799702231792032
2024-11-22,CAT,3.0,0.3974991008345536,7.066666666666666,4.919583198867014,-0.8266282939585664
2024-11-23,CAT,1.0,1.4760147601476,6.9,5.040183357365281,-1.1705923339829014
2024-11-24,CAT,2.0,1.2158815103273806,6.733333333333333,5.118818110714094,-0.9246926206317215
2024-11-25,CAT,3.0,2.362752214150228,6.666666666666667,5.155066696336533,-0.7112743408872667
2024-11-26,CAT,9.0,-0.8549184372842327,6.766666666666667,5.1707621884201265,0.43191569288080245
2024-11-27,CAT,10.0,1.566723538333482,6.9,5.201790142792677,0.5959486859144432
2024-11-28,CAT,2.0,1.7459897593082951,6.633333333333334,5.242290453170464,-0.8838375848730697
2024-11-29,CAT,4.0,3.6157057135315926,5.8,3.1227750700188004,-0.5764103912835333
2024-11-30,CAT,2.0,1.36372455348481,5.666666666666667,3.198419149747443,-1.1463996727746575
2024-12-01,CAT,3.0,3.3777288701746064,5.566666666666666,3.2343344818107136,-0.793568717490759
2024-12-02,CAT,4.0,2.5555118105525825,5.566666666666666,3.2343344818107136,-0.48438610028656715
2024-12-03,CAT,3.0,0.9665664457988846,5.466666666666667,3.2666901242413524,-0.7550966185504109
2024-12-04,CAT,5.0,1.9727577610690952,5.3,3.152995291836751,-0.09514762066937224
2024-12-05,CAT,5.0,0.5906874237659898,5.3,3.152995291836751,-0.09514762066937224
2024-12-06,CAT,6.0,3.0338885690228947,5.233333333333333,3.1148513368336865,0.24613266694326408
2024-12-07,CAT,3.0,0.5942852664829379,5.133333333333334,3.13746365093198,-0.6799547566709273
2024-12-08,CAT,3.0,1.183486154249781,5.1,3.1551818352977685,-0.6655717830607418
2024-12-09,CAT,5.0,4.18654574914173,5.0,3.1072773313293096,0.0
2024-12-10,CAT,11.0,0.5961119186091033,5.266666666666667,3.26880061662749,1.7539562689046995
2024-12-11,CAT,7.0,1.742019900354747,5.3,3.281610201904131,0.5180383700092068
2024-12-12,CAT,9.0,1.242971239524511,5.433333333333334,3.3495582141358504,1.064817041129356
2024-12-13,CAT,6.0,0.4995259573847083,5.433333333333334,3.3495582141358504,0.1691765392448509
2024-12-14,CAT,1.0,3.75,5.366666666666666,3.4188456746577973,-1.2772342135927908
2024-12-15,CAT,0.0,,4.866666666666666,3.0369373562434605,-1.6024916209290827
2024-12-16,CAT,3.0,2.0711269443952567,4.8,3.055802846140872,-0.5890432369592146
2024-12-17,CAT,4.0,2.02835303091807,4.666666666666667,2.998083679140116,-0.22236426264722353
2024-12-18,CAT,4.0,3.666464751844775,4.6,2.989637274734622,-0.20069324297987262
2024-12-19,CAT,5.0,-0.1326560337575202,4.4,2.736723437326777,0.21924027536596016
2024-12-20,CAT,2.0,1.7720374521198463,4.4,2.736723437326777,-0.8769611014638413
2024-12-21,CAT,0.0,,4.166666666666667,2.8049627612419243,-1.4854623826884015
2024-12-22,CAT,1.0,1.60680529300567,4.1,2.856933489865863,-1.085079513050039
2024-12-23,CAT,3.0,0.9150479002345664,4.166666666666667,2.8049627612419243,-0.41592946715275253
2024-12-24,CAT,2.0,2.979065307716895,4.166666666666667,2.8049627612419243,-0.7724404389979689
2024-12-25,CAT,1.0,3.61894624800426,4.1,2.856933489865863,-1.085079513050039
2024-12-26,CAT,3.0,3.341425331908007,3.9,2.7082250199384443,-0.3323209827004907
2024-12-27,CAT,0.0,,3.566666666666667,2.5418338931231883,-1.40318636725874
2024-12-28,CAT,0.0,,3.5,2.6096637384126917,-1.341168959234897
2024-12-29,CAT,0.0,,3.3666666666666667,2.6843522731632454,-1.2541821356030074
2024-12-30,CAT,1.0,1.45922746781116,3.3333333333333335,2.7080128015453018,-0.861640436855335
2024-01-01,CVX,21.0,0.92059090999133,,,
2024-01-02,CVX,8.0,-2.83714957049079,,,
2024-01-03,CVX,12.0,-0.7259680407861515,,,
2024-01-04,CVX,11.0,1.2158847511527924,,,
2024-01-05,CVX,11.0,0.780995860331486,,,
2024-01-06,CVX,10.0,1.597863109016561,,,
2024-01-07,CVX,5.0,0.3597981082647461,,,
2024-01-08,CVX,7.0,2.5738036010302983,,,
2024-01-09,CVX,8.0,0.3785489348981405,,,
2024-01-10,CVX,9.0,-0.6941083262473177,10.2,4.341018825626588,-0.2764328025752779
2024-01-11,CVX,182.0,-5.448705550461947,25.818181818181817,51.96309879485283,3.005629414027338
2024-01-12,CVX,41.0,-2.940327574159137,27.083333333333332,49.738330441939,0.2797976237443675
2024-01-13,CVX,23.0,0.7003246769734542,26.76923076923077,47.63429060063392,-0.07912851690879615
2024-01-14,CVX,6.0,-0.7093531278826899,25.285714285714285,46.10094037323646,-0.4183366788090608
2024-01-15,CVX,6.0,0.6880655250123003,24.0,44.70218914422105,-0.40266484359249727
2024-01-16,CVX,10.0,-2.710138199069663,23.125,43.328012493843595,-0.30292181073075786
2024-01-17,CVX,24.0,-1.174105886622057,23.176470588235293,41.95270446305823,0.019629948111923784
2024-01-18,CVX,15.0,0.4893906476361649,22.72222222222222,40.745704292607996,-0.18952236453606158
2024-01-19,CVX,8.0,-4.264203147106191,21.94736842105263,39.74148921356975,-0.35095233462691416
2024-01-20,CVX,10.0,1.2756297375130146,21.35,38.773668493206216,-0.2927244297760659
2024-01-21,CVX,3.0,1.53838931538089,20.476190476190474,38.00344595904304,-0.45985804800503777
2024-01-22,CVX,21.0,1.0809660884587646,20.5,37.08773382130539,0.013481546281826752
2024-01-23,CVX,23.0,1.4119599283193716,20.608695652173914,36.23877773680712,0.06598744486344191
2024-01-24,CVX,44.0,1.7116194007478436,21.583333333333332,35.762400302025576,0.6268222064892269
2024-01-25,CVX,17.0,-0.7769348755866201,21.4,35.02142201567492,-0.12563738839704003
2024-01-26,CVX,6.0,-0.0040300722465942,20.807692307692307,34.446502557756695,-0.42987505866130077
2024-01-27,CVX,34.0,1.2024291624242205,21.296296296296298,33.87285595237535,0.3750408209323976
2024-01-28,CVX,39.0,0.8309954490978393,21.928571428571427,33.407615644771525,0.5110041001714034
2024-01-29,CVX,41.0,0.3038221718378723,22.586206896551722,32.99623056543116,0.5580574746843864
2024-01-30,CVX,24.0,0.979335795127423,22.633333333333333,32.42336676910154,0.04215067103916728
2024-01-31,CVX,30.0,-0.1214096362146491,22.933333333333334,32.44935930862472,0.21777522937990385
2024-02-01,CVX,17.0,1.03932805322822,23.233333333333334,32.34798222490838,-0.19269620250173083
2024-02-02,CVX,42.0,0.6152699986946129,24.233333333333334,32.45228150242512,0.5474704964992672
2024-02-03,CVX,27.0,0.9829910375217196,24.766666666666666,32.35864041018105,0.06901814492275939
2024-02-04,CVX,19.0,1.1206845101410654,25.033333333333335,32.27413113051822,-0.1869402249415865
2024-02-05,CVX,15.0,0.52517117788878,25.2,32.206660266430006,-0.3167046789583387
2024-02-06,CVX,21.0,1.3781182162697383,25.733333333333334,31.99238415120325,-0.14795187851466554
2024-02-07,CVX,12.0,0.7835049464666006,25.9,31.904328967971598,-0.43567755378757705
2024-02-08,CVX,5.0,0.6534102817292938,25.8,31.967008855575052,-0.65067082422297
2024-02-09,CVX,15.0,0.7845600512892262,26.0,31.876918468297447,-0.34507726996697724
2024-02-10,CVX,12.0,1.5012675210493895,20.333333333333332,12.268078379535922,-0.679269652143237
2024-02-11,CVX,10.0,1.4078285795601186,19.3,11.762447552010297,-0.7906517719954089
2024-02-12,CVX,26.0,1.2584262457061153,19.4,11.80765385905144,0.558959474827475
2024-02-13,CVX,4.0,1.0137750559608916,19.333333333333332,11.891269858622108,-1.2894613876932124
2024-02-14,CVX,14.0,1.597650119161161,19.6,11.669589124936127,-0.47987979182863066
2024-02-15,CVX,9.0,0.9550909136872704,19.566666666666666,11.699346675933581,-0.9031843366436075
2024-02-16,CVX,9.0,0.535457400439499,19.066666666666666,11.823218924942836,-0.8514319772451763
2024-02-17,CVX,5.0,1.110443369564893,18.733333333333334,12.0800015224175,-1.1368651988865779
2024-02-18,CVX,8.0,1.4829871206082004,18.733333333333334,12.0800015224175,-0.8885208593239758
2024-02-19,CVX,15.0,0.3032071295492884,18.9,11.98950690654411,-0.32528443666614026
2024-02-20,CVX,14.0,1.832447727600538,19.266666666666666,11.649872970547147,-0.4520793213781551
2024-02-21,CVX,15.0,0.7565880688936717,19.066666666666666,11.670574058313269,-0.34845472436463987
2024-02-22,CVX,4.0,0.863579390101455,18.433333333333334,11.961672508282536,-1.20663170834508
2024-02-23,CVX,2.0,0.0848838122154185,17.033333333333335,11.306035413955199,-1.3296732924414407
2024-02-24,CVX,5.0,-3.7278325956880782,16.633333333333333,11.517552821172805,-1.0100525271260479
2024-02-25,CVX,18.0,1.1770763086355462,17.033333333333335,11.342575677001483,0.08522461689426546
2024-02-26,CVX,12.0,1.420523471127744,16.3,10.910766590217516,-0.3941061303479205
2024-02-27,CVX,29.0,0.915160866205766,15.966666666666667,10.330681899359162,1.2616140406125391
2024-02-28,CVX,25.0,0.684321098651997,15.433333333333334,9.361267720417636,1.021941360121668
2024-02-29,CVX,14.0,-0.1424511613752783,15.1,9.222723062613072,-0.11927063108499507
2024-03-01,CVX,8.0,1.0315715085997377,14.366666666666667,8.86482134457679,-0.7181945827438009
2024-03-02,CVX,3.0,0.2040673001131157,13.9,9.08712617217156,-1.19949913685365
2024-03-03,CVX,1.0,3.49227669576897,12.533333333333333,7.691165255571199,-1.4995560425618224
2024-03-04,CVX,20.0,1.3355636311123318,12.3,7.335083385747017,1.0497494840974897
2024-03-05,CVX,12.0,1.890467042419968,12.066666666666666,7.225115836481416,-0.009227072364715561
2024-03-06,CVX,300.0,-5.786948742814609,21.566666666666666,53.0787855104501,5.245661343900109
2024-03-07,CVX,183.0,-5.763996319890285,26.966666666666665,60.711007542138596,2.570099552787572
2024-03-08,CVX,11.0,-2.9180094100528224,26.933333333333334,60.71978222970656,-0.2624076165664854
2024-03-09,CVX,7.0,0.4859642147337591,27.0,60.69596362197407,-0.32951120315946836
2024-03-10,CVX,11.0,1.108442819693377,26.866666666666667,60.72761874271804,-0.261275956396187
2024-03-11,CVX,17.0,1.0449601114281055,27.033333333333335,60.692261242374585,-0.16531487092341496
2024-03-12,CVX,10.0,1.364122080387619,27.033333333333335,60.692261242374585,-0.2806508273816114
2024-03-13,CVX,22.0,1.2590526485347262,26.9,60.699003002662586,-0.08072620236917331
2024-03-14,CVX,18.0,1.0299410292503255,27.366666666666667,60.57055352250786,-0.15464059880492984
2024-03-15,CVX,18.0,0.8834387549477163,27.5,60.544511981140644,-0.15690934965268544
2024-03-16,CVX,17.0,1.0589525180383772,27.766666666666666,60.47780061986458,-0.1780267562033372
2024-03-17,CVX,29.0,1.6393562673180393,28.433333333333334,60.37394010397335,0.009385948071150865
2024-03-18,CVX,22.0,1.5633040095334645,29.0,60.22601110644059,-0.11622884981754035
2024-03-19,CVX,18.0,1.2437742242201966,29.333333333333332,60.13337665976981,-0.18846993072510285
2024-03-20,CVX,25.0,1.0553190564848207,29.666666666666668,60.078875358713375,-0.0776756661772273
2024-03-21,CVX,24.0,1.1174785766850066,30.0,60.016664352494644,-0.09997223379094052
2024-03-22,CVX,11.0,1.0908506309354844,29.866666666666667,60.05556813791556,-0.3141534956981843
2024-03-23,CVX,26.0,1.5223511107791576,30.6,59.86283171292231,-0.07684233886662299
2024-03-24,CVX,17.0,1.1769717886119098,31.1,59.67807314075334,-0.23626768187948252
2024-03-25,CVX,32.0,1.315806979016663,32.0,59.4741323080304,0.0
2024-03-26,CVX,14.0,1.2687285881330237,31.866666666666667,59.51107305444892,-0.30022423978676677
2024-03-27,CVX,43.0,0.4183190785015086,32.9,59.42329161370059,0.16996702346376505
2024-03-28,CVX,26.0,1.367198094858878,32.8,59.43260454294952,-0.1144153121387422
2024-03-29,CVX,36.0,1.214322838172562,33.166666666666664,59.416753316826785,0.04768576495967742
2024-03-30,CVX,14.0,1.273869689595305,33.166666666666664,59.416753316826785,-0.3225801747272293
2024-03-31,CVX,33.0,0.6278961019100716,34.0,59.226624954054905,-0.016884298248899893
2024-04-01,CVX,19.0,0.3182578973053642,34.53333333333333,59.00948686634962,-0.2632345095376736
2024-04-02,CVX,13.0,1.3401457625311617,34.93333333333333,58.814690478586705,-0.37292270272711603
2024-04-03,CVX,5.0,-0.2885384667555948,34.43333333333333,59.00945764836368,-0.498790100880541
2024-04-04,CVX,5.0,1.340969081575241,34.2,59.11496688948435,-0.49395274219791935
2024-04-05,CVX,15.0,0.43243998929213,24.7,31.268746101476857,-0.3102139103538232
2024-04-06,CVX,6.0,0.8938650162563492,18.8,9.470098131523931,-1.3516227416262496
2024-04-07,CVX,8.0,0.9381638468725766,18.7,9.570608743655825,-1.1180062090713745
2024-04-08,CVX,9.0,1.6233757346547202,18.766666666666666,9.492949591882725,-1.0288337225574222
2024-04-09,CVX,11.0,0.3964676672748868,18.766666666666666,9.492949591882725,-0.8181510489961753
2024-04-10,CVX,14.0,0.778330829351207,18.666666666666668,9.527938349685398,-0.4897876639620318
2024-04-11,CVX,15.0,0.8176551916344827,18.833333333333332,9.414161501780846,-0.40718797235507304
2024-04-12,CVX,30.0,1.2691144502001483,19.1,9.618050558804915,1.1332857873180457
2024-04-13,CVX,8.0,1.3296919422734872,18.766666666666666,9.828471426153513,-1.0954568823404849
2024-04-14,CVX,4.0,1.304150807931847,18.3,10.191781679034674,-1.4030912798511241
2024-04-15,CVX,12.0,-1.1993647777810217,18.133333333333333,10.254463564151425,-0.5981135234391831
2024-04-16,CVX,20.0,0.8744367041831779,17.833333333333332,10.055306827854745,0.21547494310811763
2024-04-17,CVX,33.0,0.6149841228436733,18.2,10.406894266584315,1.4221341757570833
2024-04-18,CVX,22.0,0.5758720485369833,18.333333333333332,10.429842242114965,0.35155533339334005
2024-04-19,CVX,17.0,-0.0793763145208744,18.066666666666666,10.355519379017107,-0.10300465168632701
2024-04-20,CVX,19.0,0.8648295895929815,17.9,10.296802315818145,0.10682928216560596
2024-04-21,CVX,11.0,0.690161618827442,17.9,10.296802315818145,-0.6701109517660727
2024-04-22,CVX,22.0,0.8334166169931678,17.766666666666666,10.213862565442641,0.41446938474150824
2024-04-23,CVX,17.0,0.6366280273811238,17.766666666666666,10.213862565442641,-0.07506138463822579
2024-04-24,CVX,15.0,0.9522713634056188,17.2,9.862503004676086,-0.22306710567864146
2024-04-25,CVX,17.0,-0.5269193449283927,17.3,9.844130055608144,-0.030475013871753193
2024-04-26,CVX,35.0,0.6160273205070287,17.033333333333335,9.211998672396417,1.9503548910079034
2024-04-27,CVX,10.0,0.7396936722799754,16.5,9.137833441248722,-0.7113283517139429
2024-04-28,CVX,5.0,1.3792894264143465,15.466666666666667,8.593234441170742,-1.2180124653087772
2024-04-29,CVX,31.0,1.148003493516596,16.033333333333335,9.04198381243692,1.655241479870884
2024-04-30,CVX,13.0,1.1896788572454136,15.366666666666667,8.466906503979475,-0.279519641034695
2024-05-01,CVX,17.0,0.9685895502862344,15.3,8.445157763782504,0.20129878535727744
2024-05-02,CVX,33.0,-2.5748236068830908,15.966666666666667,9.02671641270544,1.8869910778805767
2024-05-03,CVX,15.0,-0.1382671377170535,16.3,8.789295997856398,-0.14790718168065506
2024-05-04,CVX,4.0,1.134889250560699,16.266666666666666,8.835404224827261,-1.3883537588690786
2024-05-05,CVX,14.0,1.6644178660078204,16.233333333333334,8.84223147577962,-0.2525757598012238
2024-05-06,CVX,9.0,0.8991447998793427,16.333333333333332,8.73886812418848,-0.8391628331173987
2024-05-07,CVX,12.0,0.9914215250062892,16.466666666666665,8.637262231203716,-0.5171391752504632
2024-05-08,CVX,13.0,0.5205357938416262,16.6,8.548442084319749,-0.42112936655480365
2024-05-09,CVX,20.0,0.5540493188639112,16.9,8.502940667792728,0.3645797520076931
2024-05-10,CVX,21.0,0.2358379409034464,17.133333333333333,8.516650358758236,0.45401261103672264
2024-05-11,CVX,13.0,0.2226255275708889,17.066666666666666,8.541716428226433,-0.4760947873694576
2024-05-12,CVX,5.0,-0.0544383345725321,16.233333333333334,8.455495390505162,-1.3285245647401642
2024-05-13,CVX,7.0,-1.2743075061402416,16.2,8.490968833068544,-1.0835041537509942
2024-05-14,CVX,3.0,0.7315085325488717,16.166666666666668,8.542321954118773,-1.541345167904637
2024-05-15,CVX,11.0,1.331000675695211,16.133333333333333,8.561072013655298,-0.5996133807945352
2024-05-16,CVX,10.0,0.1620507837606205,15.8,8.599919807164405,-0.6744248934935588
2024-05-17,CVX,9.0,1.8591001673538283,15.0,8.042987950532892,-0.7459914197188953
2024-05-18,CVX,4.0,1.5187010490965651,14.4,8.173126696681233,-1.2724628390041974
2024-05-19,CVX,5.0,1.355757727069504,14.0,8.333563215220273,-1.079970208129286
2024-05-20,CVX,14.0,-0.4007280413418502,13.833333333333334,8.279943916740699,0.02012896081695592
2024-05-21,CVX,12.0,1.483322550741027,13.866666666666667,8.27015128633413,-0.22571130829870167
2024-05-22,CVX,10.0,1.0347898198566658,13.466666666666667,8.152568173041884,-0.4252238795291405
2024-05-23,CVX,10.0,0.4520745264989524,13.233333333333333,8.148125798181567,-0.3968192702737753
2024-05-24,CVX,3.0,-0.0516345362941016,12.833333333333334,8.350442207301047,-1.1775823470445375
2024-05-25,CVX,3.0,1.676662775198661,12.366666666666667,8.499425267926119,-1.1020352990234783
2024-05-26,CVX,10.0,1.2151149180716732,11.533333333333333,7.351909596332588,-0.20856259360128943
2024-05-27,CVX,8.0,1.8892226280561188,11.466666666666667,7.375323877556435,-0.47003585526812547
2024-05-28,CVX,22.0,0.7615110768416014,12.033333333333333,7.5131302688549955,1.3265664656425014
2024-05-29,CVX,14.0,1.588809408472981,11.466666666666667,6.621455894357605,0.3825946096676538
2024-05-30,CVX,7.0,2.0153849041924072,11.266666666666667,6.664022464120479,-0.6402539441664058
2024-05-31,CVX,5.0,0.3980487923912881,10.866666666666667,6.668160752118645,-0.879802824909804
2024-06-01,CVX,7.0,0.0542559648012502,10.0,5.225930044268652,-0.5740604972870123
2024-06-02,CVX,3.0,1.5893184931402886,9.6,5.288895328242656,-1.2478976403174507
2024-06-03,CVX,16.0,1.0160339285405935,10.0,5.304519868422241,1.1311108542957764
2024-06-04,CVX,13.0,0.4165128665639868,9.966666666666667,5.281609820770001,0.5743198449466504
2024-06-05,CVX,6.0,-0.0136039495550851,9.866666666666667,5.3287336487062404,-0.7256258093525565
2024-06-06,CVX,11.0,1.1514762698365435,9.833333333333334,5.318045618026029,0.21937883772793088
2024-06-07,CVX,12.0,1.5443587769381282,9.8,5.300618051146628,0.41504593969454107
2024-06-08,CVX,8.0,-0.0757821104027614,9.4,4.945217125040785,-0.28310182639118275
2024-06-09,CVX,6.0,0.7881146571602033,8.9,4.467121266967873,-0.649187659498758
2024-06-10,CVX,9.0,0.2675523935286288,8.766666666666667,4.399712634294582,0.053033766686160735
2024-06-11,CVX,7.0,0.7947610477990487,8.833333333333334,4.35560149322911,-0.42091392800358246
2024-06-12,CVX,12.0,0.8218579548417034,9.0,4.3786314977521235,0.6851455760869858
2024-06-13,CVX,7.0,1.741547765701673,9.133333333333333,4.248596793371575,-0.5021265695680139
2024-06-14,CVX,5.0,-0.2323474845063208,8.933333333333334,4.298623142303101,-0.9150216716197053
2024-06-15,CVX,16.0,0.7576246707071619,9.133333333333333,4.4854810477683005,1.5308651610696467
2024-06-16,CVX,1.0,-0.998185117967333,8.866666666666667,4.725085902035301,-1.6648727303091253
2024-06-17,CVX,7.0,0.7168717521227113,8.966666666666667,4.649681734257584,-0.42296801782728577
2024-06-18,CVX,5.0,1.2114523630251597,8.966666666666667,4.649681734257584,-0.8531049851092714
2024-06-19,CVX,13.0,0.9856623241377116,8.933333333333334,4.615814892999971,0.8810289755843318
2024-06-20,CVX,13.0,0.8737438942315621,8.966666666666667,4.642259655883892,0.8688297579867668
2024-06-21,CVX,9.0,1.4732301354688668,8.933333333333334,4.638172450239908,0.014373477351670723
2024-06-22,CVX,9.0,1.219475937897725,8.9,4.633833595750607,0.02158040377015335
2024-06-23,CVX,5.0,1.594872400616418,8.966666666666667,4.559819516493176,-0.8699174720225141
2024-06-24,CVX,7.0,-0.1754089287671444,9.1,4.436136871742253,-0.4733848527931564
2024-06-25,CVX,14.0,1.003580813900899,9.233333333333333,4.523374795463388,1.0537854770396835
2024-06-26,CVX,10.0,0.3360755180509008,9.3,4.519307240168347,0.154890996075302
2024-06-27,CVX,12.0,1.3335237143858043,8.966666666666667,3.8728349531985224,0.7832333084135548
2024-06-28,CVX,14.0,1.0313783311356284,8.966666666666667,3.8728349531985224,1.299650874400514
2024-06-29,CVX,6.0,1.3878503730471683,8.933333333333334,3.8945880516375007,-0.7531819269306281
2024-06-30,CVX,11.0,1.527189403361079,9.133333333333333,3.8393007026099206,0.4861996522954622
2024-07-01,CVX,13.0,1.2521371957578842,9.333333333333334,3.8803957613072635,0.944920799890629
2024-07-02,CVX,12.0,1.590799698726022,9.633333333333333,3.718391692871094,0.6364758912311589
2024-07-03,CVX,15.0,1.233232795438599,9.6,3.663425945092377,1.4740300693764492
2024-07-04,CVX,19.0,-0.3751013834282539,9.8,4.003446790816648,2.2980198016128313
2024-07-05,CVX,33.0,-2.3516861589036133,10.7,5.766430797116584,3.8672102006583997
2024-07-06,CVX,14.0,-2.1063436070856434,10.8,5.797740344604253,0.5519391710907032
2024-07-07,CVX,22.0,-2.3949525071785294,11.133333333333333,6.146113621117147,1.7680549590444263
2024-07-08,CVX,18.0,0.6533101061547932,11.466666666666667,6.240763289597289,1.046880490439964
2024-07-09,CVX,10.0,1.3294793466228287,11.6,6.162176059892075,-0.25964853721300885
2024-07-10,CVX,10.0,0.5691381877880678,11.633333333333333,6.150320055217676,-0.265568835226336
2024-07-11,CVX,57.0,-4.750056541241317,13.3,10.255864596448864,4.260976691826773
2024-07-12,CVX,17.0,-0.1505646599758816,13.466666666666667,10.274619997447964,0.34388944157652074
2024-07-13,CVX,15.0,0.7021425086129827,13.733333333333333,10.204574137774536,0.12412734226485893
2024-07-14,CVX,2.0,1.097553260814157,13.633333333333333,10.307290132962255,-1.128651001695436
2024-07-15,CVX,13.0,0.9883917708414084,13.533333333333333,10.298085973259655,-0.051789559216946134
2024-07-16,CVX,11.0,1.2573632199611862,13.866666666666667,10.036943254052055,-0.28561152475474577
2024-07-17,CVX,8.0,1.0826098221888123,13.9,10.014988766843604,-0.589116986284897
2024-07-18,CVX,15.0,0.8562284471781731,14.233333333333333,9.873976012673626,0.07764518221257793
2024-07-19,CVX,10.0,0.9565768986099248,14.133333333333333,9.902049015867739,-0.417422023129737
2024-07-20,CVX,6.0,1.5188600340091931,13.9,10.011545059717914,-0.7890889920464076
2024-07-21,CVX,7.0,0.5055500815505353,13.833333333333334,10.051876933441886,-0.6798067046164599
2024-07-22,CVX,13.0,0.8622488767488965,13.966666666666667,10.012004289105207,-0.09655076433782268
2024-07-23,CVX,3.0,-0.4528693887006869,13.9,10.080195674072492,-1.0813282154865451
2024-07-24,CVX,3.0,1.3190463365523932,13.766666666666667,10.200349329154623,-1.0555194061730218
2024-07-25,CVX,5.0,-1.314383652323134,13.466666666666667,10.324838926132372,-0.820028934808597
2024-07-26,CVX,6.0,-0.0101911817336597,13.333333333333334,10.396728044100803,-0.7053501161352714
2024-07-27,CVX,3.0,0.2486022128862445,13.033333333333333,10.565014918583344,-0.9496752641290824
2024-07-28,CVX,0.0,,12.566666666666666,10.826797320994267,-1.1607002785854885
2024-07-29,CVX,9.0,0.7341414909024456,12.666666666666666,10.777797527335233,-0.3402055621630549
2024-07-30,CVX,8.0,0.1776433918597874,12.566666666666666,10.807670753980267,-0.42253939545529245
2024-07-31,CVX,4.0,-2.852175960376665,12.266666666666667,10.919559588609744,-0.7570512894393356
2024-08-01,CVX,10.0,-0.4476498973859873,12.2,10.92734627216177,-0.20132975977934034
2024-08-02,CVX,65.0,-0.5936617867542993,13.866666666666667,14.573791623968493,3.508581339206053
2024-08-03,CVX,24.0,-1.607515547519484,14.033333333333333,14.662839103485936,0.6797228419629318
2024-08-04,CVX,4.0,0.725221294442353,13.066666666666666,14.321272659045222,-0.6330908490133534
2024-08-05,CVX,17.0,-0.968658338039513,13.166666666666666,14.33847809298435,0.26734590020463467
2024-08-06,CVX,10.0,0.7585439374008107,12.766666666666667,14.250670482310854,-0.19414291208970763
2024-08-07,CVX,5.0,0.9219433473434456,12.333333333333334,14.28366159308427,-0.513407104021837
2024-08-08,CVX,7.0,0.0680895874711383,12.233333333333333,14.311035850924291,-0.3656851529021453
2024-08-09,CVX,16.0,0.6314293845595681,12.433333333333334,14.32067069642361,0.24905723637353047
2024-08-10,CVX,5.0,0.1035039260495568,10.7,11.63570604529082,-0.48987143348356516
2024-08-11,CVX,4.0,0.7242121767630374,10.266666666666667,11.635063929505575,-0.5386018250209104
2024-08-12,CVX,9.0,-0.4174541725041717,10.066666666666666,11.602417504728338,-0.0919348632500052
2024-08-13,CVX,11.0,0.8877769378667,10.366666666666667,11.502573425208048,0.05506014262385617
2024-08-14,CVX,12.0,0.2870548485939807,10.333333333333334,11.496126284111245,0.14497637077718606
2024-08-15,CVX,23.0,-0.0319230079634988,10.733333333333333,11.726578515413799,1.0460567547936475
2024-08-16,CVX,24.0,0.9767710702506456,11.266666666666667,11.959510234849704,1.0647035775954041
2024-08-17,CVX,17.0,1.170884967858934,11.333333333333334,11.986582537134751,0.4727508152645829
2024-08-18,CVX,12.0,1.1042685073718423,11.4,11.984472712927344,0.050064780852043245
2024-08-19,CVX,30.0,1.3395159337820022,12.2,12.405226929501023,1.4348790313274804
2024-08-20,CVX,20.0,1.1268186433851866,12.633333333333333,12.444312738766792,0.5919705508298476
2024-08-21,CVX,14.0,1.061880244945846,12.666666666666666,12.446667836408611,0.10712371783820791
2024-08-22,CVX,17.0,1.0047390179630682,13.133333333333333,12.333675049630934,0.3135048273209023
2024-08-23,CVX,16.0,1.0892371473704092,13.566666666666666,12.19294124040453,0.19956901992358014
2024-08-24,CVX,7.0,0.8916084694799337,13.633333333333333,12.149878198150324,-0.5459588339200948
2024-08-25,CVX,8.0,0.9091878109540515,13.7,12.111977542911953,-0.4706085343871608
2024-08-26,CVX,12.0,0.1713680339021182,14.0,11.94816390453607,-0.1673897358606462
2024-08-27,CVX,14.0,0.8466407547336461,14.466666666666667,11.652240670518339,-0.04004952179261052
2024-08-28,CVX,22.0,0.9701700341017192,14.9,11.683616586987423,0.6076885480740265
2024-08-29,CVX,16.0,1.3593514229351888,15.166666666666666,11.611775632233721,0.07176622764050326
2024-08-30,CVX,11.0,1.2381832616057915,15.4,11.448836712477343,-0.3843185216542329
2024-08-31,CVX,14.0,0.879035950190329,15.533333333333333,11.40699523230761,-0.13442044132626005
2024-09-01,CVX,21.0,0.9138836021933808,14.066666666666666,6.674363373145419,1.0388006983901852
2024-09-02,CVX,39.0,1.0174412538795514,14.566666666666666,7.894491022589779,3.094985257873915
2024-09-03,CVX,17.0,1.6004564136830792,15.0,7.647402083105946,0.2615267221816735
2024-09-04,CVX,14.0,0.6145865634357888,14.9,7.6399584761466395,-0.1178016873795802
2024-09-05,CVX,16.0,0.8670540931589451,15.1,7.585603424273399,0.11864580174598417
2024-09-06,CVX,23.0,0.636749871672753,15.7,7.47017056537972,0.9772199893040769
2024-09-07,CVX,21.0,1.1556101820949105,16.166666666666668,7.344166502006808,0.6581187030567205
2024-09-08,CVX,13.0,0.6432217437275292,16.066666666666666,7.36690330924871,-0.41627622054122093
2024-09-09,CVX,14.0,1.2179058543396095,16.366666666666667,7.078297736785182,-0.33435534286264124
2024-09-10,CVX,22.0,0.9161685477981256,16.966666666666665,6.749116587572569,0.7457766165428854
2024-09-11,CVX,24.0,1.3094558950787385,17.466666666666665,6.6939670900223565,0.9760032048964726
2024-09-12,CVX,18.0,0.7083018319112583,17.7,6.581845459684992,0.0455799215945673
2024-09-13,CVX,19.0,1.0490816759857862,17.933333333333334,6.496329644543775,0.1641952802629948
2024-09-14,CVX,15.0,1.07049827935331,17.666666666666668,6.445171051652625,-0.41374645378618774
2024-09-15,CVX,19.0,1.119845058153902,17.5,6.339531147680979,0.23661055763543412
2024-09-16,CVX,7.0,0.9321881206210269,17.166666666666668,6.623278349273684,-1.5349900956195743
2024-09-17,CVX,17.0,0.9399984642977872,17.333333333333332,6.5513006517705,-0.050880481762541035
2024-09-18,CVX,17.0,0.3390552386866978,16.9,6.09889758268996,0.016396405849447918
2024-09-19,CVX,7.0,0.9043895488299464,16.466666666666665,6.328552339409636,-1.4958660620873954
2024-09-20,CVX,9.0,0.6314684091350031,16.3,6.460223119879388,-1.1299919313214513
2024-09-21,CVX,12.0,0.5125243448882336,16.133333333333333,6.50587709548933,-0.6353229968329812
2024-09-22,CVX,5.0,0.8020573253973705,15.766666666666667,6.816224727826493,-1.5795645091795354
2024-09-23,CVX,15.0,0.6335038223312246,16.033333333333335,6.614943028051814,-0.15621197778292356
2024-09-24,CVX,10.0,-2.122619023939679,16.1,6.540853049923468,-0.9326000681319961
2024-09-25,CVX,8.0,-0.3232522407060907,15.966666666666667,6.666867813057724,-1.194963945597235
2024-09-26,CVX,4.0,-0.3337011724752595,15.633333333333333,7.009763306217897,-1.659590035374543
2024-09-27,CVX,6.0,0.1998519690778049,15.1,7.116517939709724,-1.2787152476947425
2024-09-28,CVX,9.0,-0.4411564292147019,14.866666666666667,7.200255423311243,-0.8147859099099449
2024-09-29,CVX,7.0,-0.1471032948591929,14.733333333333333,7.310518323684235,-1.0578365296314605
2024-09-30,CVX,17.0,0.1147225351071889,14.833333333333334,7.320652568111119,0.29596632902710085
2024-10-01,CVX,13.0,2.596257006513941,14.566666666666666,7.233463105992215,-0.2165859759993573
2024-10-02,CVX,14.0,0.893496172130245,13.733333333333333,5.570447473720101,0.04787167780052327
2024-10-03,CVX,11.0,0.8207702055438857,13.533333333333333,5.55681211843118,-0.45589688464193623
2024-10-04,CVX,4.0,-0.350803197275534,13.2,5.821482214386399,-1.5803535356106393
2024-10-05,CVX,2.0,1.1325606813893714,12.733333333333333,6.141623582562547,-1.7476377685873952
2024-10-06,CVX,2.0,1.2955152747866334,12.033333333333333,6.127852373600968,-1.6373327426354678
2024-10-07,CVX,17.0,0.9518232568024791,11.9,5.96744039162433,0.8546377785621727
2024-10-08,CVX,20.0,-0.0483926684953818,12.133333333333333,6.146113621117129,1.2799416267929011
2024-10-09,CVX,11.0,-2.209436093093683,12.033333333333333,6.139096492736515,-0.16832009963614739
2024-10-10,CVX,16.0,0.1680033925482962,11.833333333333334,5.896131597589668,0.7066780307905601
2024-10-11,CVX,15.0,1.1761627013298508,11.533333333333333,5.469245256720916,0.6338473599088708
2024-10-12,CVX,10.0,1.221504717164025,11.266666666666667,5.33649331673371,-0.23735936531481538
2024-10-13,CVX,18.0,1.284978301673646,11.233333333333333,5.28943862045336,1.2792787953907088
2024-10-14,CVX,16.0,0.0183172101515104,11.266666666666667,5.317072913532352,0.890214110340041
2024-10-15,CVX,13.0,1.7521050751889091,11.066666666666666,5.125550152697699,0.37719528162567567
2024-10-16,CVX,23.0,1.5670686927332045,11.6,5.506109459438095,2.0704274195746524
2024-10-17,CVX,22.0,0.825807396683805,11.766666666666667,5.745663032075955,1.781053513964244
2024-10-18,CVX,7.0,1.405485260060117,11.433333333333334,5.721606558406365,-0.7748406480029181
2024-10-19,CVX,7.0,0.5027232374513803,11.433333333333334,5.721606558406365,-0.7748406480029181
2024-10-20,CVX,13.0,1.0401352577108405,11.566666666666666,5.709540312031781,0.2510418098481332
2024-10-21,CVX,9.0,-0.5900017927504393,11.466666666666667,5.727931162496821,-0.4306383224046009
2024-10-22,CVX,16.0,1.9254274402037848,11.833333333333334,5.651263717895206,0.7372982176486584
2024-10-23,CVX,16.0,0.663042402871534,11.866666666666667,5.67349149529016,0.7285343314191293
2024-10-24,CVX,19.0,0.6947578210704168,12.166666666666666,5.807743542674265,1.1765900617207385
2024-10-25,CVX,11.0,0.4372508275286333,12.266666666666667,5.759150639804222,-0.21993983937703127
2024-10-26,CVX,6.0,0.9177570107914622,12.333333333333334,5.671059825132621,-1.116781259345157
2024-10-27,CVX,14.0,0.8270963329763629,12.6,5.549774770204945,0.25226248955474284
2024-10-28,CVX,19.0,0.5551391777646683,12.933333333333334,5.625884349384285,1.078348983005778
2024-10-29,CVX,18.0,0.7151370480555612,13.3,5.584152453210159,0.8416675653792569
2024-10-30,CVX,10.0,0.6479249655133998,13.066666666666666,5.570447473720099,-0.550524294706016
2024-10-31,CVX,10.0,1.1919609250043823,12.966666666666667,5.598542503270195,-0.5298998203432037
2024-11-01,CVX,33.0,0.3713469362238323,13.6,6.688126380591354,2.9006628906262804
2024-11-02,CVX,14.0,0.9921987140668806,13.7,6.6703150936278295,0.044975386588047624
2024-11-03,CVX,17.0,1.024381386278713,14.133333333333333,6.436605087891803,0.4453693565975155
2024-11-04,CVX,11.0,1.1788352769954549,14.433333333333334,6.04969838708642,-0.5675214058046376
2024-11-05,CVX,15.0,1.279822996008266,14.866666666666667,5.575397516883237,0.023914587781333475
2024-11-06,CVX,22.0,-0.8333286948520352,15.033333333333333,5.714369868017746,1.2191487123817082
2024-11-07,CVX,8.0,0.2531574023008647,14.633333333333333,5.774398510747499,-1.1487487953917894
2024-11-08,CVX,15.0,1.395236854623906,14.766666666666667,5.7336474118733145,0.04069544507570219
2024-11-09,CVX,8.0,1.116940148255711,14.5,5.858974842658052,-1.1094090987854683
2024-11-10,CVX,15.0,1.8986048874682635,14.5,5.858974842658052,0.08533916144503602
2024-11-11,CVX,12.0,-0.3361362587729342,14.566666666666666,5.817235587894036,-0.4412175900195672
2024-11-12,CVX,10.0,0.3852401103553864,14.3,5.8377487394397996,-0.7365853160053333
2024-11-13,CVX,11.0,0.9592945567474204,14.133333333333333,5.858876750846751,-0.5348010321057682
2024-11-14,CVX,11.0,0.9135079653436304,14.066666666666666,5.883544166064055,-0.5212277804176305
2024-11-15,CVX,3.0,0.9257803004652684,13.4,5.9688848377984245,-1.7423690157567115
2024-11-16,CVX,7.0,1.276927985767791,12.9,5.8507293974992525,-1.0084212752211386
2024-11-17,CVX,9.0,0.5392415925043419,12.966666666666667,5.792285793419299,-0.6848188794781596
2024-11-18,CVX,7.0,1.1197434696312447,12.966666666666667,5.792285793419299,-1.0301057094671475
2024-11-19,CVX,19.0,-1.0863486045451365,13.166666666666666,5.89613159758967,0.9893492431067842
2024-11-20,CVX,14.0,-0.2167626701953737,13.333333333333334,5.844734342999111,0.11406278327520684
2024-11-21,CVX,15.0,-1.0946849545552906,13.3,5.8318388890288775,0.29150325177846
2024-11-22,CVX,17.0,-0.2609228113149575,13.333333333333334,5.850631167444639,0.6267130095415233
2024-11-23,CVX,4.0,1.428486434137365,12.833333333333334,5.988974544273616,-1.4749325227604053
2024-11-24,CVX,3.0,1.169217643679409,12.566666666666666,6.246010220786086,-1.5316444143542662
2024-11-25,CVX,9.0,-0.2091511577225229,12.666666666666666,6.1606836461961825,-0.5951720421370106
2024-11-26,CVX,9.0,1.281428166290396,12.5,6.190927733942618,-0.5653433783131995
2024-11-27,CVX,9.0,0.8928216712116512,12.166666666666666,6.097389680801412,-0.5193479230362155
2024-11-28,CVX,4.0,1.72491238681458,11.7,6.170843568332526,-1.2478034671815024
2024-11-29,CVX,3.0,1.47939570002022,11.466666666666667,6.366579406034031,-1.3298611588260791
2024-11-30,CVX,4.0,1.654010169044155,11.266666666666667,6.506937058636788,-1.1167568705803717
2024-12-01,CVX,1.0,1.43540669856459,10.2,5.339507919985649,-1.7230052165602419
2024-12-02,CVX,8.0,0.969929758932991,10.0,5.304519868422213,-0.3770369514319274
2024-12-03,CVX,11.0,1.029585606486888,9.8,5.1421181735106085,0.2333668654644589
2024-12-04,CVX,5.0,-0.1688510399658727,9.6,5.210069825463967,-0.8829056335325334
2024-12-05,CVX,10.0,0.094842873734444,9.433333333333334,5.110390587227773,0.11088519693248444
2024-12-06,CVX,29.0,-2.331102371651103,9.666666666666666,5.815160526935282,3.3246431020748504
2024-12-07,CVX,5.0,0.9524290917607728,9.566666666666666,5.870342369933216,-0.7779216915960933
2024-12-08,CVX,5.0,0.7165833068334879,9.233333333333333,5.834991554131405,-0.7255080481369274
2024-12-09,CVX,9.0,1.7492268406645293,9.266666666666667,5.8305576318954095,-0.045736048505531875
2024-12-10,CVX,9.0,0.9283823951478952,9.066666666666666,5.729135057384347,-0.011636427837521304
2024-12-11,CVX,22.0,-1.3791111111551606,9.4,6.178940875654242,2.039184425545402
2024-12-12,CVX,9.0,-1.1626216668521927,9.366666666666667,6.178289760752511,-0.05934759955674326
2024-12-13,CVX,13.0,0.2582861347322696,9.433333333333334,6.207244562402427,0.574597412879482
2024-12-14,CVX,2.0,1.46590922432604,9.133333333333333,6.344877561022832,-1.124266507072423
2024-12-15,CVX,6.0,0.2043710524889655,9.233333333333333,6.268054382910989,-0.5158432163812399
2024-12-16,CVX,13.0,0.0692577453372594,9.433333333333334,6.290021289001747,0.5670357066840248
2024-12-17,CVX,7.0,0.0633651045464419,9.366666666666667,6.3053525884260475,-0.3753424782320442
2024-12-18,CVX,9.0,1.303806292434054,9.433333333333334,6.290021289001747,-0.06889218866254511
2024-12-19,CVX,12.0,1.6024739668214834,9.2,6.048083195925037,0.46295659455983207
2024-12-20,CVX,4.0,-0.0771391158325345,8.866666666666667,6.049983376057981,-0.8044099238232397
2024-12-21,CVX,3.0,-0.3478052060428291,8.466666666666667,6.027141675920054,-0.9070081575330101
2024-12-22,CVX,1.0,-0.242718446601942,7.933333333333334,5.953459344021988,-1.1645890116466926
2024-12-23,CVX,4.0,2.096280339551077,7.933333333333334,5.953459344021988,-0.6606803046841814
2024-12-24,CVX,0.0,,7.833333333333333,6.063362748186449,-1.2919123692007841
2024-12-25,CVX,1.0,1.47368421052632,7.566666666666666,6.184983669219258,-1.0617112377106064
2024-12-26,CVX,1.0,1.40318054256314,7.3,6.292579099553781,-1.0011793098392272
2024-12-27,CVX,5.0,0.181001016390193,7.166666666666667,6.297691604090584,-0.34404140483146817
2024-12-28,CVX,2.0,1.595996056149134,7.1,6.34279390196164,-0.8040620708837346
2024-12-29,CVX,3.0,1.363859955776513,7.1,6.34279390196164,-0.6464028412986886
2024-12-30,CVX,2.0,1.1790012855942564,7.033333333333333,6.38685791473332,-0.7880766098964481
2024-12-31,CVX,1.0,-2.4390243902439,7.033333333333333,6.38685791473332,-0.9446481217964048
2024-01-01,DIS,274.0,1.4850184694283075,,,
2024-01-02,DIS,405.0,-0.0778550670486187,,,
2024-01-03,DIS,680.0,-1.356381549174875,,,
2024-01-04,DIS,287.0,1.5503129885979352,,,
2024-01-05,DIS,195.0,1.96126331889468,,,
2024-01-06,DIS,286.0,0.0949246344500583,,,
2024-01-07,DIS,99.0,-0.2483541482079523,,,
2024-01-08,DIS,164.0,-2.0915999627905717,,,
2024-01-09,DIS,170.0,-0.3618286674228904,,,
2024-01-10,DIS,174.0,-0.7619295529562179,273.4,167.36135223587976,-0.5939244555093294
2024-01-11,DIS,178.0,0.7303108280158024,264.72727272727275,161.35742369602391,-0.5374854824817696
2024-01-12,DIS,98.0,0.9514928869913954,250.83333333333334,161.20107902488706,-0.9480912550823443
2024-01-13,DIS,52.0,0.9941519894644276,235.53846153846155,163.89458776126776,-1.119856756989483
2024-01-14,DIS,174.0,1.6783538490746466,231.14285714285714,158.32141462755547,-0.36092942497566316
2024-01-15,DIS,133.0,1.34335541297247,224.6,154.6525137202755,-0.5922955779799324
2024-01-16,DIS,163.0,2.1524135491100247,220.75,150.20008877050196,-0.38448712296195137
2024-01-17,DIS,194.0,0.7566941435495115,219.1764705882353,145.5752534319096,-0.17294471412348375
2024-01-18,DIS,126.0,0.3597583160284834,214.0,142.9261430002964,-0.6157026150199653
2024-01-19,DIS,125.0,1.0146257688903453,209.31578947368422,140.39193259173445,-0.6005743201703622
2024-01-20,DIS,56.0,1.8997530903819544,201.65,140.88228568933937,-1.033841829633386
2024-01-21,DIS,67.0,-0.0464120024998009,195.23809523809524,140.42361082165095,-0.9132231715716791
2024-01-22,DIS,106.0,0.6177538248876632,191.1818181818182,138.35380331517777,-0.6156810737451807
2024-01-23,DIS,244.0,1.8037521937762957,193.47826086956522,135.62075114927103,0.3725221892837624
2024-01-24,DIS,257.0,2.3900821129163945,196.125,133.27197184052196,0.45677271191609004
2024-01-25,DIS,158.0,1.4531223331802978,194.6,130.68856109086212,-0.28005511495802293
2024-01-26,DIS,98.0,1.3111351711016546,190.8846153846154,129.44197987456064,-0.71757721470753
2024-01-27,DIS,53.0,1.8995615399301,185.77777777777777,129.67246707743598,-1.023947340328517
2024-01-28,DIS,47.0,2.154588764061114,180.82142857142858,129.9230694228472,-1.030005134314475
2024-01-29,DIS,106.0,2.109166898869176,178.24137931034483,128.3362367189112,-0.5629071036933372
2024-01-30,DIS,155.0,-0.148607326993593,177.46666666666667,126.17550265905174,-0.1780588639886423
2024-01-31,DIS,190.0,-1.0970718697897048,174.66666666666666,124.8848665173546,0.1227797551531398
2024-02-01,DIS,287.0,-0.8398365524724819,170.73333333333332,119.10468687999483,0.9761720526062284
2024-02-02,DIS,71.0,1.2678684588756644,150.43333333333334,71.8291475431918,-1.105864903736593
2024-02-03,DIS,113.0,-0.3498137940070931,144.63333333333333,67.30398529642665,-0.4700068382876701
2024-02-04,DIS,57.0,-0.0388455721408004,140.03333333333333,68.44906655786976,-1.2130674311406922
2024-02-05,DIS,148.0,3.584478063018669,135.43333333333334,62.69668821113029,0.20043589263197722
2024-02-06,DIS,185.0,0.2014271168313674,138.3,62.939023583585865,0.7419879963339482
2024-02-07,DIS,666.0,-0.8451605862790338,155.03333333333333,115.11388164390272,4.438792779547724
2024-02-08,DIS,728.0,1.089606828871894,173.63333333333333,155.5826608842261,3.5631648380097327
2024-02-09,DIS,229.0,0.9352317966193894,175.46666666666667,155.91083511336578,0.3433586465905863
2024-02-10,DIS,66.0,1.92208612893492,171.73333333333332,157.18382239590852,-0.6726731270538535
2024-02-11,DIS,87.0,1.6658015726195607,171.36666666666667,157.37446739705192,-0.5360886556890556
2024-02-12,DIS,90.0,1.1721060572201207,172.63333333333333,156.5312535353031,-0.5279030958165598
2024-02-13,DIS,153.0,2.0410810518145643,171.93333333333334,156.57188132927482,-0.1209242245324755
2024-02-14,DIS,216.0,1.7678676755424012,174.7,156.59351067718902,0.263740175575591
2024-02-15,DIS,161.0,0.2797209312493699,174.63333333333333,156.59908911818002,-0.08705882907814816
2024-02-16,DIS,91.0,1.1155322681479891,171.2,157.28743729565466,-0.5098945051107121
2024-02-17,DIS,47.0,1.2239478183816277,168.56666666666666,158.72502428203734,-0.7658947744160098
2024-02-18,DIS,135.0,-3.468028117033469,168.9,158.6408544154222,-0.21369022579283606
2024-02-19,DIS,76.0,0.2272660500511908,169.56666666666666,158.1914342973648,-0.5914774531393533
2024-02-20,DIS,96.0,1.350713661951945,170.53333333333333,157.63067558396583,-0.4728352083578512
2024-02-21,DIS,182.0,-1.125775061068579,173.06666666666666,157.16780694604697,0.0568394603635336
2024-02-22,DIS,140.0,1.2437991172949991,169.6,156.6955317013616,-0.18890136609902314
2024-02-23,DIS,107.0,3.082897681339856,164.6,156.202918423882,-0.3687511128549662
2024-02-24,DIS,60.0,2.858163010991304,161.33333333333334,157.3661080220992,-0.6439336564077883
2024-02-25,DIS,60.0,1.2951077724107949,160.06666666666666,158.0449375932383,-0.6331532549572019
2024-02-26,DIS,244.0,2.775124650044844,166.43333333333334,157.42906083503868,0.4927086921260652
2024-02-27,DIS,137.0,1.1789958339172006,169.43333333333334,155.92497827665304,-0.2080060147629961
2024-02-28,DIS,191.0,1.949897024637341,172.26666666666668,155.50428164264613,0.12046827994346243
2024-02-29,DIS,218.0,1.6195085838781718,174.36666666666667,155.68834548398362,0.28026075553498697
2024-03-01,DIS,144.0,1.761353289300043,172.83333333333334,155.75557405940478,-0.18511911055161584
2024-03-02,DIS,80.0,2.254947791025089,165.93333333333334,155.10728952685565,-0.5540251112340832
2024-03-03,DIS,54.0,1.2085300932200558,165.36666666666667,155.49664223746586,-0.7161998166918206
2024-03-04,DIS,142.0,1.170522164505397,166.33333333333334,155.24981722091158,-0.1567366311208496
2024-03-05,DIS,148.0,1.3611570505871324,169.36666666666667,153.92328661030973,-0.13881373726615542
2024-03-06,DIS,107.0,0.9916209361876862,168.0,154.30109392420687,-0.39533096265644996
2024-03-07,DIS,175.0,2.9908424024921616,167.66666666666666,154.27390181624762,0.047534503548551724
2024-03-08,DIS,169.0,1.3707542871937357,151.1,122.28354557029083,0.14638110071571941
2024-03-09,DIS,65.0,2.109100374121467,129.0,56.80942126819811,-1.126573701531918
2024-03-10,DIS,64.0,2.343616690121815,123.5,54.74376046952603,-1.086881856300712
2024-03-11,DIS,109.0,1.6730720220902893,124.93333333333334,53.740072592980965,-0.296488868818804
2024-03-12,DIS,139.0,1.807883494721015,126.66666666666667,53.31127417369615,0.23134568671439878
2024-03-13,DIS,78.0,2.093909277597756,126.26666666666667,53.639880514494145,-0.8998280049043813
2024-03-14,DIS,105.0,1.37631892293838,124.66666666666667,53.530740980160836,-0.3673901445518078
2024-03-15,DIS,62.0,1.3876816568813373,119.53333333333333,51.827121999129524,-1.1101008721707457
2024-03-16,DIS,77.0,-0.2771602715158627,116.73333333333333,51.77866244948283,-0.7673688630350125
2024-03-17,DIS,32.0,1.1500383858313497,114.76666666666667,53.868091337709636,-1.536469264295744
2024-03-18,DIS,111.0,2.1299580269311056,116.9,52.33733420536578,-0.11273023530103908
2024-03-19,DIS,163.0,-0.2237856420079029,117.83333333333333,52.917687111167425,0.8535268476829362
2024-03-20,DIS,160.0,0.4011576815582259,120.63333333333334,52.85013511438934,0.7448735293005604
2024-03-21,DIS,94.0,1.2890854359953194,120.56666666666666,52.883530669689286,-0.5023618190812968
2024-03-22,DIS,56.0,1.1678760563396486,116.36666666666666,52.83969467486868,-1.1424491954034306
2024-03-23,DIS,55.0,0.8088723109154271,113.53333333333333,53.79894456940231,-1.0880015175357858
2024-03-24,DIS,35.0,2.4634089333212392,111.13333333333334,55.673762366953135,-1.3674903598490158
2024-03-25,DIS,88.0,1.9648580903981931,112.06666666666666,55.017823653251156,-0.43743399990422005
2024-03-26,DIS,74.0,1.4765551176086142,112.53333333333333,54.6188885689352,-0.7054946437568007
2024-03-27,DIS,186.0,1.0724237340088036,110.6,50.69013370639721,1.4874689507967178
2024-03-28,DIS,210.0,-0.4961890853928546,113.03333333333333,53.665942024093326,1.806856695502214
2024-03-29,DIS,82.0,0.717781431761982,109.4,51.86494397753762,-0.5282951816523078
2024-03-30,DIS,57.0,1.8507608273206784,104.03333333333333,48.45793293535981,-0.9706013130207842
2024-03-31,DIS,48.0,1.608910771526894,100.83333333333333,48.8954432213893,-1.0805369550310446
2024-04-01,DIS,91.0,1.4857028292032797,101.2,48.77492289535975,-0.2091238569845159
2024-04-02,DIS,105.0,0.8629692392167729,102.9,47.954971695798555,0.04379107995978611
2024-04-03,DIS,276.0,0.4650665748706262,107.36666666666666,57.09247388853155,2.9536876202382873
2024-04-04,DIS,317.0,1.0171270834839314,113.0,68.44831929122232,2.980350753859351
2024-04-05,DIS,152.0,1.1925740228813015,114.5,68.80444552598287,0.5450229227679589
2024-04-06,DIS,35.0,0.6484740143597213,109.83333333333333,69.30546245741958,-1.0797609694807246
2024-04-07,DIS,45.0,1.9255189421688088,105.7,69.35274650852608,-0.8752357052296071
2024-04-08,DIS,127.0,0.9493468370261492,107.76666666666667,69.02107790669683,0.2786588375124058
2024-04-09,DIS,132.0,2.485612339659123,110.03333333333333,68.64977752347784,0.31998161478606674
2024-04-10,DIS,142.0,2.1753964516180737,111.13333333333334,68.89659084370628,0.44801442696473187
2024-04-11,DIS,176.0,-0.1709176106586486,112.36666666666666,69.73866652865837,0.9124541162137635
2024-04-12,DIS,119.0,1.77329419045246,113.73333333333333,69.4430718638301,0.07584149901942695
2024-04-13,DIS,63.0,2.2777408868163977,112.33333333333333,70.04596192222083,-0.7042994625173847
2024-04-14,DIS,43.0,1.0523204214108164,111.7,70.60045423317791,-0.973081557989682
2024-04-15,DIS,98.0,0.7178539535180231,112.4,70.3481980260849,-0.204696074726186
2024-04-16,DIS,234.0,1.0971312413855931,119.13333333333334,72.03434685229537,1.5946096783829788
2024-04-17,DIS,350.0,0.520213264208689,127.1,83.4201455863941,2.6720164347969586
2024-04-18,DIS,241.0,0.1663175938375831,129.7,85.76035174271674,1.2978025129129935
2024-04-19,DIS,271.0,-0.5882997547895468,133.4,89.4286847447307,1.5386561973126596
2024-04-20,DIS,96.0,0.1405244579131352,133.46666666666667,89.39904085473815,-0.41909472750994214
2024-04-21,DIS,41.0,0.9077773715418708,132.96666666666667,89.88785477906136,-1.0231267271058464
2024-04-22,DIS,84.0,2.327205073348476,133.93333333333334,89.17357476731334,-0.5599566179064568
2024-04-23,DIS,106.0,2.201676068971274,136.3,87.38150597355776,-0.34675529635720626
2024-04-24,DIS,83.0,2.293567807685488,136.13333333333333,87.48151857366238,-0.6073663809184253
2024-04-25,DIS,166.0,1.1830884734770983,139.2,86.8384945627862,0.3086188922888686
2024-04-26,DIS,99.0,1.306933499153818,136.3,86.6742414903704,-0.4303470022768423
2024-04-27,DIS,41.0,-0.2618132078316602,130.66666666666666,87.20935307848482,-1.0281771794129737
2024-04-28,DIS,39.0,1.992699727556152,129.23333333333332,88.38227444901847,-1.020943779687211
2024-04-29,DIS,71.0,1.9489985340753917,129.7,88.02395833737157,-0.6668638982925429
2024-04-30,DIS,88.0,1.8593491947057148,131.03333333333333,87.04120440554479,-0.49440185975404516
2024-05-01,DIS,108.0,2.4279540793538925,131.6,86.82666045355687,-0.2718059162556818
2024-05-02,DIS,96.0,1.3367571010409751,131.3,86.93721476068141,-0.40604015319760317
2024-05-03,DIS,114.0,1.543927830104484,125.9,82.56046895750274,-0.1441367781731645
2024-05-04,DIS,80.0,1.3368042097465862,118.0,74.59915872688268,-0.5093891224581096
2024-05-05,DIS,204.0,-0.1213175139850148,119.73333333333333,76.00722893629742,1.1086664761491511
2024-05-06,DIS,274.0,0.2071658806263105,127.7,79.27479488114928,1.8454793887431253
2024-05-07,DIS,501.0,1.0761875766801623,142.9,103.02873720305024,3.475729293801324
2024-05-08,DIS,244.0,1.0626729772070331,146.8,104.60843244180198,0.929179395304259
2024-05-09,DIS,140.0,1.7986182167923654,147.06666666666666,104.57959626056605,-0.06757213566841144
2024-05-10,DIS,159.0,2.110951829130501,147.63333333333333,104.59725167264806,0.10867079664999489
2024-05-11,DIS,64.0,1.3670361983254384,143.9,105.54435250086857,-0.7570277149536966
2024-05-12,DIS,60.0,0.7060653899038125,141.93333333333334,106.56904296999313,-0.7688286490139868
2024-05-13,DIS,127.0,3.787750220505401,144.06666666666666,105.57035024368693,-0.16166155201031213
2024-05-14,DIS,108.0,2.2739251160693943,146.23333333333332,104.0810968074592,-0.3673417604741579
2024-05-15,DIS,144.0,1.3715929327652878,147.76666666666668,103.68409691955176,-0.03632829699610758
2024-05-16,DIS,84.0,1.0459364008337708,142.76666666666668,102.9967134840028,-0.5705683674634354
2024-05-17,DIS,54.0,1.8484695547965604,132.9,96.42840831951183,-0.818223606248564
2024-05-18,DIS,35.0,1.3909313998052946,126.03333333333333,95.79773351769056,-0.9502660448279039
2024-05-19,DIS,139.0,0.8854452803045972,121.63333333333334,91.86026995062838,0.18905525398521716
2024-05-20,DIS,81.0,1.199289297378435,121.13333333333334,92.04524125005935,-0.43601747128135715
2024-05-21,DIS,181.0,0.1581898155397466,125.8,91.38905087968512,0.6040110874186835
2024-05-22,DIS,156.0,1.6811705353091628,128.2,91.1986842010345,0.3048289593599714
2024-05-23,DIS,80.0,1.5171334719715208,127.33333333333333,91.53982865335217,-0.5170791122253209
2024-05-24,DIS,151.0,3.344792108830541,129.6,91.24563286668244,0.23453177240018938
2024-05-25,DIS,138.0,2.3256879188197432,128.66666666666666,91.00334716592747,0.10256033018561138
2024-05-26,DIS,954.0,2.540542779585546,157.16666666666666,175.78338616198837,4.533041209019795
2024-05-27,DIS,208.0,0.5908170828432668,162.73333333333332,174.61819104457066,0.2592322506371202
2024-05-28,DIS,90.0,1.6080885857204816,164.43333333333334,173.61743185428753,-0.4287203913706271
2024-05-29,DIS,166.0,1.5469013549427768,167.6,172.7185472140272,-0.009263625857258552
2024-05-30,DIS,181.0,1.7791499537351687,170.7,172.0739917032486,0.059857970969621886
2024-05-31,DIS,91.0,1.4084781374352335,170.13333333333333,172.31541515154873,-0.45923536941681503
2024-06-01,DIS,74.0,0.8607671983980881,169.4,172.6881981870894,-0.55244076318779
2024-06-02,DIS,50.0,1.2242217880685542,167.26666666666668,173.78800667585733,-0.6747684659585741
2024-06-03,DIS,58.0,2.5493072096730045,166.53333333333333,174.21483632401208,-0.6229855942434115
2024-06-04,DIS,81.0,2.3522120178516994,162.43333333333334,174.74921603757525,-0.46600113682812305
2024-06-05,DIS,221.0,2.4918937149618814,160.66666666666666,173.8479980810295,0.3470464658742423
2024-06-06,DIS,85.0,2.1551552613401226,146.8,161.9494173904416,-0.38160063182572157
2024-06-07,DIS,121.0,1.73583544038117,142.7,160.9577262984677,-0.13481800780262743
2024-06-08,DIS,157.0,1.3194144442891007,143.26666666666668,160.97781670548395,0.08531196170003388
2024-06-09,DIS,67.0,1.7929675362426132,140.2,161.54307635191736,-0.45312991217609166
2024-06-10,DIS,110.0,1.960317475068027,141.73333333333332,161.01230052247638,-0.1970863917251063
2024-06-11,DIS,270.0,0.8025256427820072,148.73333333333332,161.89884737578961,0.7490273626543491
2024-06-12,DIS,144.0,1.1176293491608689,149.3,161.8498985330928,-0.032746390625115786
2024-06-13,DIS,131.0,0.8126046491707783,150.06666666666666,161.7019252936655,-0.11791242826602003
2024-06-14,DIS,95.0,1.634254415153104,148.43333333333334,162.01249064944594,-0.3298099616834455
2024-06-15,DIS,70.0,0.7061102757923733,147.96666666666667,162.2245109532558,-0.4806096576190782
2024-06-16,DIS,73.0,0.0482477949810945,148.6,161.88173631303857,-0.46700759283807414
2024-06-17,DIS,97.0,1.1832639701056151,150.66666666666666,160.77341805790846,-0.3338031082186524
2024-06-18,DIS,134.0,-0.21870194677256,150.5,160.7885203485065,-0.10261926637695601
2024-06-19,DIS,91.0,1.7086971460812124,150.83333333333334,160.64977614274056,-0.37244579338952966
2024-06-20,DIS,103.0,-0.4931207996048409,148.23333333333332,160.7758523928382,-0.2813440741263223
2024-06-21,DIS,86.0,1.4422689086249076,145.9,161.16672669351905,-0.3716648046957496
2024-06-22,DIS,115.0,-0.0352109174876894,147.06666666666666,160.79949676824103,-0.19942019291816618
2024-06-23,DIS,218.0,-0.5606922987342553,149.3,161.32044571875124,0.4258604648277052
2024-06-24,DIS,258.0,0.068221721293313,153.3,162.51390391445668,0.6442525684147709
2024-06-25,DIS,121.0,1.0667345835632536,125.53333333333333,59.51107305444911,-0.0761762996473883
2024-06-26,DIS,127.0,1.7759310532403372,122.83333333333333,57.4420747712251,0.07253684138780293
2024-06-27,DIS,101.0,1.223161268376002,123.2,57.26008418941887,-0.38770463428872076
2024-06-28,DIS,61.0,1.37022853993326,119.7,57.760593893212175,-1.0162637889167934
2024-06-29,DIS,41.0,1.8360567689271063,115.03333333333333,58.290286251350636,-1.270080112732641
2024-06-30,DIS,56.0,-0.1261444320059416,113.86666666666666,59.13207504265856,-0.9786003049093234
2024-07-01,DIS,103.0,1.6178551301131845,114.83333333333333,58.6932900666729,-0.20161305184785522
2024-07-02,DIS,74.0,2.152943485666091,115.63333333333334,57.93782835094026,-0.7185863626291351
2024-07-03,DIS,260.0,-0.8609831587073569,122.36666666666666,62.56223568042754,2.1999426944454865
2024-07-04,DIS,202.0,0.0173032768972166,126.4,63.69355513328855,1.18693327514527
2024-07-05,DIS,214.0,-1.236561369005318,126.16666666666667,63.34692836541768,1.3865444718434565
2024-07-06,DIS,126.0,1.3891814152642843,127.53333333333333,62.868627850591096,-0.02438948304991382
2024-07-07,DIS,47.0,0.9668253254942828,125.06666666666666,64.5626845002985,-1.209160791111555
2024-07-08,DIS,83.0,1.4872518649497173,122.6,64.71401276598361,-0.6119231107364649
2024-07-09,DIS,96.0,1.7203961391055291,123.56666666666666,64.0682197474631,-0.43027052687472583
2024-07-10,DIS,92.0,0.2318894598433875,122.96666666666667,64.28357613667403,-0.4817197257481148
2024-07-11,DIS,248.0,-1.639262007616742,122.23333333333333,62.65322367429816,2.0073455010146453
2024-07-12,DIS,125.0,0.7496681335280371,121.6,62.52149975036195,0.054381293052400304
2024-07-13,DIS,60.0,0.6073007096738003,119.23333333333333,63.489713168047516,-0.9329595359259507
2024-07-14,DIS,32.0,2.9820377634416038,117.13333333333334,65.3340136019008,-1.3030476568005689
2024-07-15,DIS,47.0,2.0028982681915397,116.36666666666666,66.0373370530452,-1.05041586717749
2024-07-16,DIS,94.0,0.48933199071455,117.06666666666666,65.67208682922885,-0.351240043987765
2024-07-17,DIS,121.0,3.2316435769234952,117.86666666666666,65.5653048143782,0.04778950303371751
2024-07-18,DIS,131.0,2.480803522961774,117.76666666666667,65.54213350485199,0.20190574559727584
2024-07-19,DIS,91.0,1.9331411083147467,117.76666666666667,65.54213350485199,-0.4083886995330289
2024-07-20,DIS,54.0,0.9742515382924974,116.13333333333334,66.5259779869974,-0.933970987175527
2024-07-21,DIS,27.0,0.582685682559381,114.16666666666667,68.29605094522428,-1.2763061035048315
2024-07-22,DIS,106.0,1.3651079533383397,113.86666666666666,68.31202919935376,-0.11515785373187362
2024-07-23,DIS,101.0,1.4301466261886078,109.96666666666667,65.44146283107744,-0.13701812702158142
2024-07-24,DIS,322.0,2.7306729926753537,112.1,71.22153393849187,2.9471423654153983
2024-07-25,DIS,144.0,1.324056140757272,112.86666666666666,71.44408632815173,0.4357720132403122
2024-07-26,DIS,142.0,0.7297968112361333,113.36666666666666,71.59873016275894,0.39991398266762224
2024-07-27,DIS,71.0,0.5317459172331255,112.36666666666666,71.98586227736749,-0.574649873711
2024-07-28,DIS,64.0,0.1693492001993385,112.46666666666667,71.91409306672249,-0.6739522755532619
2024-07-29,DIS,123.0,1.6691122006229615,115.2,70.65135379526336,0.11040128151830161
2024-07-30,DIS,66.0,2.172768971503115,115.53333333333333,70.38550660633133,-0.7037433659513889
2024-07-31,DIS,106.0,1.3037418819913762,115.63333333333334,70.36921512125622,-0.1368969842385442
2024-08-01,DIS,119.0,1.3716740754309755,117.13333333333334,69.92938967437019,0.02669359299943686
2024-08-02,DIS,100.0,0.7893470397692718,111.8,64.55225095570489,-0.18279765345591184
2024-08-03,DIS,39.0,1.167846257836314,106.36666666666666,63.55040537233836,-1.0600509355049592
2024-08-04,DIS,165.0,-0.2920316731148483,104.73333333333333,61.277735920481405,0.9835002184949069
2024-08-05,DIS,178.0,0.0085999474998597,106.46666666666667,62.620770671880564,1.142325981712245
2024-08-06,DIS,78.0,0.8707448254618492,107.5,61.85675889253883,-0.47690827208145714
2024-08-07,DIS,333.0,1.1714011919950036,115.83333333333333,74.07548960971886,2.9316939761161427
2024-08-08,DIS,133.0,1.4472896157920616,117.06666666666666,74.04189556494757,0.2151934821733061
2024-08-09,DIS,170.0,2.56183192741702,119.66666666666667,74.4994021421666,0.6756206343412345
2024-08-10,DIS,218.0,2.1231796331821644,118.66666666666667,72.90160271325279,1.3625672088999974
2024-08-11,DIS,395.0,3.398042004949549,127.66666666666667,88.6711605463902,3.0148847910191976
2024-08-12,DIS,390.0,4.386666939230698,138.66666666666666,99.76259174983228,2.519314393551287
2024-08-13,DIS,175.0,3.2682943137443243,143.43333333333334,97.88898826215609,0.3224741334758523
2024-08-14,DIS,290.0,-0.9407581314070756,151.53333333333333,99.67178320776708,1.3892263407992929
2024-08-15,DIS,295.0,-2.3078202599310003,158.23333333333332,102.38961535885053,1.3357474406689878
2024-08-16,DIS,94.0,0.6728367647096537,157.33333333333334,102.84582814978991,-0.6158084821981447
2024-08-17,DIS,51.0,0.712015029394667,154.66666666666666,104.57478212968599,-0.9913161142244299
2024-08-18,DIS,190.0,-1.2295661125342865,157.96666666666667,104.05717371858067,0.30784358433534303
2024-08-19,DIS,204.0,1.2483424746786425,162.96666666666667,102.4811112396795,0.40039898901335974
2024-08-20,DIS,256.0,-0.860531454583235,170.6,100.51405803204341,0.849632396423343
2024-08-21,DIS,134.0,0.0143416159292402,171.53333333333333,100.02231934831403,-0.37524958007251
2024-08-22,DIS,154.0,0.5943981369352761,173.3,99.19821675260386,-0.19455994907784877
2024-08-23,DIS,77.0,2.29319303124011,165.13333333333333,96.58468977457348,-0.9124979698028184
2024-08-24,DIS,101.0,2.584668129707969,163.7,97.2260607890279,-0.6448888239548606
2024-08-25,DIS,174.0,0.1956181768549712,164.76666666666668,97.15529102788312,0.09503685528236847
2024-08-26,DIS,121.0,0.1926907976205842,166.43333333333334,95.91220242864131,-0.4736971123891743
2024-08-27,DIS,100.0,1.3452521424610404,167.63333333333333,94.80523895509866,-0.7133923618436909
2024-08-28,DIS,143.0,1.7766298013843562,168.3,94.55053383390221,-0.2675817784851935
2024-08-29,DIS,151.0,1.582441673018711,171.13333333333333,92.63340178594763,-0.21734420786852207
2024-08-30,DIS,84.0,2.1468918988394594,170.4,93.25182812296973,-0.9265233908987358
2024-08-31,DIS,44.0,1.5867777890431396,167.9,95.65179306861636,-1.2953233392197847
2024-09-01,DIS,36.0,1.5066543371934198,165.76666666666668,97.90554326645083,-1.325427165175985
2024-09-02,DIS,189.0,0.5663906741686384,170.76666666666668,94.99534773847638,0.19193922405052888
2024-09-03,DIS,144.0,1.1882228083859931,170.06666666666666,95.11660115927178,-0.2740496017411124
2024-09-04,DIS,108.0,0.8558440542948067,167.73333333333332,95.77161530876778,-0.6237060233426469
2024-09-05,DIS,115.0,1.1338624803556483,168.96666666666667,94.80960351958159,-0.5692109729740681
2024-09-06,DIS,230.0,0.3811118896857157,165.53333333333333,90.42838024659635,0.7129030343224924
2024-09-07,DIS,35.0,0.979319346760921,162.26666666666668,93.36651298579415,-1.3630868562696616
2024-09-08,DIS,44.0,0.5037665709689514,158.06666666666666,95.80869348408038,-1.1905669779916166
2024-09-09,DIS,61.0,0.7957794108463208,152.83333333333334,96.70576894439374,-0.9496158743759944
2024-09-10,DIS,125.0,1.9161039328912528,143.83333333333334,85.28009968508998,-0.22084089257491904
2024-09-11,DIS,64.0,1.5066867522868257,132.96666666666667,72.66858322897029,-0.9490575376894398
2024-09-12,DIS,83.0,2.1831075588326647,129.9,72.77473510062096,-0.6444544241233497
2024-09-13,DIS,107.0,2.8483785872214016,123.8,66.27133358528745,-0.25350327345351137
2024-09-14,DIS,172.0,0.2423495725255793,119.7,58.685103555420106,0.8911972005060833
2024-09-15,DIS,118.0,0.8659764943507589,120.5,58.48592521518232,-0.04274532703042589
2024-09-16,DIS,137.0,4.599516874613844,123.36666666666666,57.05199282284106,0.2389633150180718
2024-09-17,DIS,100.0,2.126022589202699,120.36666666666666,55.77941984424862,-0.36512869304729156
2024-09-18,DIS,74.0,1.4210704949405288,116.03333333333333,54.081983317369826,-0.7772150863378792
2024-09-19,DIS,96.0,2.110901356152939,110.7,47.26240030678361,-0.31102948442273887
2024-09-20,DIS,66.0,0.6620803530519996,108.43333333333334,47.73467136762075,-0.8889415621308038
2024-09-21,DIS,30.0,1.0806941340416767,104.3,49.004679579502366,-1.516181732796762
2024-09-22,DIS,19.0,1.2332350939282453,102.36666666666666,51.21320097419248,-1.6278355010200798
2024-09-23,DIS,53.0,0.9235610986314016,100.76666666666667,52.00111625680803,-0.9185700251273551
2024-09-24,DIS,62.0,2.336281976633513,97.03333333333333,50.56268443695713,-0.6928693308800447
2024-09-25,DIS,61.0,1.5650537224641017,95.03333333333333,50.76822474420594,-0.6703668191040594
2024-09-26,DIS,93.0,1.4570781710937508,94.8,50.76069617196076,-0.035460506567959224
2024-09-27,DIS,69.0,1.9543877061433828,92.33333333333333,50.13178036234993,-0.4654399497620311
2024-09-28,DIS,30.0,1.183330600178928,88.3,50.11651940469753,-1.1632890849665711
2024-09-29,DIS,71.0,0.3906803218833312,87.86666666666666,50.21109462049747,-0.3359151357712335
2024-09-30,DIS,88.0,1.1121031590422472,89.33333333333333,49.52347637882182,-0.026923258034920874
2024-10-01,DIS,126.0,2.121407746930992,92.33333333333333,48.903376467122406,0.6884323557761021
2024-10-02,DIS,98.0,-0.1990773561518313,89.3,45.39721243151135,0.19164172278474775
2024-10-03,DIS,76.0,1.8331820094436904,87.03333333333333,44.255125036023436,-0.2493119909694585
2024-10-04,DIS,67.0,2.998351745481324,85.66666666666667,44.21837138357922,-0.4221473130418969
2024-10-05,DIS,32.0,1.646595578462322,82.9,44.91090797537342,-1.1333549530530682
2024-10-06,DIS,16.0,1.6399748219831969,75.76666666666667,37.04767044035992,-1.6132368366556336
2024-10-07,DIS,46.0,1.5786369630066155,76.13333333333334,36.68292220651516,-0.8214540042281975
2024-10-08,DIS,115.0,1.0148311661343534,78.5,36.828353020559355,0.9910842328361507
2024-10-09,DIS,74.0,0.7738013378586122,78.93333333333334,36.69156939090863,-0.13445413797306008
2024-10-10,DIS,107.0,1.330051950651615,78.33333333333333,36.053918753324325,0.7951054325827891
2024-10-11,DIS,70.0,0.6725763302487127,78.53333333333333,35.98824840122888,-0.23711443908567514
2024-10-12,DIS,37.0,0.4756433984266362,77.0,36.76298738377171,-1.088050858936921
2024-10-13,DIS,26.0,0.8687433467256584,74.3,37.451716041895956,-1.289660531068014
2024-10-14,DIS,25.0,0.9634995876054314,69.4,33.65197130056191,-1.3193877887105718
2024-10-15,DIS,61.0,1.7607178871290246,67.5,32.39918049197809,-0.20062235838370585
2024-10-16,DIS,157.0,0.5804190380050394,68.16666666666667,34.042654109963635,2.6094714309403244
2024-10-17,DIS,90.0,1.3234334998233863,67.83333333333333,33.76805604703137,0.6564389325756107
2024-10-18,DIS,67.0,1.602451286068682,67.6,33.74815448338668,-0.017778749954915563
2024-10-19,DIS,34.0,1.3410026981418035,65.53333333333333,33.84725663342962,-0.9316363117650451
2024-10-20,DIS,126.0,2.9496977094747345,67.53333333333333,35.60291864569538,1.6421874635757048
2024-10-21,DIS,258.0,2.363655237305183,75.13333333333334,49.09367073001544,3.7248521845579496
2024-10-22,DIS,137.0,1.9234736384671796,79.06666666666666,49.168207651674756,1.1782681553851602
2024-10-23,DIS,88.0,3.358912640334668,80.23333333333333,48.94309386197052,0.15868769327436158
2024-10-24,DIS,73.0,2.2186440565128303,80.6,48.84288675136784,-0.1556009586142481
2024-10-25,DIS,132.0,1.742739595486636,82.96666666666667,49.575079483014186,0.98907220814711
2024-10-26,DIS,41.0,2.591952700980008,81.23333333333333,50.11826243880673,-0.8027679208244166
2024-10-27,DIS,37.0,1.1810365183312033,80.16666666666667,50.72446416048044,-0.8510029111416013
2024-10-28,DIS,80.0,2.7229430572642794,81.83333333333333,49.83288163405836,-0.03678963112741877
2024-10-29,DIS,115.0,0.6048109182931183,83.3,50.14953501348754,0.6321095497989044
2024-10-30,DIS,104.0,1.897094684673555,83.83333333333333,50.28613528895314,0.40103830908431104
2024-10-31,DIS,72.0,-0.3557014912127898,82.03333333333333,49.68763346689272,-0.2019281787694442
2024-11-01,DIS,114.0,1.738577123433077,82.56666666666666,49.95010153821721,0.6292946834008626
2024-11-02,DIS,76.0,1.4215294911461094,82.56666666666666,49.95010153821721,-0.13146453089074214
2024-11-03,DIS,68.0,1.5084392194220622,82.6,49.93968776227132,-0.2923526488491599
2024-11-04,DIS,76.0,2.3175879895164693,84.06666666666666,49.04040089090094,-0.16449022683587747
2024-11-05,DIS,69.0,2.3128270664008657,85.83333333333333,47.43204455402233,-0.354893690364984
2024-11-06,DIS,137.0,-0.5649719633525078,88.86666666666666,47.705803401273585,1.0089618013234913
2024-11-07,DIS,49.0,1.5742181133006363,86.66666666666667,47.98012040442411,-0.7850473560544365
2024-11-08,DIS,70.0,1.5305447284929707,86.53333333333333,48.02207346866576,-0.34428611967622086
2024-11-09,DIS,47.0,1.9263150422806012,84.53333333333333,48.3883238504654,-0.7756692182461769
2024-11-10,DIS,256.0,1.8268315231630503,90.73333333333333,57.516974006380245,2.8733546839291986
2024-11-11,DIS,134.0,1.3664193431224352,93.96666666666667,57.11723173368598,0.7008976471407473
2024-11-12,DIS,96.0,2.187120340269834,96.3,55.656055840529895,-0.005390249011887956
2024-11-13,DIS,97.0,2.216086153174933,98.7,54.00328853332764,-0.03147956441487565
2024-11-14,DIS,267.0,1.829540249858581,105.56666666666666,61.605912912212965,2.6204194646603516
2024-11-15,DIS,202.0,1.815292261205696,107.06666666666666,63.42246601483058,1.4968407773853245
2024-11-16,DIS,111.0,7.352928094359617,107.76666666666667,63.34344444394408,0.05104448237251575
2024-11-17,DIS,34.0,1.2478390690668353,106.66666666666667,64.354263762146,-1.1291663118895026
2024-11-18,DIS,90.0,1.739823674641716,108.53333333333333,62.971111785804375,-0.2943148502185301
2024-11-19,DIS,73.0,2.544305547506554,106.76666666666667,63.20720350334038,-0.5342218100960939
2024-11-20,DIS,134.0,3.4450079370638145,102.63333333333334,56.695486248197774,0.5532480404057517
2024-11-21,DIS,149.0,2.271021675264523,103.03333333333333,56.987889417225546,0.8066041247839664
2024-11-22,DIS,106.0,1.015114770344625,103.63333333333334,56.9188674453771,0.041579651403602876
2024-11-23,DIS,82.0,1.383226672731585,103.93333333333334,56.775379154708965,-0.3863176901657764
2024-11-24,DIS,61.0,1.3035253684151278,101.56666666666666,57.04425585838441,-0.7111437612119212
2024-11-25,DIS,95.0,1.585642391760135,103.36666666666666,55.907857280950836,-0.14965099851031827
2024-11-26,DIS,137.0,1.6564306755815423,106.7,54.78431061586166,0.5530780557312929
2024-11-27,DIS,118.0,1.160629679423733,107.96666666666667,54.58462795692064,0.18381243417564105
2024-11-28,DIS,131.0,2.688814054763732,108.5,54.73368123988195,0.4110814308540473
2024-11-29,DIS,63.0,2.5626191446808515,107.13333333333334,55.35822733192759,-0.7972316936507043
2024-11-30,DIS,44.0,1.761275067762199,106.2,56.2006258401775,-1.1067492411362718
2024-12-01,DIS,199.0,0.8196477245456836,109.03333333333333,58.69470006816624,1.5327902955834534
2024-12-02,DIS,198.0,0.752352294765546,113.1,60.52491649925193,1.4027280814348475
2024-12-03,DIS,79.0,2.6213350499811754,113.46666666666667,60.27507824525243,-0.5718228440355685
2024-12-04,DIS,91.0,1.7973052766376043,113.96666666666667,60.0152183765222,-0.3826807147910199
2024-12-05,DIS,130.0,2.729728255923384,116.0,59.470073609946475,0.23541252179749236
2024-12-06,DIS,92.0,2.8308610906488307,114.5,59.489639781892684,-0.3782171161649645
2024-12-07,DIS,56.0,3.234481106824756,114.73333333333333,59.237065128663396,-0.9914963411128497
2024-12-08,DIS,206.0,0.868090771359958,119.26666666666667,60.87688725862129,1.4247333797614676
2024-12-09,DIS,154.0,1.2644317299786652,122.83333333333333,59.6183744722437,0.5227694807609492
2024-12-10,DIS,69.0,2.511732268555458,116.6,54.79592232500802,-0.8686777771103614
2024-12-11,DIS,70.0,2.146748988807705,114.46666666666667,55.33829087333332,-0.8035424651702512
2024-12-12,DIS,67.0,2.219913191827591,113.5,55.922205817084084,-0.8315122645930103
2024-12-13,DIS,78.0,0.6470267982570479,112.86666666666666,56.22230097067194,-0.6201572341348084
2024-12-14,DIS,55.0,1.5143043187816867,105.8,49.046353866380784,-1.035754872592502
2024-12-15,DIS,40.0,0.4277569527694471,100.4,46.96337531193531,-1.2861085813959778
2024-12-16,DIS,74.0,2.016939107947417,99.16666666666667,47.160827793423636,-0.533634964528253
2024-12-17,DIS,439.0,2.425127130637282,112.66666666666667,76.62552619308956,4.258807078348828
2024-12-18,DIS,119.0,1.947937096118864,113.63333333333334,76.51255625299585,0.07014099292306063
2024-12-19,DIS,104.0,1.204161867058122,114.66666666666667,76.15335405176434,-0.14006824518085087
2024-12-20,DIS,97.0,1.3337875703589932,113.43333333333334,76.12905708948044,-0.21586151151219374
2024-12-21,DIS,65.0,1.7771722585535237,110.63333333333334,76.3203246456868,-0.5979184908500292
2024-12-22,DIS,174.0,0.5084027682884663,112.9,77.18287732213781,0.7916263570349575
2024-12-23,DIS,181.0,0.4426798228656693,116.2,77.92896854142926,0.8315264684345267
2024-12-24,DIS,65.0,1.5182801264332737,116.33333333333333,77.83463165620756,-0.659517906631467
2024-12-25,DIS,60.0,1.2894931048468876,115.16666666666667,78.42548993321243,-0.7034277594395253
2024-12-26,DIS,178.0,2.3899890850340166,116.53333333333333,79.17276322562985,0.7763612656981087
2024-12-27,DIS,62.0,1.770503636966532,114.66666666666667,79.79470785897325,-0.6600270629444266
2024-12-28,DIS,60.0,2.08111609042208,112.3,80.34458117470007,-0.6509462024113319
2024-12-29,DIS,263.0,1.6893126354261192,118.96666666666667,84.31242528519329,1.708328669779448
2024-12-30,DIS,112.0,0.0796749403007021,121.23333333333333,83.13333010719997,-0.11106656405351503
2024-12-31,DIS,103.0,2.2188619609766627,118.03333333333333,81.8747922696323,-0.18361369741037203
2024-01-01,GS,174.0,0.2595973934795747,,,
2024-01-02,GS,479.0,-0.3502265529673141,,,
2024-01-03,GS,620.0,-0.3191727424538036,,,
2024-01-04,GS,596.0,-0.1265685081604814,,,
2024-01-05,GS,466.0,-0.0291941857764847,,,
2024-01-06,GS,252.0,-0.0400437220730409,,,
2024-01-07,GS,248.0,-0.7831220361078721,,,
2024-01-08,GS,478.0,-0.1280835381574305,,,
2024-01-09,GS,484.0,-0.0164855598472044,,,
2024-01-10,GS,532.0,-0.1464300109469828,432.9,153.9252704687859,0.6438189109441665
2024-01-11,GS,612.0,0.1214611567250958,449.1818181818182,155.69124457195284,1.0457760952828357
2024-01-12,GS,557.0,0.00931097055737,458.1666666666667,151.6735929154406,0.6516185938077816
2024-01-13,GS,371.0,0.5558905595552773,451.46153846153845,147.21504417269733,-0.546557852926698
2024-01-14,GS,388.0,0.6774837087447917,446.92857142857144,142.45294191184914,-0.4136704418855516
2024-01-15,GS,670.0,-1.118224915046112,461.8,148.86484762072897,1.3985840400041412
2024-01-16,GS,1042.0,-0.1312592826618975,498.0625,204.2617499680251,2.662943503055013
2024-01-17,GS,848.0,-0.3597742546992544,518.6470588235294,215.21731493320613,1.5303273404311688
2024-01-18,GS,585.0,0.1934658954597485,522.3333333333334,209.37638498224985,0.2993015027553335
2024-01-19,GS,446.0,-0.0541378643889458,518.3157894736842,204.22946044736025,-0.35409088049920895
2024-01-20,GS,194.0,0.3350533799498615,502.1,211.59740820221484,-1.4560669840793214
2024-01-21,GS,277.0,0.1531096971980891,491.3809523809524,212.0086027005688,-1.0111898746096366
2024-01-22,GS,500.0,0.0040374596076337,491.77272727272725,206.9073709976524,0.03976307217864218
2024-01-23,GS,669.0,0.2307577284284565,499.4782608695652,205.5002476364837,0.8249223107035254
2024-01-24,GS,716.0,0.3258718231913671,508.5,205.7854518033601,1.008331726959388
2024-01-25,GS,633.0,0.4760921159905233,513.48,202.9856563076974,0.5888100773919939
2024-01-26,GS,479.0,0.1297589946541168,512.1538461538462,198.9994356389369,-0.16660271446196603
2024-01-27,GS,382.0,1.1676041165111777,507.3333333333333,196.73605903107065,-0.6370633525475843
2024-01-28,GS,714.0,0.88618572000015,514.7142857142857,196.96941991322504,1.0117596648937166
2024-01-29,GS,620.0,0.2700902121664277,518.3448275862069,194.40573842611983,0.5229021182027774
2024-01-30,GS,679.0,0.618980171112524,523.7,193.26329191028492,0.8035669809044339
2024-01-31,GS,638.0,-0.0796094846447612,539.1666666666666,182.58377072821483,0.5413040432846126
2024-02-01,GS,701.0,0.1820545958768274,546.5666666666667,184.54934548662106,0.8368132269779789
2024-02-02,GS,683.0,0.2992324044113157,548.6666666666666,185.7681783620489,0.7231234892745049
2024-02-03,GS,356.0,0.6419998833218552,540.6666666666666,188.80245712408498,-0.9780946152904132
2024-02-04,GS,401.0,0.4647902296670929,538.5,190.05765912770642,-0.7234646613615762
2024-02-05,GS,723.0,0.0539799313920775,554.2,184.96027532493525,0.9126283992790063
2024-02-06,GS,668.0,0.2568293798772314,568.2,176.69482751050046,0.5648156281998076
2024-02-07,GS,627.0,0.4029775721179436,573.1666666666666,176.16529920412293,0.3055842074264389
2024-02-08,GS,533.0,0.0491273887345867,574.8,175.5361049412087,-0.23812764908962628
2024-02-09,GS,417.0,0.3115505923559446,570.9666666666667,177.7447769897232,-0.866223296539221
2024-02-10,GS,279.0,0.4148708690491942,559.8666666666667,185.3298519477866,-1.5154960936665285
2024-02-11,GS,321.0,0.2531942352244405,552.0,190.39523320605008,-1.2132656690517378
2024-02-12,GS,513.0,0.1047656014551315,556.7333333333333,187.48313640640217,-0.2332654241421147
2024-02-13,GS,541.0,-0.1347850502597186,561.8333333333334,184.79664188121683,-0.112736536342065
2024-02-14,GS,504.0,0.1027387283339163,556.3,183.92936237813575,-0.28434829177778426
2024-02-15,GS,570.0,0.1507219143764369,540.5666666666667,159.51730709978713,0.1845149837874398
2024-02-16,GS,605.0,0.5143369682503643,532.4666666666667,149.2042648307284,0.48613445075194106
2024-02-17,GS,294.0,0.4959055144929265,522.7666666666667,155.0171699796694,-1.475750503616274
2024-02-18,GS,327.0,0.0789478657207971,518.8,158.53192868880728,-1.209850921428558
2024-02-19,GS,618.0,0.1150879745923515,532.9333333333333,147.06225126498785,0.5784398507091204
2024-02-20,GS,759.0,0.328449174707882,549.0,144.4432832255121,1.453857841711736
2024-02-21,GS,656.0,0.3650334471565599,554.2,145.4231400265185,0.7000261442672487
2024-02-22,GS,709.0,0.4461492940300705,555.5333333333333,146.68985187693846,1.04619825231955
2024-02-23,GS,827.0,0.6190539890582378,559.2333333333333,152.17428377908718,1.759605236949142
2024-02-24,GS,449.0,0.6246031059991692,553.1,152.80534157480585,-0.6812589070980734
2024-02-25,GS,403.0,0.4567517204343965,550.5666666666667,154.6945117126751,-0.9539230903081589
2024-02-26,GS,784.0,0.2696365481821326,563.9666666666667,156.98352281937616,1.4016333012637363
2024-02-27,GS,812.0,0.5544750719329123,567.2333333333333,161.17685367607697,1.5186216946422293
2024-02-28,GS,777.0,0.6227260281307772,572.4666666666667,165.44167288333605,1.2362866608436882
2024-02-29,GS,851.0,0.526131697227441,578.2,172.10690342602916,1.5850613459979441
2024-03-01,GS,567.0,0.6416689660718534,575.8333333333334,171.74401225989342,-0.05143313712716946
2024-03-02,GS,392.0,0.8693911041750662,565.5333333333333,173.23787380229592,-1.0017055134916661
2024-03-03,GS,435.0,0.5566349668841085,557.2666666666667,173.35630705400447,-0.7052911356064927
2024-03-04,GS,680.0,0.365694810374394,568.0666666666667,170.45333739732126,0.6566802096248797
2024-03-05,GS,700.0,0.270345343608417,578.0333333333333,169.08383624155476,0.7213384163606507
2024-03-06,GS,680.0,0.4128904610596376,576.6,167.99129698311444,0.6155080760546374
2024-03-07,GS,710.0,0.3715282331723408,578.0,168.95153355224437,0.7812891497618875
2024-03-08,GS,742.0,0.5683407619590559,581.8333333333334,171.38866564812173,0.9345230973179113
2024-03-09,GS,385.0,0.7209663805633644,576.9,174.93611641849773,-1.0969718770989505
2024-03-10,GS,304.0,-0.0469915095667311,573.1333333333333,179.65075953721663,-1.49809182007705
2024-03-11,GS,733.0,0.6144161718789698,588.2666666666667,173.0188216457335,0.8365178537031283
2024-03-12,GS,533.0,0.1651284631905737,595.3333333333334,165.90968322706706,-0.37570642123415315
2024-03-13,GS,526.0,0.2142017533495086,595.7666666666667,165.7040742706257,-0.4210316914279648
2024-03-14,GS,659.0,0.0832687155011087,599.7,165.7597243207666,0.3577467339728845
2024-03-15,GS,475.0,0.6536060841648316,598.7333333333333,166.4203098790225,-0.7434989961458429
2024-03-16,GS,537.0,0.3112487788101913,597.6333333333333,166.7255608587902,-0.36367149116797576
2024-03-17,GS,342.0,0.2677914262444981,588.8666666666667,173.11680994362584,-1.4260121056242714
2024-03-18,GS,899.0,0.4369441161673814,609.0333333333333,172.82131161152094,1.677840909566019
2024-03-19,GS,735.0,0.1866794361210579,622.6333333333333,165.77144284938768,0.6778409159939439
2024-03-20,GS,822.0,0.3507863299284867,629.4333333333333,169.71206514998056,1.1346669224517936
2024-03-21,GS,739.0,0.6864470978787306,628.7666666666667,169.22412873797407,0.6514043485135514
2024-03-22,GS,752.0,0.88932492621016,631.9666666666667,170.65845773181675,0.7033541432910468
2024-03-23,GS,406.0,0.9817681690822104,621.8666666666667,174.85673610393033,-1.2345344621917287
2024-03-24,GS,467.0,0.6253766362824605,609.8666666666667,172.6323047511043,-0.8275778213854426
2024-03-25,GS,782.0,0.413560014229784,620.9666666666667,172.63784763713198,0.9327811690042022
2024-03-26,GS,840.0,0.6502382818337615,635.5333333333333,172.04765445160487,1.1884304224803073
2024-03-27,GS,690.0,0.4465188170799811,632.4,170.0954296047186,0.3386334373231281
2024-03-28,GS,501.0,0.8976712002299467,622.0333333333333,168.2390506419943,-0.7194128406661494
2024-03-29,GS,476.0,1.048351751990781,612.0,167.65296669423805,-0.8111994835619816
2024-03-30,GS,305.0,0.7978714935711766,593.8,170.4263214250743,-1.6945739225320726
2024-03-31,GS,397.0,0.4201408419267291,588.1333333333333,174.1340611838126,-1.0976217520797187
2024-04-01,GS,580.0,0.6116838646474407,594.4,170.17001640347397,-0.08462125293481494
2024-04-02,GS,720.0,0.8572023176444863,603.9,168.9150674155505,0.687327671689469
2024-04-03,GS,695.0,0.4946312855555465,604.4,169.17010414943599,0.535555619921879
2024-04-04,GS,724.0,0.5443879502823633,605.2,169.69372003904456,0.7000848350349409
2024-04-05,GS,588.0,0.6456094408111313,602.1333333333333,169.12568950509763,-0.08356704043419337
2024-04-06,GS,351.0,0.8855983823731565,590.1666666666666,173.864609103896,-1.3755914323181677
2024-04-07,GS,438.0,0.8641102472748524,580.0333333333333,173.56892367116814,-0.8183108492532913
2024-04-08,GS,701.0,0.0808746612599614,590.5666666666667,170.89272362656556,0.6462143676441835
2024-04-09,GS,731.0,0.1051051460274129,604.8,163.83852437374273,0.7702706093233421
2024-04-10,GS,530.0,0.172739661859643,598.0333333333333,162.54813257093673,-0.4185426941379548
2024-04-11,GS,627.0,-0.0192832854447833,601.1666666666666,162.15681710410234,0.15931080662954022
2024-04-12,GS,710.0,0.6173496206692123,607.3,162.69458376420178,0.6312441239521919
2024-04-13,GS,412.0,0.8830632583367717,599.0666666666667,166.20011480417068,-1.1255507668396172
2024-04-14,GS,459.0,0.5250725961505114,598.5333333333333,166.63706863623753,-0.8373487032343886
2024-04-15,GS,1169.0,-0.2762174147284076,619.6,195.9592850040802,2.8036436241771376
2024-04-16,GS,1077.0,0.3766651127258714,644.1,205.75736463963628,2.1039344120594743
2024-04-17,GS,795.0,0.5018198255969344,640.6333333333333,202.15928907898225,0.7635892833317032
2024-04-18,GS,842.0,0.5385482525727736,644.2,204.80813561426964,0.9657819471221171
2024-04-19,GS,771.0,0.5083066470373484,642.5,203.48883727750695,0.6314842706814366
2024-04-20,GS,410.0,0.7881344681553523,631.5333333333333,206.9448924369652,-1.0704943268933864
2024-04-21,GS,413.0,0.4891203260503908,620.2333333333333,209.3811379268443,-0.9897421295214215
2024-04-22,GS,608.0,0.6010149342785367,626.9666666666667,205.46557448597207,-0.09231067887706719
2024-04-23,GS,884.0,0.7722532209978877,640.8666666666667,208.35542135782154,1.1669162805981685
2024-04-24,GS,831.0,0.8090516547741469,642.5,209.6877399274026,0.8989557523261106
2024-04-25,GS,868.0,0.5598481025969778,643.4333333333333,210.65721188589816,1.0660288563408054
2024-04-26,GS,721.0,0.9962268009841256,644.4666666666667,210.96931192643305,0.36276998125690046
2024-04-27,GS,410.0,0.9172773920155756,641.4333333333333,213.7392357980635,-1.0827835725584178
2024-04-28,GS,376.0,0.3822393855684325,638.1,217.16057145141104,-1.2069410125799196
2024-04-29,GS,724.0,0.5415613155811265,652.0666666666667,208.29139623884222,0.3453495181858075
2024-04-30,GS,821.0,0.796638318951201,666.2,204.74212544328643,0.7560730341391301
2024-05-01,GS,603.0,0.3999635873049706,666.9666666666667,204.4510705031524,-0.31287029463453164
2024-05-02,GS,860.0,0.8815158541558049,671.6333333333333,207.28149830660195,0.9087480947674488
2024-05-03,GS,619.0,0.7253761518660229,669.1,207.450426151273,-0.241503480756733
2024-05-04,GS,548.0,1.0437506690983054,663.2333333333333,208.3310832062393,-0.5531259740979556
2024-05-05,GS,413.0,0.6588515966861904,657.4,212.90998583665694,-1.1479029461187507
2024-05-06,GS,744.0,0.336269296859042,670.5,205.36422647881332,0.3579006979951434
2024-05-07,GS,925.0,0.6018385708187369,686.7333333333333,205.59986806203545,1.1588853091811064
2024-05-08,GS,680.0,0.5902772010281212,686.0333333333333,205.58536834648731,-0.029347094989585577
2024-05-09,GS,683.0,0.5596962372192288,684.4333333333333,205.41004967076725,-0.006977912403169356
2024-05-10,GS,609.0,0.577770342779606,687.0666666666667,203.86251846963324,-0.38293781148541683
2024-05-11,GS,466.0,1.0150632898156513,681.7,207.58349379599446,-1.0390999595178902
2024-05-12,GS,359.0,0.5586533097418616,670.0,215.66768817821986,-1.4420333552377165
2024-05-13,GS,414.0,0.0769294889179664,670.0666666666667,215.58547922013358,-1.1877732563110057
2024-05-14,GS,597.0,0.2145280329653827,674.6666666666666,212.37496659630472,-0.3657053743735257
2024-05-15,GS,675.0,0.3565167668891061,658.2,190.77797169159376,0.08806048125492369
2024-05-16,GS,687.0,1.0121995126709975,645.2,173.78710717625052,0.24052417166716197
2024-05-17,GS,475.0,0.0814475394415013,634.5333333333333,174.0958383176926,-0.9163535146785908
2024-05-18,GS,255.0,1.1746597095578302,614.9666666666667,182.7461935701199,-1.9697628696629848
2024-05-19,GS,301.0,0.6744834413767924,599.3,188.9493911442771,-1.5787296174573298
2024-05-20,GS,523.0,0.2177850537642403,603.0666666666667,186.15120537984095,-0.43011629445692245
2024-05-21,GS,518.0,-0.0983773958699196,606.5666666666667,183.4214448661375,-0.4828588430938564
2024-05-22,GS,600.0,-0.1795644415595163,606.3,183.4251045127606,-0.03434644356199166
2024-05-23,GS,689.0,0.104697492227591,599.8,176.5720327759201,0.5051762648799535
2024-05-24,GS,501.0,-0.0612956152451456,588.8,171.88917841205804,-0.5107942269031217
2024-05-25,GS,399.0,0.7304946021713865,573.1666666666666,166.87494457358383,-1.043695727430594
2024-05-26,GS,576.0,0.6538642934514967,568.3333333333334,164.52886411337275,0.046597700093423844
2024-05-27,GS,515.0,0.2899150497194002,571.8333333333334,162.14405756085773,-0.35051135507696324
2024-05-28,GS,590.0,0.5092424724428495,578.9666666666667,157.88286433484353,0.06988303246090989
2024-05-29,GS,717.0,0.0663247566835905,578.7333333333333,157.66615392009132,0.8769584544869614
2024-05-30,GS,726.0,0.1934236010804947,575.5666666666667,153.53235834009442,0.9798151670418793
2024-05-31,GS,511.0,0.5099586337972204,572.5,153.88391280666588,-0.3996519121350024
2024-06-01,GS,376.0,1.0977909685972802,556.3666666666667,147.960265713079,-1.2190209702409525
2024-06-02,GS,381.0,0.3837628704461396,548.4333333333333,150.8387317253285,-1.1100155206702673
2024-06-03,GS,866.0,0.404231592376308,559.0333333333333,161.59709013540362,1.8995804095819835
2024-06-04,GS,602.0,0.6264211291347939,565.3333333333334,159.376442972958,0.23006327649618835
2024-06-05,GS,638.0,0.4760391314388432,561.8,156.4265609336123,0.4871295484936184
2024-06-06,GS,611.0,0.780610308443117,551.3333333333334,141.03419329425327,0.4230652529927852
2024-06-07,GS,630.0,0.6713280571747444,549.6666666666666,139.75084561667092,0.574832538428307
2024-06-08,GS,440.0,0.8905045181197602,541.5666666666667,138.79523079686092,-0.7317734628455534
2024-06-09,GS,365.0,0.4859223699002771,533.4333333333333,141.82351425416786,-1.1876262848167536
2024-06-10,GS,580.0,-0.0501929202155627,537.2333333333333,141.48124850368256,0.302277984672672
2024-06-11,GS,833.0,0.230854898888641,553.0333333333333,147.2404749763605,1.9014246368847656
2024-06-12,GS,761.0,0.1548008554246878,564.6,149.55326579631992,1.31324447483134
2024-06-13,GS,668.0,-0.0550665871939655,566.9666666666667,150.64149799952244,0.6706872586573296
2024-06-14,GS,616.0,-0.1767781867078984,565.0,149.56373338756785,0.34099175545345983
2024-06-15,GS,287.0,1.019388746484884,551.6666666666666,156.00361033252238,-1.6965419332445477
2024-06-16,GS,457.0,0.7170041090576877,551.0666666666667,156.34288871123812,-0.6016689818262587
2024-06-17,GS,607.0,0.3312616254888729,562.8,146.23938806179936,0.3022441531369206
2024-06-18,GS,971.0,-0.5291783068643313,585.1333333333333,155.7315845831587,2.4777675492065563
2024-06-19,GS,625.0,0.7761865815617514,588.5333333333333,155.44146993229495,0.23460062930793402
2024-06-20,GS,601.0,0.5604815890602065,591.3,154.88040992749941,0.06262896646864947
2024-06-21,GS,552.0,0.0342037790198115,589.7,155.03529075442873,-0.24317044084959805
2024-06-22,GS,376.0,0.8489809550515215,579.2666666666667,158.61293884111723,-1.281526388400628
2024-06-23,GS,354.0,-0.3396103576497272,574.3666666666667,163.3151139263648,-1.3493341881757812
2024-06-24,GS,633.0,0.1144049089367037,582.1666666666666,160.2091485039719,0.3172935741061823
2024-06-25,GS,624.0,0.1743017710551976,583.7666666666667,160.3850288252126,0.2508546690924599
2024-06-26,GS,585.0,0.2958623893430921,586.1,159.85841796134278,-0.006881088991297453
2024-06-27,GS,633.0,0.117341857868666,587.5333333333333,160.08720324772392,0.2840118744301514
2024-06-28,GS,731.0,0.7341188071703738,588.0,160.49750239758242,0.8909795969644573
2024-06-29,GS,444.0,0.8471549800887567,578.6,160.39447062444654,-0.8391810482990861
2024-06-30,GS,441.0,0.5928772279181965,576.2666666666667,161.91375595611385,-0.8354241791743143
2024-07-01,GS,563.0,0.4801416930573147,582.5,157.47681821735532,-0.12382774951094948
2024-07-02,GS,661.0,0.0362352897520408,591.8333333333334,153.36638199565348,0.45098975255624707
2024-07-03,GS,553.0,0.3709458887344036,581.4,144.45989778815928,-0.1965943520301161
2024-07-04,GS,531.0,0.8109291319627081,579.0333333333333,144.69217821562268,-0.3319691079759214
2024-07-05,GS,739.0,0.6767045221777424,582.4,147.26368562360574,1.0633986195365037
2024-07-06,GS,322.0,0.8666116244970008,572.7666666666667,154.5981851464454,-1.6220544014092033
2024-07-07,GS,337.0,0.6071786616258804,563.0,160.01788693121438,-1.4123421095864666
2024-07-08,GS,551.0,0.3234186060392466,566.7,158.35036448027003,-0.09914722995131607
2024-07-09,GS,493.0,0.1952036761395468,570.9666666666667,154.40352044703084,-0.5049539443202895
2024-07-10,GS,603.0,0.237020027406555,571.7333333333333,154.5069875293742,0.20236409476770345
2024-07-11,GS,580.0,0.3076569420841177,563.3,146.44927331732407,0.11403265869277984
2024-07-12,GS,821.0,0.5359654313123585,565.3,149.61770824568038,1.7090223008905256
2024-07-13,GS,460.0,1.036964543450819,558.3666666666667,149.51380592078917,-0.6579102582592292
2024-07-14,GS,551.0,0.7024509901381517,556.2,149.12027083000373,-0.034871181302560915
2024-07-15,GS,935.0,0.1802405815047394,577.8,155.5737767106009,2.2960167680731005
2024-07-16,GS,850.0,0.0697609858218527,590.9,161.4849944987948,1.6044834432089214
2024-07-17,GS,765.0,0.3385462425106817,596.1666666666666,164.57512346757557,1.025873958202418
2024-07-18,GS,802.0,0.6387816288700444,590.5333333333333,153.84491369968748,1.3745444134699154
2024-07-19,GS,713.0,0.4605644006549578,593.4666666666667,155.3562609491226,0.7694143293811577
2024-07-20,GS,491.0,1.4123464564090182,589.8,156.46645558757265,-0.6314452489447658
2024-07-21,GS,427.0,0.8218479480880324,585.6333333333333,159.14913485921528,-0.9967590051536364
2024-07-22,GS,456.0,0.249938264809152,588.3,156.15755748160447,-0.8472212432983593
2024-07-23,GS,633.0,0.5251293411536059,597.6,149.90539545395563,0.23614893842078757
2024-07-24,GS,567.0,0.5367587986176869,595.4,149.85224907129043,-0.18952001171826932
2024-07-25,GS,772.0,0.6961971118664404,600.3333333333334,153.2244991064964,1.1203604362730026
2024-07-26,GS,708.0,0.897603366299639,604.4333333333333,154.44085651445823,0.6705911182056359
2024-07-27,GS,498.0,1.1004383994239535,599.9333333333333,155.54263931050576,-0.6553401291452076
2024-07-28,GS,442.0,0.9080752282950948,590.3,156.09372736960907,-0.9500702078107558
2024-07-29,GS,687.0,0.6451386569803028,598.4,154.5372625525679,0.5733245078665836
2024-07-30,GS,592.0,0.6179544627517337,603.4333333333333,151.66630415518105,-0.07538479556826932
2024-07-31,GS,539.0,0.3002090034806632,602.6333333333333,151.94996529786678,-0.4187782024733814
2024-08-01,GS,643.0,0.5724167645290468,602.0333333333333,151.7469498263775,0.26996698591661344
2024-08-02,GS,598.0,0.4389696223996201,603.5333333333333,151.467700741168,-0.036531440737908934
2024-08-03,GS,405.0,0.7565666967412046,599.3333333333334,155.24804031931748,-1.2517602987685026
2024-08-04,GS,427.0,0.266165942967875,588.9333333333333,156.01766772926092,-1.0379166391228067
2024-08-05,GS,1263.0,-2.2963194260781656,620.3,191.13998300577575,3.3624571368753307
2024-08-06,GS,831.0,-1.3133291213919691,636.7666666666667,187.1290691093907,1.037964514320272
2024-08-07,GS,851.0,-0.4931771149815901,646.7666666666667,190.37543367547832,1.0727924784742855
2024-08-08,GS,728.0,-0.1371574223019209,654.6,188.6572517044857,0.3890653517786549
2024-08-09,GS,633.0,0.5207111332098822,655.6,188.45370784359756,-0.11992335018824
2024-08-10,GS,389.0,0.7359369739807209,649.2333333333333,194.23353936972873,-1.3397960732104677
2024-08-11,GS,389.0,0.8156554123641065,634.8333333333334,197.05330686676237,-1.247547362904971
2024-08-12,GS,397.0,0.083429599776976,632.7333333333333,199.303603672341,-1.1827851026762342
2024-08-13,GS,499.0,-0.932027770878036,631.0,200.26275842950201,-0.6591340348808169
2024-08-14,GS,615.0,-0.2887721380029219,620.3333333333334,191.85812526417797,-0.027798318814955935
2024-08-15,GS,587.0,0.2456210913118192,611.5666666666667,186.9478413951303,-0.13140920207119677
2024-08-16,GS,592.0,0.9088510214156112,605.8,184.70655198131848,-0.07471310493303837
2024-08-17,GS,387.0,0.6679447695505705,591.9666666666667,185.04584396255967,-1.1076534456409495
2024-08-18,GS,389.0,0.3664609963261852,581.1666666666666,187.18091623426446,-1.0266359975830137
2024-08-19,GS,1238.0,-2.1849378174788643,606.0666666666667,221.34104334999483,2.855021028947129
2024-08-20,GS,765.0,-0.9061295354985874,617.3333333333334,220.5127775378815,0.6696512932965947
2024-08-21,GS,722.0,0.1493832576863809,626.2,219.1455822208071,0.4371523214347694
2024-08-22,GS,541.0,0.3274002474100749,623.1333333333333,219.69017891713696,-0.37385983177842685
2024-08-23,GS,675.0,0.4226800566900046,626.7333333333333,219.62349182389283,0.21977005404034708
2024-08-24,GS,324.0,0.9011731790944416,611.8,224.58043640039764,-1.2815007603195234
2024-08-25,GS,506.0,1.259271412831381,605.0666666666667,224.62488782386734,-0.4410315687919087
2024-08-26,GS,475.0,0.5563952970398177,604.3,225.04178156128205,-0.574559973276739
2024-08-27,GS,511.0,-0.1003839162536907,606.6,223.67427055954548,-0.42740722820218097
2024-08-28,GS,729.0,-0.0462373964779519,608.0,224.32534869908358,0.5393951272190503
2024-08-29,GS,649.0,0.4994624684215463,609.9,224.42652587704805,0.17422182982692935
2024-08-30,GS,577.0,0.4372282414055229,611.1666666666666,224.11959297219624,-0.15244837014720647
2024-08-31,GS,590.0,0.7756905049756497,609.4,224.0688933464821,-0.08658051419034493
2024-09-01,GS,546.0,0.7337712030981984,607.6666666666666,224.3610595835899,-0.2748545883190196
2024-09-02,GS,723.0,0.3334802854236084,618.2666666666667,221.95494002679644,0.47186754807389725
2024-09-03,GS,610.0,0.2936438061373578,624.3666666666667,219.01227856200097,-0.06559753983199423
2024-09-04,GS,723.0,-0.0816588065621678,606.3666666666667,184.12710814549527,0.6334392285201749
2024-09-05,GS,712.0,0.303996833237073,602.4,180.36430566667175,0.6076590353889086
2024-09-06,GS,673.0,0.3680518322218917,596.4666666666667,174.74448998926715,0.4379727986732743
2024-09-07,GS,434.0,0.7535964332836772,586.6666666666666,175.3564514281443,-0.8706076418820824
2024-09-08,GS,414.0,0.4337203140277696,579.3666666666667,177.90107350441377,-0.9295428262975821
2024-09-09,GS,695.0,0.0340408711337486,589.5666666666667,175.36418919087953,0.601224992512991
2024-09-10,GS,973.0,-0.0913293114195326,609.0333333333333,184.5078230905376,1.9726354176758618
2024-09-11,GS,1123.0,-0.8068554767496383,633.2333333333333,202.4748061523625,2.4189017684408434
2024-09-12,GS,935.0,0.6064093483301076,647.7666666666667,208.0776849844927,1.3804139225921312
2024-09-13,GS,750.0,0.5941476535424557,652.2666666666667,208.80314658306412,0.4680644661379851
2024-09-14,GS,489.0,1.1736038233079398,649.0,210.6181378704124,-0.7596686668004047
2024-09-15,GS,451.0,0.755248869518574,644.3,213.48764803161092,-0.9054388007093422
2024-09-16,GS,594.0,0.0902089776435303,651.2,208.16362927208053,-0.27478383327587314
2024-09-17,GS,707.0,0.3722496990905612,661.8,202.36743638823143,0.22335609328610653
2024-09-18,GS,707.0,0.1046237228494969,644.1,171.02759406316426,0.3677769095948904
2024-09-19,GS,458.0,-0.1366214296561467,633.8666666666667,172.72037064799738,-1.018216125908399
2024-09-20,GS,449.0,-0.0793246799846003,624.7666666666667,175.09222857039396,-1.0038519019477872
2024-09-21,GS,341.0,0.7324861279110194,618.1,182.06049581919459,-1.5220215607629113
2024-09-22,GS,410.0,0.6453196875970256,609.2666666666667,185.5989248878887,-1.0736412766778363
2024-09-23,GS,586.0,0.4897356171621141,618.0,177.7093714176467,-0.1800692881007083
2024-09-24,GS,608.0,0.3238363664869876,621.4,176.4640434215696,-0.0759361495984063
2024-09-25,GS,672.0,-0.0987481601881055,627.9666666666667,174.48258155004407,0.2523652099949239
2024-09-26,GS,461.0,0.4591146870426691,626.3,175.87165186872625,-0.9398899609095777
2024-09-27,GS,490.0,0.3000052596447086,618.3333333333334,176.47122131957644,-0.7272196133381494
2024-09-28,GS,224.0,0.8803178899036461,604.1666666666666,190.4312860657187,-1.9963456348001
2024-09-29,GS,280.0,-0.0440842697536744,594.2666666666667,199.4011609507468,-1.5760523417629062
2024-09-30,GS,467.0,0.2013323444909552,590.1666666666666,200.75187693258042,-0.6135268499035272
2024-10-01,GS,525.0,0.0171047312844802,589.4666666666667,200.94770864380436,-0.32081314637400987
2024-10-02,GS,657.0,0.4245735785815119,587.2666666666667,199.79333000038702,0.34902733406164393
2024-10-03,GS,571.0,0.5074663138066206,585.9666666666667,199.76718921048405,-0.07492054488936678
2024-10-04,GS,603.0,0.0794109178167989,581.9666666666667,198.12334773958392,0.10616282014868741
2024-10-05,GS,285.0,0.5756833403758429,567.7333333333333,203.71852341308832,-1.3878626675494967
2024-10-06,GS,266.0,-0.2826387524471079,554.1666666666666,209.92413791215318,-1.3727181139467417
2024-10-07,GS,593.0,-0.2493588541334504,559.4666666666667,208.78973639283208,0.16060815015466692
2024-10-08,GS,635.0,0.3165828072484455,566.8333333333334,207.37423830515567,0.3287132829216612
2024-10-09,GS,496.0,-0.3118606837159884,560.2,206.3131867682785,-0.31117739493843666
2024-10-10,GS,469.0,-0.0904422737364447,543.4,191.53060437902053,-0.38844966965576727
2024-10-11,GS,826.0,0.7438697532476698,533.5,166.59071257798595,1.7558001612068994
2024-10-12,GS,302.0,0.4298532315676167,512.4,153.5617588890644,-1.3701327825503513
2024-10-13,GS,357.0,0.1271584971122317,499.3,149.2974697801617,-0.9531306874090676
2024-10-14,GS,799.0,0.2757430236029435,509.6333333333333,158.97440334701662,1.8202091693656106
2024-10-15,GS,1009.0,0.2234882360211217,528.2333333333333,182.7437782955876,2.6308237202419433
2024-10-16,GS,902.0,0.5871002496776576,538.5,194.81888140455973,1.8658355770206794
2024-10-17,GS,785.0,0.7500156830826761,541.1,197.64516271547694,1.2340296956880745
2024-10-18,GS,484.0,1.0030754115614429,533.6666666666666,195.37097044329226,-0.2542172286597855
2024-10-19,GS,395.0,1.2626140013728726,531.5666666666667,196.54738541289078,-0.6948282032843051
2024-10-20,GS,286.0,0.7202868181693262,526.1333333333333,201.10860564473006,-1.1940480247650003
2024-10-21,GS,531.0,0.5579182721659662,532.4666666666667,198.0457511289491,-0.0074056962005296404
2024-10-22,GS,679.0,0.2837780701677616,541.4333333333333,198.39905508210225,0.6933836787163041
2024-10-23,GS,921.0,-0.2372587672576345,552.6,210.0777524369616,1.7536364309235764
2024-10-24,GS,849.0,-0.6169229799868787,560.6333333333333,216.77057366994077,1.3302851110489726
2024-10-25,GS,434.0,-0.1269904842152231,552.7,216.90934861651576,-0.5472332140458148
2024-10-26,GS,280.0,0.2912722347218262,546.6666666666666,222.00533285507294,-1.2011723467956015
2024-10-27,GS,358.0,0.9713869953495748,542.2666666666667,224.46164457442887,-0.8209271878767064
2024-10-28,GS,616.0,0.2400181528235543,555.3333333333334,216.56636051276968,0.2801296864528019
2024-10-29,GS,568.0,0.1499843593868813,564.9333333333333,210.23106062276938,0.014587124555155196
2024-10-30,GS,725.0,-0.2116008394948893,573.5333333333333,211.36073646621333,0.7166263195287415
2024-10-31,GS,574.0,0.6041235107806777,575.1666666666666,211.16198771907582,-0.005524984298872629
2024-11-01,GS,562.0,0.4636771011164127,572.0,210.60405733393904,-0.0474824660388368
2024-11-02,GS,310.0,0.8722258933799096,563.3,215.969370433673,-1.1728514996888955
2024-11-03,GS,236.0,0.8954073073368394,551.0666666666667,223.89189714948418,-1.40722674950719
2024-11-04,GS,486.0,0.1275881775717279,557.7666666666667,218.60019928270103,-0.3283010120857924
2024-11-05,GS,515.0,0.7002634098309599,566.0666666666667,211.7602634948354,-0.24115320704591103
2024-11-06,GS,801.0,0.3111414253394021,573.0,216.03448000660447,1.0553870844738753
2024-11-07,GS,824.0,-0.0184809276496274,579.3,220.61218117492626,1.1091862593297794
2024-11-08,GS,776.0,0.6798830342943072,588.6333333333333,222.87780529239313,0.8406699196488433
2024-11-09,GS,359.0,0.757850253062523,584.9666666666667,225.7994965531988,-1.0007403475916454
2024-11-10,GS,242.0,-0.1478117967503053,565.5,229.44742467427045,-1.4099090476140625
2024-11-11,GS,375.0,-0.245584218194554,567.9333333333333,226.9298742256995,-0.8501892225148197
2024-11-12,GS,612.0,0.2581176143876086,576.4333333333333,223.50648888726363,0.15913035386013558
2024-11-13,GS,519.0,0.0041222336867525,567.1,219.7058142780615,-0.2189291173656618
2024-11-14,GS,434.0,0.5313664087165493,547.9333333333333,204.3718607618578,-0.5574805303852125
2024-11-15,GS,424.0,0.3902202569949701,532.0,194.19577750301315,-0.5561397955644235
2024-11-16,GS,228.0,0.6139778222050583,513.4333333333333,195.79311448097627,-1.4578313138844659
2024-11-17,GS,235.0,-0.039541832452008,505.1333333333333,202.25500008027245,-1.3356076894322555
2024-11-18,GS,517.0,0.3887641178791187,509.2,201.18792038873653,0.038769723276272275
2024-11-19,GS,695.0,0.7018031004640937,522.8333333333334,199.39115660764173,0.8634618986911894
2024-11-20,GS,669.0,0.6380628952347802,527.4333333333333,201.1699715943315,0.7037166906408
2024-11-21,GS,803.0,-0.5148993627007127,531.5666666666667,205.6162618239048,1.3200966252649606
2024-11-22,GS,724.0,0.2884882898155429,525.0,195.65469230429775,1.0170980192516894
2024-11-23,GS,270.0,0.382088978429263,505.7,191.0963198187647,-1.2334094148099624
2024-11-24,GS,251.0,-0.6264883062600047,499.6,196.31354231573394,-1.2663415731155878
2024-11-25,GS,524.0,0.3471802954845214,507.73333333333335,191.90675417725748,0.08476338801312697
2024-11-26,GS,634.0,0.3099318088734024,516.9333333333333,191.09501758844004,0.6126097275795664
2024-11-27,GS,661.0,0.08612816253895,518.4333333333333,192.07356409196,0.7422503317448171
2024-11-28,GS,542.0,0.4767069315672688,517.5666666666667,191.90077955913065,0.12732274141598576
2024-11-29,GS,512.0,1.0466953757500457,510.46666666666664,187.85921605678814,0.008162140593995917
2024-11-30,GS,276.0,0.941940155324615,500.53333333333336,192.21211941647812,-1.1681538813212025
2024-12-01,GS,250.0,0.1612104116963938,490.1333333333333,197.14894305353542,-1.2180300315793506
2024-12-02,GS,426.0,0.3442450018935153,494.0,194.61544752098388,-0.3494070016855578
2024-12-03,GS,539.0,0.3269358714965326,504.1,188.53159435215431,0.18511486162266777
2024-12-04,GS,544.0,0.3895214320221274,506.03333333333336,188.63694071495806,0.20126846058236597
2024-12-05,GS,548.0,0.6122195308036764,507.1333333333333,188.78718785672487,0.21646949208058214
2024-12-06,GS,583.0,0.7343474044377074,499.8666666666667,181.1259293940277,0.4589808516729935
2024-12-07,GS,311.0,0.2072974069063895,482.76666666666665,173.52604561202574,-0.9898610093997489
2024-12-08,GS,259.0,0.0919965620279762,465.53333333333336,169.01371773204943,-1.221991540714859
2024-12-09,GS,462.0,-0.1763602506924444,468.96666666666664,167.81691241336108,-0.04151349566905734
2024-12-10,GS,462.0,0.4454317139242991,476.3,162.27204701173585,-0.08812361872137969
2024-12-11,GS,630.0,0.3677736513657653,484.8,163.45713347161796,0.8883062911733487
2024-12-12,GS,526.0,0.8447024811268736,481.93333333333334,161.89607848828445,0.2721910689754943
2024-12-13,GS,432.0,1.0057516783730904,479.03333333333336,161.98839535560796,-0.290350016926105
2024-12-14,GS,210.0,1.2114724899742482,471.56666666666666,169.14035863607455,-1.546447393016697
2024-12-15,GS,214.0,0.0466471486391791,464.56666666666666,175.40626405936604,-1.428493263968399
2024-12-16,GS,303.0,0.2092263535219015,467.06666666666666,172.4274826749172,-0.9515111171459051
2024-12-17,GS,409.0,0.1127224145141678,472.8666666666667,167.19939228839584,-0.38197905980725994
2024-12-18,GS,335.0,0.3556450115641765,466.8,168.83666867613462,-0.7806361084559245
2024-12-19,GS,379.0,0.3960107482341434,456.26666666666665,163.89376991237836,-0.4714435863423931
2024-12-20,GS,331.0,0.2795250675987099,445.0,160.34467185754286,-0.7109684324358625
2024-12-21,GS,164.0,0.6763708003830451,423.7,153.44192431643526,-1.6924970222899072
2024-12-22,GS,100.0,0.5567014970534261,402.9,153.62411583314915,-1.9716956439897697
2024-12-23,GS,203.0,0.6780472766134457,400.6666666666667,156.09001234551354,-1.266363322652067
2024-12-24,GS,235.0,-0.2044707243841247,400.1333333333333,156.64537884228585,-1.0541857956728704
2024-12-25,GS,177.0,0.7988087776256726,388.56666666666666,159.95984050602266,-1.3226236410175776
2024-12-26,GS,171.0,0.307921766313228,373.1333333333333,157.7841680212576,-1.2810748750540089
2024-12-27,GS,228.0,0.6092044225567087,358.7,150.16385303600933,-0.8703825678251483
2024-12-28,GS,170.0,-0.4184736542218527,346.3,149.86457104723556,-1.1763954533619045
2024-12-29,GS,128.0,0.8797537399051464,333.5,151.6126530066789,-1.3554277688877803
2024-12-30,GS,228.0,0.725670232514964,331.9,152.49111901782942,-0.6813511545406908
2024-12-31,GS,347.0,-0.0375567176055592,335.1333333333333,151.72109923811675,0.07821368765620848
2024-01-01,JPM,260.0,1.1539940150005363,,,
2024-01-02,JPM,530.0,1.4657355115273591,,,
2024-01-03,JPM,397.0,1.2482234625201123,,,
2024-01-04,JPM,671.0,-0.8440337730352878,,,
2024-01-05,JPM,551.0,-0.091781461141421,,,
2024-01-06,JPM,345.0,1.474126142964045,,,
2024-01-07,JPM,269.0,1.248189923004632,,,
2024-01-08,JPM,463.0,0.3959650004051429,,,
2024-01-09,JPM,517.0,1.1417943042758596,,,
2024-01-10,JPM,573.0,1.1651064815184502,457.6,136.35998109579086,0.8462893517045386
2024-01-11,JPM,572.0,1.093528565001467,468.0,133.88203763014664,0.7768032354519677
2024-01-12,JPM,518.0,0.2149211540098344,472.1666666666667,128.46494628591265,0.35677696257566066
2024-01-13,JPM,432.0,1.212892254679075,469.0769230769231,123.49929928172436,-0.3002197040190802
2024-01-14,JPM,392.0,1.249184416575751,463.57142857142856,120.42917758245638,-0.5943030585127469
2024-01-15,JPM,303.0,0.6280643532278687,452.8666666666667,123.23199182648882,-1.2161344180631244
2024-01-16,JPM,488.0,1.0210526276816805,455.0625,119.37697642342931,0.27591166225529884
2024-01-17,JPM,556.0,0.9022296258925856,461.0,118.15032797246057,0.8040604002567252
2024-01-18,JPM,660.0,1.2629987155594191,472.05555555555554,123.84832859886332,1.51753718900143
2024-01-19,JPM,482.0,1.015743782479279,472.57894736842104,120.3805612720083,0.07826058071195924
2024-01-20,JPM,254.0,1.1571124176886198,461.65,126.95514126941391,-1.6356171000538053
2024-01-21,JPM,327.0,1.35720592015986,455.23809523809524,127.18132911787987,-1.0083091293945818
2024-01-22,JPM,544.0,1.307875939523699,459.27272727272725,125.55066585633745,0.6748452678397002
2024-01-23,JPM,840.0,1.3382047877802197,475.82608695652175,146.11223960115328,2.4924257819712716
2024-01-24,JPM,905.0,1.3036343360282978,493.7083333333333,167.61614510973956,2.4537711829453595
2024-01-25,JPM,775.0,1.3450290916490422,504.96,173.46336789074516,1.5567552001531704
2024-01-26,JPM,505.0,1.4334021448961067,504.96153846153845,169.9586963398415,0.0002262993261882952
2024-01-27,JPM,814.0,1.4514813468788703,516.4074074074074,176.95246194719581,1.6817657653240048
2024-01-28,JPM,1203.0,1.3756769176496604,540.9285714285714,216.76834000267016,3.0542810290620537
2024-01-29,JPM,744.0,1.2831951321886046,547.9310344827586,216.17666899262915,0.9069848584072995
2024-01-30,JPM,730.0,1.4064086341462532,554.0,215.00200480220062,0.8185970180227761
2024-01-31,JPM,674.0,1.0605585701417035,567.8,208.67404048518773,0.5089277025214759
2024-02-01,JPM,978.0,0.9918638075287174,582.7333333333333,221.51094521620072,1.78441144874749
2024-02-02,JPM,717.0,1.3291392650693383,593.4,219.9579270114455,0.5619256449601314
2024-02-03,JPM,524.0,1.473531939794594,588.5,219.80692938780734,-0.2934393386943779
2024-02-04,JPM,602.0,1.3604053369639073,590.2,219.70409567227549,0.05370860276360792
2024-02-05,JPM,704.0,1.2696404169042177,602.1666666666666,215.6272459486562,0.472265612285292
2024-02-06,JPM,730.0,1.1988770193330571,617.5333333333333,207.33243892330267,0.5424460699479393
2024-02-07,JPM,682.0,1.2123170507817151,624.8333333333334,205.55158482237127,0.2781134804485578
2024-02-08,JPM,465.0,1.1839069693245998,623.1,206.70824850498823,-0.7648461110935532
2024-02-09,JPM,498.0,1.2681816423619694,620.6,207.7857981937997,-0.5900307002004643
2024-02-10,JPM,465.0,1.4177613605185817,617.0333333333333,209.5595517916719,-0.7254898764265025
2024-02-11,JPM,522.0,1.317411677862202,617.1666666666666,209.49563131538056,-0.4542656382337638
2024-02-12,JPM,618.0,1.3842708154237682,623.3666666666667,206.5584134353271,-0.02598135112200096
2024-02-13,JPM,509.0,1.379302651972674,627.2666666666667,203.11520993206565,-0.5822639609619702
2024-02-14,JPM,409.0,1.1995007096848078,630.8,198.14091119618672,-1.1194053699510218
2024-02-15,JPM,610.0,0.8655460790970363,634.8666666666667,196.3529077141871,-0.12664272180202596
2024-02-16,JPM,574.0,0.9477573011316376,635.4666666666667,196.1309789899092,-0.3133960121099947
2024-02-17,JPM,454.0,1.4001142703063052,628.6,198.82995680766496,-0.8781372928069214
2024-02-18,JPM,470.0,1.399802161177754,628.2,199.14687007851506,-0.7943885833487043
2024-02-19,JPM,448.0,1.443061835639248,634.6666666666666,189.49266810187618,-0.9850864866513451
2024-02-20,JPM,916.0,1.2263000606290462,654.3,187.01302739058872,1.3993677534208502
2024-02-21,JPM,549.0,1.1968816628953165,654.4666666666667,186.9135395426661,-0.5642537556386716
2024-02-22,JPM,579.0,1.1594074244660673,645.7666666666667,184.03198435154636,-0.36279925417271974
2024-02-23,JPM,826.0,1.282123155484261,643.1333333333333,180.73026831457275,1.011820921708451
2024-02-24,JPM,526.0,1.3386545384149513,634.8333333333334,180.1822991293546,-0.6040178966481101
2024-02-25,JPM,473.0,1.4660331417495278,633.7666666666667,181.06993949440016,-0.8878705494438992
2024-02-26,JPM,677.0,1.4937721790444245,629.2,178.07038515420103,0.26843318139963185
2024-02-27,JPM,767.0,1.295378415640882,614.6666666666666,144.19439305502044,1.0564442216224548
2024-02-28,JPM,676.0,1.3985248454264814,612.4,142.61706625157763,0.4459494341848901
2024-02-29,JPM,747.0,1.4451991695565611,612.9666666666667,143.13328327684368,0.9364232431816046
2024-03-01,JPM,536.0,1.391232698432122,608.3666666666667,143.32155391319176,-0.5049252166948898
2024-03-02,JPM,533.0,1.4820810866094536,593.5333333333333,125.6900219158044,-0.4816081054857528
2024-03-03,JPM,490.0,1.4377831961666034,585.9666666666667,124.83077740888154,-0.7687740848743508
2024-03-04,JPM,540.0,1.3225554782367483,586.5,124.59084761869474,-0.37322163616954734
2024-03-05,JPM,731.0,1.3440221172277729,590.8,127.34000102901268,1.1009894680938268
2024-03-06,JPM,633.0,1.2902527236212995,588.4333333333333,125.8142263030293,0.35422597250112137
2024-03-07,JPM,633.0,1.5344772969578824,585.2,123.27132955255718,0.3877625087155424
2024-03-08,JPM,752.0,1.4149825327613477,587.5333333333333,125.80327645898605,1.3073321402744669
2024-03-09,JPM,547.0,1.5226132149336065,590.2666666666667,123.92598829427436,-0.3491331177761175
2024-03-10,JPM,297.0,1.301648087845329,583.5666666666667,134.10204126434596,-2.136929937567303
2024-03-11,JPM,842.0,1.4004973139126458,596.1333333333333,140.13656721664174,1.7544790167906232
2024-03-12,JPM,438.0,1.2094520825908093,593.3333333333334,142.48831369705331,-1.0901478816262087
2024-03-13,JPM,404.0,1.269624653351763,586.2,146.51077399478754,-1.243594549616414
2024-03-14,JPM,567.0,1.0302631062059733,588.1333333333333,145.8380616639053,-0.14490958733418077
2024-03-15,JPM,577.0,1.2956469828937025,593.7333333333333,141.89455369328337,-0.11792794647709884
2024-03-16,JPM,523.0,1.619093960040714,590.8333333333334,142.4386336912008,-0.4762284752070308
2024-03-17,JPM,386.0,1.3546953377675572,584.5666666666667,147.25878776736087,-1.3484198103026757
2024-03-18,JPM,825.0,1.5147525869462946,596.9333333333333,151.43473234670947,1.5060393552550984
2024-03-19,JPM,669.0,1.0918237931824364,603.5666666666667,150.03486567974866,0.43612085122268557
2024-03-20,JPM,837.0,1.0122147705401114,616.5333333333333,152.90852197295615,1.4418206638977198
2024-03-21,JPM,781.0,1.3069957696230492,612.0333333333333,145.60349638974859,1.1604574811471562
2024-03-22,JPM,793.0,1.4428338042655175,620.1666666666666,148.74210111356552,1.1619664643662257
2024-03-23,JPM,616.0,1.4881231547872424,621.4,148.542249881978,-0.03635329345213544
2024-03-24,JPM,577.0,1.511537664382947,613.1,143.58977727516339,-0.25141065530605994
2024-03-25,JPM,621.0,1.4109913410280397,616.2666666666667,142.64712509844202,0.0331821151675285
2024-03-26,JPM,794.0,1.5074070493003155,626.9666666666667,143.56627289389272,1.163458032074042
2024-03-27,JPM,650.0,1.523428316977927,626.0666666666667,143.3262334515294,0.1669850156316788
2024-03-28,JPM,586.0,1.3288108695874474,620.0333333333333,140.97945150668744,-0.2414063395027389
2024-03-29,JPM,490.0,1.4646640312804025,613.8333333333334,142.51487117401862,-0.8689151687343979
2024-03-30,JPM,424.0,1.4642121636941,603.0666666666667,144.29733032953135,-1.2409561996589455
2024-03-31,JPM,416.0,1.597932454683658,599.0666666666667,147.84029904930694,-1.2382731085088732
2024-04-01,JPM,547.0,1.4600024197796762,599.5333333333333,147.64653348648153,-0.35580471882967196
2024-04-02,JPM,626.0,1.323159336520322,604.0666666666667,146.24870959249955,0.14997283322668128
2024-04-03,JPM,708.0,1.356896308592226,609.6666666666666,146.9258159830969,0.6692719905986171
2024-04-04,JPM,633.0,1.3198856003581558,606.4,145.21460931538775,0.183177161894422
2024-04-05,JPM,661.0,1.303832926842028,607.3333333333334,145.48120706536432,0.36889071619095337
2024-04-06,JPM,381.0,1.49741983920177,598.9333333333333,151.11423706480525,-1.4421760488382884
2024-04-07,JPM,518.0,1.3499718409767232,591.1333333333333,148.96487281682664,-0.49094348184528774
2024-04-08,JPM,747.0,1.0288526830016502,597.8,151.37744559373024,0.985615785857729
2024-04-09,JPM,742.0,0.9055449231260284,612.6333333333333,142.42372025738555,0.9083224790988298
2024-04-10,JPM,454.0,1.2768109107189582,599.7,138.43812261477487,-1.0524557632541178
2024-04-11,JPM,537.0,1.045129004849804,603.0,135.60159697971213,-0.48671993154973325
2024-04-12,JPM,733.0,0.7099757227167436,613.9666666666667,132.21416360387136,0.9003069723299137
2024-04-13,JPM,440.0,1.402557546801383,609.7333333333333,135.75559513034958,-1.250286098118896
2024-04-14,JPM,543.0,1.3131211612583236,608.6,136.17954679582846,-0.4817169798512615
2024-04-15,JPM,582.0,1.1650344723726165,610.5666666666667,135.32405126426974,-0.21109822237644843
2024-04-16,JPM,846.0,1.3595039945195635,625.9,135.06201640676798,1.6296217534404498
2024-04-17,JPM,560.0,1.2602806211718005,617.0666666666667,130.16857328581412,-0.43840587037367407
2024-04-18,JPM,853.0,1.159443220361202,623.2,136.8627301223811,1.679054624984577
2024-04-19,JPM,785.0,1.2155117338930177,621.4666666666667,134.3681852054358,1.2170539706501717
2024-04-20,JPM,423.0,1.3913104687867353,609.5333333333333,135.60280063564278,-1.3755861417238575
2024-04-21,JPM,543.0,1.3437846157722098,601.2,131.56076346220638,-0.4423811360498773
2024-04-22,JPM,569.0,1.1435149275006764,599.6333333333333,131.65825231370363,-0.23267309716631307
2024-04-23,JPM,879.0,1.336607840101785,609.7,141.0766849429159,1.908890899364181
2024-04-24,JPM,860.0,1.3380850680990153,617.6666666666666,148.30009959615631,1.634073975629442
2024-04-25,JPM,720.0,1.4283134463732297,615.2,145.8613890911032,0.7184903465751528
2024-04-26,JPM,817.0,1.339020400371287,620.7666666666667,150.35284553648972,1.3051521082499813
2024-04-27,JPM,626.0,1.3482503412313296,622.1,150.2111961482095,0.02596344413735943
2024-04-28,JPM,442.0,1.4010596304188114,620.5,151.9128039369954,-1.175016163048583
2024-04-29,JPM,663.0,1.3563326416931267,628.4666666666667,147.45396320332603,0.23419739004040793
2024-04-30,JPM,637.0,1.4244860858654589,635.8333333333334,141.8887576245204,0.0082224038479072
2024-05-01,JPM,657.0,1.2456831049400447,639.5,140.9320574872382,0.12417330955084278
2024-05-02,JPM,1094.0,1.3833441682718095,655.1,163.4837016024998,2.684671289540271
2024-05-03,JPM,644.0,1.2529815770180022,652.9666666666667,163.18690011093452,-0.05494722101204909
2024-05-04,JPM,725.0,1.4366318894005936,656.0333333333333,163.66249614275773,0.42139566664380584
2024-05-05,JPM,515.0,1.400037487452794,651.1666666666666,165.66815258705947,-0.8219242174207885
2024-05-06,JPM,537.0,1.324448557088295,656.3666666666667,159.2184539931036,-0.7497037163282401
2024-05-07,JPM,971.0,1.2885639255925196,671.4666666666667,166.9372653864699,1.7942868097179827
2024-05-08,JPM,758.0,1.0561030280222132,671.8333333333334,167.12086960482014,0.5155948917117255
2024-05-09,JPM,683.0,1.322786370714251,669.8666666666667,166.61306264419423,0.07882535213568363
2024-05-10,JPM,768.0,1.3063538807989037,680.3333333333334,162.39401495114916,0.5398392711273148
2024-05-11,JPM,572.0,1.5214906098615313,681.5,161.4517649757758,-0.6782211393999277
2024-05-12,JPM,438.0,1.3495903818127002,671.6666666666666,167.09203190588357,-1.3984309365408996
2024-05-13,JPM,371.0,0.5986009347033914,669.3666666666667,170.82406422849286,-1.746631354394975
2024-05-14,JPM,511.0,1.0522987903817589,668.3,171.7378013536715,-0.9159311389812265
2024-05-15,JPM,419.0,1.058822891820476,662.8666666666667,177.05828639634245,-1.3773242226052873
2024-05-16,JPM,504.0,1.045642199065932,651.4666666666667,175.86647233612788,-0.8385149523259808
2024-05-17,JPM,340.0,0.8320293839607026,644.1333333333333,184.20130167897807,-1.6510922048931562
2024-05-18,JPM,371.0,1.3339701496889025,628.0666666666667,186.363185156321,-1.3793854534683971
2024-05-19,JPM,315.0,1.2685405847148543,612.4,192.37402505858572,-1.5459467561144473
2024-05-20,JPM,439.0,1.167218231413521,612.9333333333333,191.8523019072912,-0.9066001898553351
2024-05-21,JPM,392.0,0.938795351498262,607.9,195.69264254137806,-1.1032606908271945
2024-05-22,JPM,307.0,0.5782757844286093,599.1666666666666,203.1911081636733,-1.4378910047152371
2024-05-23,JPM,450.0,1.1013919034882194,584.8666666666667,197.8436745014352,-0.6816829853495686
2024-05-24,JPM,412.0,0.082008562386667,569.9333333333333,193.21382354582022,-0.8174018319961447
2024-05-25,JPM,429.0,1.4098003880324674,560.2333333333333,192.7241522242987,-0.6809386982312403
2024-05-26,JPM,867.0,1.4368278614960992,561.9,195.221244957506,1.562842200224732
2024-05-27,JPM,485.0,1.373306086309005,557.2,195.32208590269371,-0.369645857847171
2024-05-28,JPM,664.0,1.4530349012505557,564.6,195.01221889215387,0.509711650709284
2024-05-29,JPM,448.0,1.2212516816798362,557.4333333333333,195.22183373745884,-0.5605588844150653
2024-05-30,JPM,475.0,1.5989581358181175,552.0333333333333,195.18558513291418,-0.39466712298900786
2024-05-31,JPM,524.0,1.2146433268507215,547.6,194.22731083928954,-0.1215071139996758
2024-06-01,JPM,620.0,1.5122291849352192,531.8,165.38385861278934,0.5333047658931537
2024-06-02,JPM,522.0,1.2233867359115216,527.7333333333333,164.02416418559042,-0.03495419935105527
2024-06-03,JPM,698.0,1.3950008266271767,526.8333333333334,162.97515853298162,1.0502623111854636
2024-06-04,JPM,703.0,1.2159540582737245,533.1,166.0891638392689,1.0229445201158274
2024-06-05,JPM,608.0,1.280652517868521,535.4666666666667,166.65155333775013,0.43523946750337883
2024-06-06,JPM,701.0,1.3614243446467966,526.4666666666667,148.63650021243842,1.174229298213305
2024-06-07,JPM,768.0,1.179097431591229,526.8,149.18384862194392,1.6167970073706839
2024-06-08,JPM,678.0,1.3490106442105951,526.6333333333333,149.00601314719785,1.0158426728533219
2024-06-09,JPM,570.0,1.4759452166163114,520.0333333333333,142.1748518752421,0.35144518181395584
2024-06-10,JPM,593.0,1.2570397636624435,520.7333333333333,142.49087891760843,0.5071669654620696
2024-06-11,JPM,600.0,1.2305668063871364,526.1333333333333,142.3169685604278,0.519029230413258
2024-06-12,JPM,558.0,1.0816395440262652,532.3666666666667,139.35231543139807,0.18394623192287315
2024-06-13,JPM,585.0,1.1833958495135015,534.8333333333334,139.61574936684,0.3593195387638815
2024-06-14,JPM,476.0,0.9952598789515958,536.7333333333333,138.36731060361794,-0.4389283355178932
2024-06-15,JPM,359.0,1.306682044274366,531.9,142.03407798956115,-1.2173134957985738
2024-06-16,JPM,521.0,1.3919451133352516,537.9333333333333,137.36910593131097,-0.12326886179051423
2024-06-17,JPM,407.0,1.2986980650192497,539.1333333333333,136.01108812135112,-0.9714894216230517
2024-06-18,JPM,581.0,1.350653340396818,548.0,129.40580384575276,0.2550117461449786
2024-06-19,JPM,665.0,1.4580972417987224,555.5333333333333,129.41985493182506,0.8458259107486314
2024-06-20,JPM,630.0,1.1344558369574207,563.4666666666667,126.30688771819773,0.5267593441283683
2024-06-21,JPM,657.0,1.004677678641746,575.1333333333333,117.66982835777006,0.6957320139683946
2024-06-22,JPM,519.0,1.5549119684178083,577.4333333333333,115.79907787535078,-0.5046096601583692
2024-06-23,JPM,434.0,1.515915269498161,578.1666666666666,114.78047513085276,-1.2560208215056858
2024-06-24,JPM,516.0,1.2980421895975032,581.0666666666667,111.94577915787765,-0.581233764739829
2024-06-25,JPM,505.0,1.1461042302730329,569.0,98.80039089689498,-0.6477707164821687
2024-06-26,JPM,540.0,1.2052145599356787,570.8333333333334,97.69201546215233,-0.3156177420178087
2024-06-27,JPM,626.0,1.221204216850222,569.5666666666667,96.68351616925459,0.5836913630089833
2024-06-28,JPM,765.0,1.178642105292528,580.1333333333333,100.19798791197924,1.8450137624426768
2024-06-29,JPM,551.0,1.3935208518427105,582.6666666666666,98.39271536440873,-0.3218395442120434
2024-06-30,JPM,620.0,1.604345979612006,585.8666666666667,97.97914392194956,0.34837345956527266
2024-07-01,JPM,484.0,1.1983794940766386,581.3333333333334,99.48014299635209,-0.9784197167559616
2024-07-02,JPM,495.0,1.3347161250924402,580.4333333333333,100.15528747497731,-0.853008717634382
2024-07-03,JPM,549.0,1.309966755553165,575.4666666666667,97.79067487216747,-0.27064611938985056
2024-07-04,JPM,553.0,1.5914621379122562,570.4666666666667,94.83515037751762,-0.18417924785415307
2024-07-05,JPM,585.0,1.4401460225869558,569.7,94.61397068232473,0.16170973366471572
2024-07-06,JPM,427.0,1.595697124257874,560.5666666666667,94.72707923413361,-1.410015676051139
2024-07-07,JPM,423.0,1.5424225373507985,549.0666666666667,89.47198880995737,-1.4090070908610084
2024-07-08,JPM,545.0,1.0600155134022564,544.6333333333333,86.09436816589688,0.004258892590513438
2024-07-09,JPM,479.0,1.1890243080382006,541.6,86.77024756256552,-0.7214454465496646
2024-07-10,JPM,549.0,1.2941140581151456,540.1333333333333,86.24173456980752,0.10281178493099113
2024-07-11,JPM,636.0,1.3976785871200172,541.3333333333334,87.34684461597772,1.0838017913854894
2024-07-12,JPM,809.0,1.3021801492627876,549.7,100.09001121404437,2.590668108183963
2024-07-13,JPM,689.0,1.4872049774773282,553.1666666666666,103.11028021035251,1.3173597536174224
2024-07-14,JPM,609.0,1.437747244206886,557.6,102.53564561014672,0.5012890853140884
2024-07-15,JPM,416.0,1.191114602832704,559.5,99.20259660116633,-1.4465347169986562
2024-07-16,JPM,575.0,1.3316873254005428,561.3,98.96957038438084,0.1384263864821439
2024-07-17,JPM,679.0,1.356506869966492,570.3666666666667,96.7814756189864,1.1224599815051988
2024-07-18,JPM,755.0,1.471654421114451,576.1666666666666,102.48636018021357,1.744947649803058
2024-07-19,JPM,744.0,1.330050887995489,578.8,105.80867574102288,1.5613086435779922
2024-07-20,JPM,620.0,1.1513693949782258,578.4666666666667,105.65745998543915,0.3930941869987892
2024-07-21,JPM,608.0,1.5413417716902542,576.8333333333334,104.77663708175061,0.2974581694423848
2024-07-22,JPM,347.0,1.318301985660959,571.1,112.47355244678614,-1.9924684081266746
2024-07-23,JPM,535.0,1.364724053375926,574.4666666666667,109.70579255235425,-0.3597500710624031
2024-07-24,JPM,446.0,1.2940210247769977,572.1333333333333,111.71815934053305,-1.1290316102403795
2024-07-25,JPM,841.0,1.1061144602901474,583.3333333333334,121.19614576019487,2.12603020542006
2024-07-26,JPM,953.0,1.5314994918423703,597.1,138.3469775849712,2.5725173488622843
2024-07-27,JPM,761.0,1.5448474902830585,601.6,141.4795220956509,1.1266648179107748
2024-07-28,JPM,606.0,1.4826988247774502,596.3,138.0847191226183,0.07024673013518976
2024-07-29,JPM,818.0,1.3606220426137388,605.2,143.56024807580332,1.4823044878526286
2024-07-30,JPM,554.0,1.2213515591003308,603.0,143.83107908357223,-0.3406774134784098
2024-07-31,JPM,454.0,1.5010659376137736,602.0,144.7880734276706,-1.0221836405188023
2024-08-01,JPM,613.0,1.2961788768700235,605.9333333333333,143.3769888076194,0.04928731399254481
2024-08-02,JPM,636.0,1.1222943585455394,608.8333333333334,143.0652330915524,0.18989006678709802
2024-08-03,JPM,576.0,1.4672590581953917,609.6,142.81712444410422,-0.23526590477705908
2024-08-04,JPM,469.0,1.403206617614431,605.7333333333333,145.05883071297686,-0.9426060630799038
2024-08-05,JPM,414.0,1.015845793340424,605.3,145.62946604073755,-1.3136077828266348
2024-08-06,JPM,410.0,1.1842989378874498,604.8666666666667,146.20880989856258,-1.332797023666783
2024-08-07,JPM,678.0,1.2194779381300105,609.3,146.34728417776287,0.46943132826812545
2024-08-08,JPM,801.0,1.2230331324049448,620.0333333333333,148.25687943178414,1.220629136133497
2024-08-09,JPM,818.0,1.4141890321312345,629.0,151.90241876805723,1.244219819097073
2024-08-10,JPM,537.0,1.4549063296283875,625.7,152.81770749536176,-0.5804301180391168
2024-08-11,JPM,508.0,1.1604174333261223,615.6666666666666,150.22726079196636,-0.7166919379283808
2024-08-12,JPM,453.0,1.289940107576136,607.8,152.41784672406308,-1.0156290967700752
2024-08-13,JPM,392.0,1.3165937049353929,600.5666666666667,157.4257752486665,-1.3248571673680445
2024-08-14,JPM,454.0,1.3082852838687875,601.8333333333334,156.0362653101964,-0.9474293238142056
2024-08-15,JPM,699.0,1.5030969708098931,605.9666666666667,156.94068357478096,0.5927929661973447
2024-08-16,JPM,847.0,1.483253558109536,611.5666666666667,162.53417324139673,1.4485158944615684
2024-08-17,JPM,750.0,1.5487310266001828,611.4,162.38451599362162,0.8535296555334386
2024-08-18,JPM,454.0,1.5978719690907566,601.7333333333333,162.84982151607068,-0.9071752855360325
2024-08-19,JPM,454.0,1.3952868683275337,596.2,165.0135626609793,-0.8617473479567873
2024-08-20,JPM,558.0,1.5423708722595726,594.5333333333333,165.14272475719255,-0.22122278403149664
2024-08-21,JPM,616.0,1.2469384008291169,603.5,158.4044909673355,0.07891190409858782
2024-08-22,JPM,555.0,1.3312996746187409,604.1666666666666,158.14813730592377,-0.3108899510561924
2024-08-23,JPM,693.0,1.564581340549236,612.4,156.0454398896194,0.5165162151294738
2024-08-24,JPM,336.0,1.5571900043698836,595.5666666666667,157.76383120595665,-1.645286278119153
2024-08-25,JPM,484.0,1.549637404030012,579.9333333333333,143.73705239041536,-0.6674224337978026
2024-08-26,JPM,469.0,1.38772221681104,570.2,140.91190693919845,-0.718179195769925
2024-08-27,JPM,445.0,1.4622307098353793,564.8333333333334,142.55769148768783,-0.8405953553455439
2024-08-28,JPM,717.0,1.4858987152024077,561.4666666666667,137.474695686235,1.1313597208341117
2024-08-29,JPM,724.0,1.5471048502516358,567.1333333333333,140.6239135334784,1.1155049146695903
2024-08-30,JPM,589.0,1.5052723589950634,571.6333333333333,139.02976196715443,0.12491330216597453
2024-08-31,JPM,921.0,1.524788823570799,581.9,152.8728004042846,2.2181840007066165
2024-09-01,JPM,819.0,1.5744245686312162,588.0,158.6479511805717,1.4560541014303918
2024-09-02,JPM,985.0,1.450878432380909,601.6333333333333,174.37523616759842,2.198515540923477
2024-09-03,JPM,709.0,1.3976427552673665,609.6333333333333,173.58402185592473,0.5724413203718791
2024-09-04,JPM,595.0,1.421204993617203,615.6666666666666,169.65082463357075,-0.12181884002806714
2024-09-05,JPM,689.0,1.4204013836516314,624.9666666666667,165.58620701623371,0.38670692738952356
2024-09-06,JPM,773.0,1.3371661711001956,628.1333333333333,167.53234033305714,0.8647086668679569
2024-09-07,JPM,732.0,1.4430086250639311,625.8333333333334,165.5390532802443,0.6413390952945406
2024-09-08,JPM,639.0,1.3368892053379835,619.8666666666667,161.55168561929892,0.1184347489782407
2024-09-09,JPM,730.0,1.3301089268405235,626.3,161.98023506503552,0.6402015650759132
2024-09-10,JPM,847.0,1.4498569157343142,637.6,165.23475463089193,1.2672878685102669
2024-09-11,JPM,765.0,1.2829106094883085,648.0,163.0191442110723,0.7177071169537727
2024-09-12,JPM,808.0,1.348185598372519,661.8666666666667,158.11142586323672,0.9242427138677238
2024-09-13,JPM,770.0,1.4491476252081612,672.4,154.26502050602465,0.6326774513097632
2024-09-14,JPM,702.0,1.5066132748853145,672.5,154.28382935356532,0.19120603969711028
2024-09-15,JPM,628.0,1.5326614579897793,665.2,150.88620969413384,-0.24654340562606306
2024-09-16,JPM,508.0,1.447764148161165,657.1333333333333,152.65483566063267,-0.9769316031682874
2024-09-17,JPM,564.0,1.341718848582667,660.8,148.8819018203866,-0.6501797654142071
2024-09-18,JPM,626.0,1.3678027167908056,666.5333333333333,143.87104698624947,-0.28173377606133143
2024-09-19,JPM,295.0,1.1290198137744487,657.7666666666667,158.02873665632924,-2.295574047747963
2024-09-20,JPM,309.0,1.2389301844923517,647.5333333333333,170.29097478126687,-1.9879699072024704
2024-09-21,JPM,536.0,1.5069647655486071,646.9,170.68186781260638,-0.6497468150615646
2024-09-22,JPM,467.0,1.4542739232387931,639.3666666666667,173.5405116835903,-0.9932359020638141
2024-09-23,JPM,533.0,1.4003739997044256,645.9333333333333,165.1918285808505,-0.6836496351153342
2024-09-24,JPM,541.0,1.3229552666279294,647.8333333333334,163.58506873380503,-0.6530750890668309
2024-09-25,JPM,454.0,1.2680702716642491,647.3333333333334,164.1723932719619,-1.1776238957122622
2024-09-26,JPM,234.0,0.988555212856678,640.3,177.14656896635555,-2.293580972923987
2024-09-27,JPM,194.0,1.3323305586739498,622.8666666666667,194.24739528424226,-2.2078374128986695
2024-09-28,JPM,290.0,1.5346608149029402,608.4,202.44396414981026,-1.5727808993326235
2024-09-29,JPM,220.0,1.1272589846779597,596.1,214.51329835796614,-1.7532712558099233
2024-09-30,JPM,329.0,1.0908137149123298,576.3666666666667,210.7918540815238,-1.1735115085187189
2024-10-01,JPM,332.0,0.6550425758289667,560.1333333333333,210.21347660682085,-1.0852459938143235
2024-10-02,JPM,716.0,0.7326794533869354,551.1666666666666,196.7732956604057,0.8376814179999568
2024-10-03,JPM,512.0,1.097819040126888,544.6,194.59960661972488,-0.1675234630032168
2024-10-04,JPM,505.0,0.95537885229842,541.6,194.48953522065082,-0.1881849322045881
2024-10-05,JPM,380.0,1.3533234415654405,531.3,194.5963372799153,-0.7775069259518685
2024-10-06,JPM,181.0,1.389893960572742,511.56666666666666,199.20301260243275,-1.659446121562469
2024-10-07,JPM,219.0,0.645691763998035,494.46666666666664,201.6317458128559,-1.3661869838807053
2024-10-08,JPM,300.0,1.0714021621877972,483.1666666666667,202.7485419537406,-0.9034179230174599
2024-10-09,JPM,268.0,0.9734724101350112,467.76666666666665,200.89089221443695,-0.9944038003147985
2024-10-10,JPM,261.0,0.8936699755438112,448.23333333333335,190.99064489335984,-0.980327248163781
2024-10-11,JPM,866.0,1.1083427928700893,451.6,197.54468721855247,2.097753201236593
2024-10-12,JPM,320.0,1.200314628706643,435.3333333333333,186.99554361891404,-0.6167704914314743
2024-10-13,JPM,412.0,1.418364192228238,423.4,176.0018808676923,-0.0647720350702946
2024-10-14,JPM,713.0,0.9215354355789276,423.76666666666665,176.61270375156093,1.637670038391998
2024-10-15,JPM,549.0,1.3780051509037097,421.1333333333333,174.03264325849926,0.7347280617736754
2024-10-16,JPM,767.0,1.5631769851391784,429.76666666666665,184.59418366697798,1.8268903528495137
2024-10-17,JPM,840.0,1.4687853341446475,438.96666666666664,197.9122904537349,2.0263184889322536
2024-10-18,JPM,368.0,1.3442513993828704,430.3666666666667,195.09016188513365,-0.3196812492440664
2024-10-19,JPM,321.0,1.4746097330549883,431.23333333333335,194.52500651823505,-0.5666794994966363
2024-10-20,JPM,313.0,1.3998738417668766,431.3666666666667,194.43968718865713,-0.6087577509411449
2024-10-21,JPM,347.0,1.1041338588642555,425.06666666666666,193.99394468568468,-0.40241805894072014
2024-10-22,JPM,410.0,1.2328569560235427,423.1666666666667,193.84816015480294,-0.06792257742426892
2024-10-23,JPM,469.0,1.3083577516573666,421.03333333333336,192.94781916243588,0.2485991646595664
2024-10-24,JPM,503.0,1.4290851804543223,419.76666666666665,192.25659637727526,0.43292836189609946
2024-10-25,JPM,389.0,1.4158077674007483,417.6,192.2237561119669,-0.14878493989754854
2024-10-26,JPM,314.0,1.25914233218363,420.26666666666665,190.13242813861314,-0.5589086917313998
2024-10-27,JPM,279.0,1.4765164559142694,423.1,187.25592850059655,-0.7695350483898883
2024-10-28,JPM,402.0,1.266878827792676,426.8333333333333,185.6201318104617,-0.13378577577291478
2024-10-29,JPM,483.0,0.6996067834442443,435.6,181.68362042582248,0.26089308375133563
2024-10-30,JPM,461.0,1.1558722886555637,440.0,180.60816799034157,0.11627381105556102
2024-10-31,JPM,508.0,1.6354649927735894,445.8666666666667,179.83588942821353,0.3455001864804943
2024-11-01,JPM,524.0,1.4220558223986923,439.46666666666664,173.1843214479941,0.48811192968595635
2024-11-02,JPM,445.0,1.3278483838235629,437.23333333333335,172.6478743157499,0.04498559103289309
2024-11-03,JPM,342.0,1.4666781755764895,431.8,173.00615894956633,-0.5190566656426258
2024-11-04,JPM,400.0,1.1250306706710422,432.46666666666664,172.83812106116483,-0.18784436250135567
2024-11-05,JPM,373.0,1.2415049265631573,438.8666666666667,166.64948417175643,-0.39524074733277625
2024-11-06,JPM,457.0,0.9657852348730932,446.8,161.40426862705442,0.06319535466294524
2024-11-07,JPM,349.0,1.224181351450924,448.43333333333334,160.11023860374135,-0.6210304487736229
2024-11-08,JPM,703.0,1.374358210912396,462.93333333333334,162.87967493136463,1.4738896474825827
2024-11-09,JPM,470.0,1.4482633459773435,469.9,158.35149684080676,0.0006315065029069747
2024-11-10,JPM,203.0,1.2840761404699736,447.8,147.024370487485,-1.6650300843888863
2024-11-11,JPM,220.0,1.2742626032851845,444.46666666666664,151.0989019183111,-1.485561204065007
2024-11-12,JPM,335.0,1.194824248646841,441.9,152.31848439915305,-0.7018189579661704
2024-11-13,JPM,452.0,1.4342627800133163,433.2,143.4985041373429,0.13101181864590355
2024-11-14,JPM,442.0,1.451073011040412,429.6333333333333,141.84121363361677,0.08718669524790176
2024-11-15,JPM,380.0,1.317268383203886,416.73333333333335,126.91347400909524,-0.28943603994876743
2024-11-16,JPM,280.0,1.3385510990128988,398.06666666666666,101.06192479701718,-1.168260617475904
2024-11-17,JPM,220.0,1.3652468388322492,393.1333333333333,106.06853130562862,-1.6322780300828568
2024-11-18,JPM,338.0,0.75111448675643,393.7,105.7146941145077,-0.5268898563871078
2024-11-19,JPM,475.0,1.3460612383220587,399.1,105.58779644741378,0.7188330711854631
2024-11-20,JPM,340.0,1.211034895259898,398.8666666666667,105.71455820317156,-0.556845411523468
2024-11-21,JPM,385.0,1.3970983097773193,398.03333333333336,105.72230487047769,-0.12327893673242116
2024-11-22,JPM,409.0,1.2520377665103593,396.03333333333336,104.8978101521306,0.12361236757813548
2024-11-23,JPM,228.0,1.3290786077054155,386.8666666666667,107.21802902089843,-1.4817159774099293
2024-11-24,JPM,124.0,1.2297327572390309,378.03333333333336,117.46297533568784,-2.1626672796883635
2024-11-25,JPM,177.0,1.33118445732584,373.46666666666664,122.58951221759098,-1.6026384566890761
2024-11-26,JPM,260.0,1.3060111560186145,372.8333333333333,123.14221756621974,-0.9162847280434687
2024-11-27,JPM,350.0,1.039561911516511,371.1,123.08347321760992,-0.17142837660012655
2024-11-28,JPM,330.0,1.389164889691081,366.0,121.445886913784,-0.29642831811633824
2024-11-29,JPM,383.0,1.3936230560853764,363.4,120.17016670337519,0.16310204552166543
2024-11-30,JPM,347.0,1.4643483973529698,358.03333333333336,117.04419540566995,-0.0942663862577065
2024-12-01,JPM,241.0,1.52330580108838,348.6,114.58518890869405,-0.9390393385461004
2024-12-02,JPM,423.0,1.016462948821992,347.8666666666667,114.01594968077457,0.6589721310368768
2024-12-03,JPM,469.0,1.3575988696535066,352.1,116.12874840837766,1.0066413493832735
2024-12-04,JPM,381.0,1.3867512425891066,351.46666666666664,115.91011182372412,0.2547951414130943
2024-12-05,JPM,479.0,1.346956571563896,355.0,118.18250060087404,1.0492247106766917
2024-12-06,JPM,385.0,0.8651932677982915,352.6,116.76223999930328,0.2774869683914364
2024-12-07,JPM,292.0,1.2647432063660935,350.7,117.28543137914797,-0.5004884179539812
2024-12-08,JPM,138.0,0.0182760090938701,331.8666666666667,103.29159705894862,-1.8768871058894245
2024-12-09,JPM,233.0,1.2611213415326472,323.96666666666664,101.40852284569976,-0.8970317692634066
2024-12-10,JPM,270.0,1.026461366811917,326.2,99.36987679268195,-0.5655637484310417
2024-12-11,JPM,268.0,1.3191888708826416,327.8,97.9776188376873,-0.6103434713908134
2024-12-12,JPM,322.0,0.9648204315388236,327.3666666666667,97.97342473356068,-0.05477675891458686
2024-12-13,JPM,359.0,1.4411673969391938,324.26666666666665,95.32953131233559,0.36435019510936034
2024-12-14,JPM,220.0,1.490802472336349,316.8666666666667,94.48799716998492,-1.0251743032758172
2024-12-15,JPM,179.0,1.3715079290344636,310.1666666666667,96.95113711816593,-1.352915195897065
2024-12-16,JPM,219.0,0.9062535946569,308.1333333333333,98.23677706345906,-0.9073316124342609
2024-12-17,JPM,234.0,1.1647799112847477,308.6,97.83610503426394,-0.7624996924588707
2024-12-18,JPM,276.0,1.0829201006701772,306.53333333333336,97.84848714610395,-0.3120470660700359
2024-12-19,JPM,327.0,1.060045684997646,301.6,92.6549401329154,0.2741354099799013
2024-12-20,JPM,259.0,0.9176413277391898,298.9,92.67754628930648,-0.43052499335110045
2024-12-21,JPM,165.0,1.1637361355486815,291.56666666666666,94.31922440284198,-1.3418968133802107
2024-12-22,JPM,61.0,1.2450123974872984,279.96666666666664,100.57095053718862,-2.177235727584162
2024-12-23,JPM,91.0,1.086288520671964,275.4,105.97709576878307,-1.7399986163266552
2024-12-24,JPM,93.0,0.2572703799350903,274.3666666666667,107.64228221075507,-1.6849017220906288
2024-12-25,JPM,94.0,0.816220430845846,271.6,111.2377385726545,-1.596580461620957
2024-12-26,JPM,125.0,0.7648644569393644,267.1,114.40862940686868,-1.2420391777848607
2024-12-27,JPM,140.0,1.3248620689518753,260.1,115.57990220234241,-1.0391079911950818
2024-12-28,JPM,79.0,1.0864439725441224,251.73333333333332,119.36814492563785,-1.4470639000123533
2024-12-29,JPM,97.0,0.9954957216287414,242.2,119.94234247020917,-1.210581659567506
2024-12-30,JPM,119.0,0.8188433281984907,234.6,120.29578488903306,-0.960964676415182
2024-12-31,JPM,151.0,0.5907943544721938,231.6,121.2491308180701,-0.6647470332874993
2024-01-02,KO,1.0,1.97183098591549,,,
2024-01-03,KO,2.0,1.8231520980643576,,,
2024-01-04,KO,0.0,,,,
2024-01-05,KO,1.0,4.62962962962963,,,
2024-01-06,KO,0.0,,,,
2024-01-07,KO,0.0,,,,
2024-01-08,KO,0.0,,,,
2024-01-09,KO,0.0,,,,
2024-01-10,KO,0.0,,,,
2024-01-11,KO,0.0,,0.4,0.6992058987801011,-0.5720775535473553
2024-01-12,KO,1.0,4.86381322957198,0.45454545454545453,0.6875516509523286,0.7933288280219176
2024-01-13,KO,0.0,,0.4166666666666667,0.6685579234215215,-0.6232319625115877
2024-01-14,KO,0.0,,0.38461538461538464,0.6504436355879909,-0.5913123959890826
2024-01-15,KO,5.0,-0.6202184741016268,0.7142857142857143,1.3827826698682306,3.099340466946034
2024-01-16,KO,0.0,,0.6666666666666666,1.3451854182690983,-0.4955946277833521
2024-01-17,KO,2.0,1.1454946626066276,0.75,1.3416407864998738,0.9316949906249123
2024-01-18,KO,0.0,,0.7058823529411765,1.3117119482928092,-0.5381382351970501
2024-01-19,KO,1.0,9.54235637779941,0.7222222222222222,1.274434386908933,0.21796161546732254
2024-01-20,KO,1.0,-4.75113122171946,0.7368421052631579,1.2401659953032227,0.21219570261842213
2024-01-21,KO,0.0,,0.7,1.2182817926554552,-0.5745797107204805
2024-01-22,KO,0.0,,0.6666666666666666,1.1972189997378646,-0.5568460463897046
2024-01-23,KO,1.0,1.28388017118402,0.6818181818181818,1.1705254675272427,0.2718281891413976
2024-01-24,KO,0.0,,0.6521739130434783,1.1524162620801215,-0.5659187001286311
2024-01-25,KO,0.0,,0.625,1.1349200316590018,-0.5506995934210346
2024-01-26,KO,1.0,2.36156351791531,0.64,1.1135528725660044,0.3232895436481948
2024-01-27,KO,0.0,,0.6153846153846154,1.0982503567738306,-0.5603318146805258
2024-01-28,KO,0.0,,0.5925925925925926,1.0834155129908256,-0.5469670551021644
2024-01-29,KO,0.0,,0.5714285714285714,1.0690449676496976,-0.5345224838248487
2024-01-30,KO,0.0,,0.5517241379310345,1.0551305571401284,-0.5228965592906829
2024-01-31,KO,0.0,,0.5333333333333333,1.0416609195243758,-0.5120028248509643
2024-02-01,KO,3.0,1.9944433791776732,0.6,1.1325893433586842,2.1190381262839892
2024-02-02,KO,2.0,0.0008181029828033,0.6,1.1325893433586842,1.2361055736656603
2024-02-03,KO,0.0,,0.6,1.1325893433586842,-0.5297595315709973
2024-02-04,KO,0.0,,0.5666666666666667,1.1351236704106018,-0.4992113911796849
2024-02-05,KO,0.0,,0.5666666666666667,1.1351236704106018,-0.4992113911796849
2024-02-06,KO,2.0,4.139651391814645,0.6333333333333333,1.1591713250937241,1.1790031698344208
2024-02-07,KO,9.0,2.182884442147309,0.9333333333333333,1.9106477207072157,4.221953937003539
2024-02-08,KO,1.0,2.60223048327138,0.9666666666666667,1.9025089303036287,0.017520723715085812
2024-02-09,KO,2.0,2.60223048327138,1.0333333333333334,1.9025089303036287,0.5081009877374886
2024-02-10,KO,0.0,,1.0333333333333334,1.9025089303036287,-0.5431424351676604
2024-02-11,KO,0.0,,1.0,1.9118505207764291,-0.5230534443633628
2024-02-12,KO,0.0,,1.0,1.9118505207764291,-0.5230534443633628
2024-02-13,KO,2.0,5.59690241971345,1.0666666666666667,1.9106477207072157,0.4884905381656987
2024-02-14,KO,3.0,-0.0456206531264465,1.0,1.8003831009940157,1.110874679336733
2024-02-15,KO,0.0,,1.0,1.8003831009940157,-0.5554373396683665
2024-02-16,KO,0.0,,0.9333333333333333,1.7991057804352149,-0.5187762406652677
2024-02-17,KO,1.0,0.421940928270042,0.9666666666666667,1.790460032069072,0.018617189290069225
2024-02-18,KO,0.0,,0.9333333333333333,1.7991057804352149,-0.5187762406652677
2024-02-19,KO,0.0,,0.9,1.8070742213255413,-0.49804263122066117
2024-02-20,KO,0.0,,0.9,1.8070742213255413,-0.49804263122066117
2024-02-21,KO,0.0,,0.9,1.8070742213255413,-0.49804263122066117
2024-02-22,KO,0.0,,0.8666666666666667,1.8143742786394725,-0.4776669714015929
2024-02-23,KO,0.0,,0.8666666666666667,1.8143742786394725,-0.4776669714015929
2024-02-24,KO,0.0,,0.8666666666666667,1.8143742786394725,-0.4776669714015929
2024-02-25,KO,0.0,,0.8333333333333334,1.821013990617038,-0.4576205002417165
2024-02-26,KO,0.0,,0.8333333333333334,1.821013990617038,-0.4576205002417165
2024-02-27,KO,0.0,,0.8333333333333334,1.821013990617038,-0.4576205002417165
2024-02-28,KO,0.0,,0.8333333333333334,1.821013990617038,-0.4576205002417165
2024-02-29,KO,0.0,,0.8333333333333334,1.821013990617038,-0.4576205002417165
2024-03-01,KO,0.0,,0.8333333333333334,1.821013990617038,-0.4576205002417165
2024-03-02,KO,0.0,,0.7333333333333333,1.779835973328448,-0.412022986568777
2024-03-03,KO,0.0,,0.6666666666666666,1.768173289473969,-0.37703695143194915
2024-03-04,KO,0.0,,0.6666666666666666,1.768173289473969,-0.37703695143194915
2024-03-05,KO,3.0,1.40774171535426,0.7666666666666667,1.8134237638032753,1.2315562296643703
2024-03-06,KO,0.0,,0.7666666666666667,1.8134237638032753,-0.42277303406388833
2024-03-07,KO,0.0,,0.7,1.8032537641527426,-0.3881871835874938
2024-03-08,KO,1.0,-0.530035335689046,0.43333333333333335,0.8976341829703136,0.6312890901631443
2024-03-09,KO,0.0,,0.4,0.8944271909999163,-0.44721359549995776
2024-03-10,KO,0.0,,0.3333333333333333,0.8441822541139563,-0.3948594414403985
2024-03-11,KO,2.0,7.38916256157635,0.4,0.8944271909999162,1.7888543819998313
2024-03-12,KO,0.0,,0.4,0.8944271909999162,-0.4472135954999578
2024-03-13,KO,0.0,,0.4,0.8944271909999162,-0.4472135954999578
2024-03-14,KO,2.0,2.0064643816427,0.4,0.8944271909999162,1.7888543819998313
2024-03-15,KO,0.0,,0.3,0.7497125886079559,-0.4001533448398287
2024-03-16,KO,0.0,,0.3,0.7497125886079559,-0.4001533448398287
2024-03-17,KO,0.0,,0.3,0.7497125886079559,-0.4001533448398287
2024-03-18,KO,0.0,,0.26666666666666666,0.7396799556440675,-0.3605162809021502
2024-03-19,KO,0.0,,0.26666666666666666,0.7396799556440675,-0.3605162809021502
2024-03-20,KO,0.0,,0.26666666666666666,0.7396799556440675,-0.3605162809021502
2024-03-21,KO,0.0,,0.26666666666666666,0.7396799556440675,-0.3605162809021502
2024-03-22,KO,0.0,,0.26666666666666666,0.7396799556440675,-0.3605162809021502
2024-03-23,KO,0.0,,0.26666666666666666,0.7396799556440675,-0.3605162809021502
2024-03-24,KO,0.0,,0.26666666666666666,0.7396799556440675,-0.3605162809021502
2024-03-25,KO,0.0,,0.26666666666666666,0.7396799556440675,-0.3605162809021502
2024-03-26,KO,2.0,6.80529300567108,0.3333333333333333,0.8022955570857543,2.0773724245970406
2024-03-27,KO,0.0,,0.3333333333333333,0.8022955570857543,-0.4154744849194081
2024-03-28,KO,0.0,,0.3333333333333333,0.8022955570857543,-0.4154744849194081
2024-03-29,KO,1.0,0.56424724288279,0.36666666666666664,0.8087168778415273,0.7831335671189473
2024-03-30,KO,0.0,,0.36666666666666664,0.8087168778415273,-0.45339311780570635
2024-03-31,KO,0.0,,0.36666666666666664,0.8087168778415273,-0.45339311780570635
2024-04-01,KO,1.0,-1.12721417069243,0.4,0.8136762043449729,0.7373940601876309
2024-04-02,KO,0.0,,0.4,0.8136762043449729,-0.4915960401250873
2024-04-03,KO,0.0,,0.4,0.8136762043449729,-0.4915960401250873
2024-04-04,KO,0.0,,0.3,0.6512587281829576,-0.4606464174952619
2024-04-05,KO,0.0,,0.3,0.6512587281829576,-0.4606464174952619
2024-04-06,KO,0.0,,0.3,0.6512587281829576,-0.4606464174952619
2024-04-07,KO,0.0,,0.26666666666666666,0.6396838299494925,-0.4168726082816911
2024-04-08,KO,0.0,,0.26666666666666666,0.6396838299494925,-0.4168726082816911
2024-04-09,KO,0.0,,0.26666666666666666,0.6396838299494925,-0.4168726082816911
2024-04-10,KO,0.0,,0.2,0.5508613944197485,-0.363067737231197
2024-04-11,KO,0.0,,0.2,0.5508613944197485,-0.363067737231197
2024-04-12,KO,0.0,,0.2,0.5508613944197485,-0.363067737231197
2024-04-13,KO,0.0,,0.13333333333333333,0.4341724854553055,-0.30709761166350763
2024-04-14,KO,0.0,,0.13333333333333333,0.4341724854553055,-0.30709761166350763
2024-04-15,KO,0.0,,0.13333333333333333,0.4341724854553055,-0.30709761166350763
2024-04-16,KO,0.0,,0.13333333333333333,0.4341724854553055,-0.30709761166350763
2024-04-17,KO,0.0,,0.13333333333333333,0.4341724854553055,-0.30709761166350763
2024-04-18,KO,0.0,,0.13333333333333333,0.4341724854553055,-0.30709761166350763
2024-04-19,KO,0.0,,0.13333333333333333,0.4341724854553055,-0.30709761166350763
2024-04-20,KO,0.0,,0.13333333333333333,0.4341724854553055,-0.30709761166350763
2024-04-21,KO,0.0,,0.13333333333333333,0.4341724854553055,-0.30709761166350763
2024-04-22,KO,2.0,0.2542068182696105,0.2,0.5508613944197485,3.267609635080773
2024-04-23,KO,0.0,,0.2,0.5508613944197485,-0.363067737231197
2024-04-24,KO,0.0,,0.2,0.5508613944197485,-0.363067737231197
2024-04-25,KO,1.0,-1.95530726256983,0.16666666666666666,0.46113303737741485,1.8071429843168898
2024-04-26,KO,0.0,,0.16666666666666666,0.46113303737741485,-0.3614285968633779
2024-04-27,KO,1.0,-3.07125307125307,0.2,0.48423419811150303,1.6520931464980642
2024-04-28,KO,0.0,,0.16666666666666666,0.46113303737741485,-0.3614285968633779
2024-04-29,KO,1.0,-0.778210116731517,0.2,0.48423419811150303,1.6520931464980642
2024-04-30,KO,1.0,-0.778210116731517,0.23333333333333334,0.5040069329937317,1.521143096410941
2024-05-01,KO,0.0,,0.2,0.48423419811150303,-0.41302328662451604
2024-05-02,KO,0.0,,0.2,0.48423419811150303,-0.41302328662451604
2024-05-03,KO,0.0,,0.2,0.48423419811150303,-0.41302328662451604
2024-05-04,KO,0.0,,0.2,0.48423419811150303,-0.41302328662451604
2024-05-05,KO,0.0,,0.2,0.48423419811150303,-0.41302328662451604
2024-05-06,KO,1.0,1.16279069767442,0.23333333333333334,0.5040069329937317,1.521143096410941
2024-05-07,KO,1.0,2.8169014084507,0.26666666666666666,0.5208304597621886,1.40800776834015
2024-05-08,KO,0.0,,0.26666666666666666,0.5208304597621886,-0.5120028248509636
2024-05-09,KO,0.0,,0.26666666666666666,0.5208304597621886,-0.5120028248509636
2024-05-10,KO,0.0,,0.26666666666666666,0.5208304597621886,-0.5120028248509636
2024-05-11,KO,0.0,,0.26666666666666666,0.5208304597621886,-0.5120028248509636
2024-05-12,KO,0.0,,0.26666666666666666,0.5208304597621886,-0.5120028248509636
2024-05-13,KO,0.0,,0.26666666666666666,0.5208304597621886,-0.5120028248509636
2024-05-14,KO,0.0,,0.26666666666666666,0.5208304597621886,-0.5120028248509636
2024-05-15,KO,2.0,3.957007904376325,0.3333333333333333,0.6064784348631234,2.748105407973522
2024-05-16,KO,0.0,,0.3333333333333333,0.6064784348631234,-0.5496210815947044
2024-05-17,KO,0.0,,0.3333333333333333,0.6064784348631234,-0.5496210815947044
2024-05-18,KO,0.0,,0.3333333333333333,0.6064784348631234,-0.5496210815947044
2024-05-19,KO,0.0,,0.3333333333333333,0.6064784348631234,-0.5496210815947044
2024-05-20,KO,1.0,1.39442231075697,0.36666666666666664,0.6149478998583788,1.0298975465713252
2024-05-21,KO,0.0,,0.36666666666666664,0.6149478998583788,-0.5962564743307672
2024-05-22,KO,0.0,,0.3,0.5349830806219248,-0.5607653977603293
2024-05-23,KO,1.0,-3.64130434782609,0.3333333333333333,0.5466722735905347,1.2194996872404207
2024-05-24,KO,0.0,,0.3333333333333333,0.5466722735905347,-0.6097498436202102
2024-05-25,KO,2.0,0.5720702282306851,0.36666666666666664,0.6149478998583788,2.6560515674734178
2024-05-26,KO,0.0,,0.36666666666666664,0.6149478998583788,-0.5962564743307672
2024-05-27,KO,1.0,2.4390243902439,0.36666666666666664,0.6149478998583788,1.0298975465713252
2024-05-28,KO,1.0,-0.225988700564971,0.4,0.621455466265866,0.9654754565201827
2024-05-29,KO,1.0,0.506072874493927,0.4,0.621455466265866,0.9654754565201827
2024-05-30,KO,0.0,,0.36666666666666664,0.6149478998583788,-0.5962564743307672
2024-05-31,KO,1.0,2.46444162793973,0.4,0.621455466265866,0.9654754565201827
2024-06-01,KO,0.0,,0.4,0.621455466265866,-0.6436503043467885
2024-06-02,KO,0.0,,0.4,0.621455466265866,-0.6436503043467885
2024-06-03,KO,0.0,,0.4,0.621455466265866,-0.6436503043467885
2024-06-04,KO,0.0,,0.4,0.621455466265866,-0.6436503043467885
2024-06-05,KO,0.0,,0.36666666666666664,0.6149478998583788,-0.5962564743307672
2024-06-06,KO,0.0,,0.3333333333333333,0.6064784348631234,-0.5496210815947044
2024-06-07,KO,0.0,,0.3333333333333333,0.6064784348631234,-0.5496210815947044
2024-06-08,KO,0.0,,0.3333333333333333,0.6064784348631234,-0.5496210815947044
2024-06-09,KO,0.0,,0.3333333333333333,0.6064784348631234,-0.5496210815947044
2024-06-10,KO,0.0,,0.3333333333333333,0.6064784348631234,-0.5496210815947044
2024-06-11,KO,0.0,,0.3333333333333333,0.6064784348631234,-0.5496210815947044
2024-06-12,KO,1.0,3.35648148148148,0.36666666666666664,0.6149478998583788,1.0298975465713252
2024-06-13,KO,0.0,,0.36666666666666664,0.6149478998583788,-0.5962564743307672
2024-06-14,KO,1.0,-6.70731707317073,0.3333333333333333,0.5466722735905347,1.2194996872404207
2024-06-15,KO,0.0,,0.3333333333333333,0.5466722735905347,-0.6097498436202102
2024-06-16,KO,0.0,,0.3333333333333333,0.5466722735905347,-0.6097498436202102
2024-06-17,KO,0.0,,0.3333333333333333,0.5466722735905347,-0.6097498436202102
2024-06-18,KO,0.0,,0.3333333333333333,0.5466722735905347,-0.6097498436202102
2024-06-19,KO,0.0,,0.3,0.5349830806219248,-0.5607653977603293
2024-06-20,KO,0.0,,0.3,0.5349830806219248,-0.5607653977603293
2024-06-21,KO,1.0,-1.71232876712329,0.3333333333333333,0.5466722735905347,1.2194996872404207
2024-06-22,KO,0.0,,0.3,0.5349830806219248,-0.5607653977603293
2024-06-23,KO,0.0,,0.3,0.5349830806219248,-0.5607653977603293
2024-06-24,KO,0.0,,0.23333333333333334,0.43018306715207716,-0.5424047368439213
2024-06-25,KO,0.0,,0.23333333333333334,0.43018306715207716,-0.5424047368439213
2024-06-26,KO,0.0,,0.2,0.40683810217248706,-0.49159604012508656
2024-06-27,KO,0.0,,0.16666666666666666,0.3790490217894526,-0.4396968652757629
2024-06-28,KO,0.0,,0.13333333333333333,0.3457459036417614,-0.3856396617542701
2024-06-29,KO,0.0,,0.13333333333333333,0.3457459036417614,-0.3856396617542701
2024-06-30,KO,0.0,,0.1,0.30512857662936577,-0.32773069341672384
2024-07-01,KO,0.0,,0.1,0.30512857662936577,-0.32773069341672384
2024-07-02,KO,0.0,,0.1,0.30512857662936577,-0.32773069341672384
2024-07-03,KO,0.0,,0.1,0.30512857662936577,-0.32773069341672384
2024-07-04,KO,1.0,4.41849602989257,0.13333333333333333,0.3457459036417614,2.506657801402756
2024-07-05,KO,0.0,,0.13333333333333333,0.3457459036417614,-0.3856396617542701
2024-07-06,KO,0.0,,0.13333333333333333,0.3457459036417614,-0.3856396617542701
2024-07-07,KO,0.0,,0.13333333333333333,0.3457459036417614,-0.3856396617542701
2024-07-08,KO,0.0,,0.13333333333333333,0.3457459036417614,-0.3856396617542701
2024-07-09,KO,1.0,0.510855683269476,0.16666666666666666,0.3790490217894526,2.1984843263788147
2024-07-10,KO,0.0,,0.16666666666666666,0.3790490217894526,-0.4396968652757629
2024-07-11,KO,0.0,,0.16666666666666666,0.3790490217894526,-0.4396968652757629
2024-07-12,KO,1.0,5.42797494780793,0.16666666666666666,0.3790490217894526,2.1984843263788147
2024-07-13,KO,0.0,,0.16666666666666666,0.3790490217894526,-0.4396968652757629
2024-07-14,KO,0.0,,0.13333333333333333,0.3457459036417614,-0.3856396617542701
2024-07-15,KO,0.0,,0.13333333333333333,0.3457459036417614,-0.3856396617542701
2024-07-16,KO,0.0,,0.13333333333333333,0.3457459036417614,-0.3856396617542701
2024-07-17,KO,0.0,,0.13333333333333333,0.3457459036417614,-0.3856396617542701
2024-07-18,KO,0.0,,0.13333333333333333,0.3457459036417614,-0.3856396617542701
2024-07-19,KO,0.0,,0.13333333333333333,0.3457459036417614,-0.3856396617542701
2024-07-20,KO,0.0,,0.13333333333333333,0.3457459036417614,-0.3856396617542701
2024-07-21,KO,0.0,,0.1,0.30512857662936577,-0.32773069341672384
2024-07-22,KO,0.0,,0.1,0.30512857662936577,-0.32773069341672384
2024-07-23,KO,0.0,,0.1,0.30512857662936577,-0.32773069341672384
2024-07-24,KO,4.0,0.1881484086513092,0.23333333333333334,0.7738543627276675,4.867410262300505
2024-07-25,KO,1.0,2.34986945169713,0.26666666666666666,0.7849152527649015,0.9342834538507586
2024-07-26,KO,0.0,,0.26666666666666666,0.7849152527649015,-0.3397394377639122
2024-07-27,KO,0.0,,0.26666666666666666,0.7849152527649015,-0.3397394377639122
2024-07-28,KO,0.0,,0.26666666666666666,0.7849152527649015,-0.3397394377639122
2024-07-29,KO,0.0,,0.26666666666666666,0.7849152527649015,-0.3397394377639122
2024-07-30,KO,1.0,3.44827586206897,0.3,0.7943767889097851,0.8811939243097607
2024-07-31,KO,1.0,-0.347222222222222,0.3333333333333333,0.8022955570857544,0.8309489698388162
2024-08-01,KO,0.0,,0.3333333333333333,0.8022955570857544,-0.415474484919408
2024-08-02,KO,0.0,,0.3333333333333333,0.8022955570857544,-0.415474484919408
2024-08-03,KO,0.0,,0.3,0.7943767889097851,-0.3776545389898974
2024-08-04,KO,0.0,,0.3,0.7943767889097851,-0.3776545389898974
2024-08-05,KO,0.0,,0.3,0.7943767889097851,-0.3776545389898974
2024-08-06,KO,1.0,2.05479452054795,0.3333333333333333,0.8022955570857544,0.8309489698388162
2024-08-07,KO,1.0,2.19178082191781,0.36666666666666664,0.8087168778415273,0.7831335671189473
2024-08-08,KO,0.0,,0.3333333333333333,0.8022955570857544,-0.415474484919408
2024-08-09,KO,0.0,,0.3333333333333333,0.8022955570857544,-0.415474484919408
2024-08-10,KO,0.0,,0.3333333333333333,0.8022955570857544,-0.415474484919408
2024-08-11,KO,0.0,,0.3,0.7943767889097851,-0.3776545389898974
2024-08-12,KO,1.0,3.96396396396396,0.3333333333333333,0.8022955570857544,0.8309489698388162
2024-08-13,KO,2.0,6.004977309325135,0.4,0.8550055454548944,1.8713328919390122
2024-08-14,KO,1.0,7.55186721991701,0.43333333333333335,0.8583598366625754,0.660173790132058
2024-08-15,KO,0.0,,0.43333333333333335,0.8583598366625754,-0.5048387806892208
2024-08-16,KO,0.0,,0.43333333333333335,0.8583598366625754,-0.5048387806892208
2024-08-17,KO,0.0,,0.43333333333333335,0.8583598366625754,-0.5048387806892208
2024-08-18,KO,0.0,,0.43333333333333335,0.8583598366625754,-0.5048387806892208
2024-08-19,KO,1.0,2.6694045174538,0.4666666666666667,0.8603661343041532,0.6198911278216251
2024-08-20,KO,0.0,,0.4666666666666667,0.8603661343041532,-0.542404736843922
2024-08-21,KO,0.0,,0.4666666666666667,0.8603661343041532,-0.542404736843922
2024-08-22,KO,1.0,0.902255639097745,0.5,0.8610338613230194,0.5806972553108728
2024-08-23,KO,0.0,,0.36666666666666664,0.5560534167675364,-0.6594090704417976
2024-08-24,KO,0.0,,0.3333333333333333,0.5466722735905348,-0.6097498436202101
2024-08-25,KO,1.0,-1.84287099903007,0.36666666666666664,0.5560534167675364,1.1389793034903777
2024-08-26,KO,0.0,,0.36666666666666664,0.5560534167675364,-0.6594090704417976
2024-08-27,KO,0.0,,0.36666666666666664,0.5560534167675364,-0.6594090704417976
2024-08-28,KO,0.0,,0.36666666666666664,0.5560534167675364,-0.6594090704417976
2024-08-29,KO,1.0,-0.225988700564971,0.36666666666666664,0.5560534167675364,1.1389793034903777
2024-08-30,KO,0.0,,0.3333333333333333,0.5466722735905348,-0.6097498436202101
2024-08-31,KO,0.0,,0.3333333333333333,0.5466722735905348,-0.6097498436202101
2024-09-01,KO,0.0,,0.3333333333333333,0.5466722735905348,-0.6097498436202101
2024-09-02,KO,0.0,,0.3333333333333333,0.5466722735905348,-0.6097498436202101
2024-09-03,KO,1.0,6.51289009497965,0.36666666666666664,0.5560534167675364,1.1389793034903777
2024-09-04,KO,0.0,,0.36666666666666664,0.5560534167675364,-0.6594090704417976
2024-09-05,KO,1.0,0.685224839400428,0.36666666666666664,0.5560534167675364,1.1389793034903777
2024-09-06,KO,1.0,3.51351351351351,0.36666666666666664,0.5560534167675364,1.1389793034903777
2024-09-07,KO,0.0,,0.36666666666666664,0.5560534167675364,-0.6594090704417976
2024-09-08,KO,0.0,,0.36666666666666664,0.5560534167675364,-0.6594090704417976
2024-09-09,KO,0.0,,0.36666666666666664,0.5560534167675364,-0.6594090704417976
2024-09-10,KO,1.0,6.48379052369077,0.4,0.5632418479750468,1.0652617559528028
2024-09-11,KO,0.0,,0.36666666666666664,0.5560534167675364,-0.6594090704417976
2024-09-12,KO,0.0,,0.3,0.46609159969939995,-0.6436503043467878
2024-09-13,KO,0.0,,0.26666666666666666,0.4497764451088046,-0.5928871321888762
2024-09-14,KO,0.0,,0.26666666666666666,0.4497764451088046,-0.5928871321888762
2024-09-15,KO,0.0,,0.26666666666666666,0.4497764451088046,-0.5928871321888762
2024-09-16,KO,0.0,,0.26666666666666666,0.4497764451088046,-0.5928871321888762
2024-09-17,KO,0.0,,0.26666666666666666,0.4497764451088046,-0.5928871321888762
2024-09-18,KO,0.0,,0.23333333333333334,0.4301830671520774,-0.542404736843921
2024-09-19,KO,0.0,,0.23333333333333334,0.4301830671520774,-0.542404736843921
2024-09-20,KO,0.0,,0.23333333333333334,0.4301830671520774,-0.542404736843921
2024-09-21,KO,0.0,,0.2,0.4068381021724873,-0.4915960401250863
2024-09-22,KO,0.0,,0.2,0.4068381021724873,-0.4915960401250863
2024-09-23,KO,0.0,,0.2,0.4068381021724873,-0.4915960401250863
2024-09-24,KO,0.0,,0.16666666666666666,0.37904902178945277,-0.43969686527576274
2024-09-25,KO,1.0,4.10339256865913,0.2,0.4068381021724873,1.9663841605003451
2024-09-26,KO,0.0,,0.2,0.4068381021724873,-0.4915960401250863
2024-09-27,KO,0.0,,0.2,0.4068381021724873,-0.4915960401250863
2024-09-28,KO,0.0,,0.16666666666666666,0.37904902178945277,-0.43969686527576274
2024-09-29,KO,0.0,,0.16666666666666666,0.37904902178945277,-0.43969686527576274
2024-09-30,KO,0.0,,0.16666666666666666,0.37904902178945277,-0.43969686527576274
2024-10-01,KO,0.0,,0.16666666666666666,0.37904902178945277,-0.43969686527576274
2024-10-02,KO,0.0,,0.16666666666666666,0.37904902178945277,-0.43969686527576274
2024-10-03,KO,0.0,,0.13333333333333333,0.3457459036417616,-0.3856396617542699
2024-10-04,KO,0.0,,0.13333333333333333,0.3457459036417616,-0.3856396617542699
2024-10-05,KO,1.0,1.88383045525903,0.13333333333333333,0.3457459036417616,2.5066578014027545
2024-10-06,KO,0.0,,0.1,0.30512857662936604,-0.32773069341672356
2024-10-07,KO,0.0,,0.1,0.30512857662936604,-0.32773069341672356
2024-10-08,KO,1.0,1.48148148148148,0.13333333333333333,0.3457459036417616,2.5066578014027545
2024-10-09,KO,0.0,,0.13333333333333333,0.3457459036417616,-0.3856396617542699
2024-10-10,KO,0.0,,0.1,0.30512857662936604,-0.32773069341672356
2024-10-11,KO,0.0,,0.1,0.30512857662936604,-0.32773069341672356
2024-10-12,KO,0.0,,0.1,0.30512857662936604,-0.32773069341672356
2024-10-13,KO,0.0,,0.1,0.30512857662936604,-0.32773069341672356
2024-10-14,KO,0.0,,0.1,0.30512857662936604,-0.32773069341672356
2024-10-15,KO,0.0,,0.1,0.30512857662936604,-0.32773069341672356
2024-10-16,KO,2.0,3.2121079504011703,0.16666666666666666,0.46113303737741496,3.975714565497156
2024-10-17,KO,0.0,,0.16666666666666666,0.46113303737741496,-0.36142859686337786
2024-10-18,KO,6.0,-0.1694705146642765,0.36666666666666664,1.1591713250937243,4.859793553707734
2024-10-19,KO,2.0,-0.307219662058372,0.43333333333333335,1.1943352886058405,1.3117477827314743
2024-10-20,KO,0.0,,0.43333333333333335,1.1943352886058405,-0.3628238547980674
2024-10-21,KO,1.0,-0.152671755725191,0.4666666666666667,1.1957780134587126,0.4460136641839569
2024-10-22,KO,0.0,,0.4666666666666667,1.1957780134587126,-0.3902619561609623
2024-10-23,KO,0.0,,0.4666666666666667,1.1957780134587126,-0.3902619561609623
2024-10-24,KO,0.0,,0.4666666666666667,1.1957780134587126,-0.3902619561609623
2024-10-25,KO,3.0,-0.5758340985613717,0.5333333333333333,1.2793676598989843,1.9280358133028224
2024-10-26,KO,1.0,0.0,0.5666666666666667,1.278019300845388,0.3390663451222456
2024-10-27,KO,0.0,,0.5666666666666667,1.278019300845388,-0.44339445131370575
2024-10-28,KO,0.0,,0.5666666666666667,1.278019300845388,-0.44339445131370575
2024-10-29,KO,1.0,-2.37623762376238,0.6,1.275768868916526,0.31353641693711226
2024-10-30,KO,0.0,,0.6,1.275768868916526,-0.4703046254056683
2024-10-31,KO,1.0,1.16550116550117,0.6333333333333333,1.2726115785600327,0.2881214290707241
2024-11-01,KO,0.0,,0.6333333333333333,1.2726115785600327,-0.4976642865767052
2024-11-02,KO,0.0,,0.6333333333333333,1.2726115785600327,-0.4976642865767052
2024-11-03,KO,0.0,,0.6333333333333333,1.2726115785600327,-0.4976642865767052
2024-11-04,KO,5.0,1.915033554855246,0.7666666666666667,1.501340397280293,2.819702541143966
2024-11-05,KO,1.0,1.66163141993958,0.8,1.4948186373673196,0.13379549531991436
2024-11-06,KO,0.0,,0.8,1.4948186373673196,-0.5351819812796575
2024-11-07,KO,1.0,4.92307692307692,0.8,1.4948186373673196,0.13379549531991436
2024-11-08,KO,1.0,0.766283524904215,0.8333333333333334,1.4874957741657353,0.11204513623586053
2024-11-09,KO,1.0,0.683994528043776,0.8666666666666667,1.4793599112881346,0.09012907022553757
2024-11-10,KO,0.0,,0.8666666666666667,1.4793599112881346,-0.5858389564659943
2024-11-11,KO,0.0,,0.8666666666666667,1.4793599112881346,-0.5858389564659943
2024-11-12,KO,1.0,5.92020592020592,0.9,1.470397553560683,0.06800881826676203
2024-11-13,KO,1.0,-8.63524989889859,0.9333333333333333,1.4605934866804433,0.04564354645876382
2024-11-14,KO,0.0,,0.9333333333333333,1.4605934866804433,-0.6390096504226936
2024-11-15,KO,0.0,,0.8666666666666667,1.4558640835892127,-0.5952936654155456
2024-11-16,KO,0.0,,0.8666666666666667,1.4558640835892127,-0.5952936654155456
2024-11-17,KO,0.0,,0.6666666666666666,1.0933445471810683,-0.6097498436202108
2024-11-18,KO,0.0,,0.6,1.0699661612438485,-0.56076539776033
2024-11-19,KO,0.0,,0.6,1.0699661612438485,-0.56076539776033
2024-11-20,KO,0.0,,0.5666666666666667,1.0726484571581123,-0.5282874019769721
2024-11-21,KO,1.0,0.898692810457516,0.6,1.0699661612438485,0.37384359850688664
2024-11-22,KO,0.0,,0.6,1.0699661612438485,-0.56076539776033
2024-11-23,KO,0.0,,0.6,1.0699661612438485,-0.56076539776033
2024-11-24,KO,0.0,,0.5,0.9737945687202029,-0.5134553180524704
2024-11-25,KO,0.0,,0.4666666666666667,0.9732042112432568,-0.47951566719024524
2024-11-26,KO,4.0,2.962962962962965,0.6,1.1626367179523598,2.924387254849557
2024-11-27,KO,0.0,,0.6,1.1626367179523598,-0.5160683390910983
2024-11-28,KO,0.0,,0.5666666666666667,1.1651056880677464,-0.48636503320694213
2024-11-29,KO,0.0,,0.5666666666666667,1.1651056880677464,-0.48636503320694213
2024-11-30,KO,0.0,,0.5333333333333333,1.1665845619713495,-0.45717503104282603
2024-12-01,KO,4.0,0.1389179816599148,0.6666666666666666,1.3217891045025336,2.5218344756956226
2024-12-02,KO,0.0,,0.6666666666666666,1.3217891045025336,-0.5043668951391245
2024-12-03,KO,0.0,,0.6666666666666666,1.3217891045025336,-0.5043668951391245
2024-12-04,KO,0.0,,0.5,1.0422125006694771,-0.4797486114192828
2024-12-05,KO,1.0,1.84672206832872,0.5,1.0422125006694771,0.4797486114192828
2024-12-06,KO,2.0,-1.27560748042676,0.5666666666666667,1.0726484571581123,1.336256369706459
2024-12-07,KO,0.0,,0.5333333333333333,1.07425461996016,-0.4964682705791972
2024-12-08,KO,0.0,,0.5,1.074789474173014,-0.4652073843435432
2024-12-09,KO,0.0,,0.4666666666666667,1.0742546199601597,-0.43440973675679767
2024-12-10,KO,0.0,,0.4666666666666667,1.0742546199601597,-0.43440973675679767
2024-12-11,KO,2.0,5.119534010600705,0.5333333333333333,1.1058881072455418,1.326234233877172
2024-12-12,KO,0.0,,0.5,1.1064076694575484,-0.4519129917502659
2024-12-13,KO,0.0,,0.4666666666666667,1.1058881072455418,-0.4219836198700092
2024-12-14,KO,0.0,,0.4666666666666667,1.1058881072455418,-0.4219836198700092
2024-12-15,KO,0.0,,0.4666666666666667,1.1058881072455418,-0.4219836198700092
2024-12-16,KO,0.0,,0.4666666666666667,1.1058881072455418,-0.4219836198700092
2024-12-17,KO,0.0,,0.4666666666666667,1.1058881072455418,-0.4219836198700092
2024-12-18,KO,1.0,-1.19402985074627,0.5,1.1064076694575484,0.4519129917502659
2024-12-19,KO,0.0,,0.5,1.1064076694575484,-0.4519129917502659
2024-12-20,KO,0.0,,0.5,1.1064076694575484,-0.4519129917502659
2024-12-21,KO,0.0,,0.4666666666666667,1.1058881072455418,-0.4219836198700092
2024-12-22,KO,0.0,,0.4666666666666667,1.1058881072455418,-0.4219836198700092
2024-12-23,KO,0.0,,0.4666666666666667,1.1058881072455418,-0.4219836198700092
2024-12-24,KO,0.0,,0.4666666666666667,1.1058881072455418,-0.4219836198700092
2024-12-25,KO,0.0,,0.4666666666666667,1.1058881072455418,-0.4219836198700092
2024-12-26,KO,0.0,,0.3333333333333333,0.8840866447369846,-0.3770369514319491
2024-12-27,KO,1.0,1.60427807486631,0.36666666666666664,0.8899179866642241,0.7116760677097057
2024-12-28,KO,0.0,,0.36666666666666664,0.8899179866642241,-0.412022986568777
2024-12-29,KO,0.0,,0.36666666666666664,0.8899179866642241,-0.412022986568777
2024-12-30,KO,0.0,,0.36666666666666664,0.8899179866642241,-0.412022986568777
2024-12-31,KO,1.0,5.40801545147272,0.26666666666666666,0.583292280985675,1.2572313353677713
2024-01-01,MSFT,3.0,-1.7986886407939036,,,
2024-01-02,MSFT,17.0,0.8561966835200827,,,
2024-01-03,MSFT,43.0,1.0074122548613045,,,
2024-01-04,MSFT,28.0,0.777045293586372,,,
2024-01-05,MSFT,27.0,-0.3258603836131344,,,
2024-01-06,MSFT,14.0,-0.3798670032773194,,,
2024-01-07,MSFT,13.0,-1.1590297280609083,,,
2024-01-08,MSFT,41.0,1.7966946904893448,,,
2024-01-09,MSFT,46.0,0.91131302394092,,,
2024-01-10,MSFT,34.0,1.1234607940716426,26.6,14.538836878436246,0.5089815685995867
2024-01-11,MSFT,62.0,0.7418477819891868,29.818181818181817,17.440287737409506,1.845257295427989
2024-01-12,MSFT,28.0,0.609285605854877,29.666666666666668,16.63694319242206,-0.10017865946827394
2024-01-13,MSFT,9.0,1.3944050110770796,28.076923076923077,16.9285830203512,-1.1269060767808614
2024-01-14,MSFT,6.0,1.6937565284929836,26.5,17.301622867412,-1.184859949676294
2024-01-15,MSFT,31.0,-0.7981636010593238,26.8,16.71269833732081,0.251305918124607
2024-01-16,MSFT,88.0,0.9999814628935704,30.625,22.243725707114205,2.579379046274149
2024-01-17,MSFT,59.0,0.7535398520216188,32.294117647058826,22.610187708979645,1.181143770086213
2024-01-18,MSFT,44.0,0.6178197769419634,32.94444444444444,22.107949654106253,0.500071500456947
2024-01-19,MSFT,44.0,0.0464283450364827,33.526315789473685,21.63425375816126,0.484125051300891
2024-01-20,MSFT,22.0,-1.9085598377045028,32.95,21.2143819141638,-0.5161592755473694
2024-01-21,MSFT,10.0,0.9812265182924602,31.857142857142858,21.27506924615221,-1.0273594226301248
2024-01-22,MSFT,44.0,0.5962937423800687,32.40909090909091,20.92312252693312,0.5539760652832191
2024-01-23,MSFT,48.0,1.590823725578565,33.08695652173913,20.69895263814586,0.720473336934826
2024-01-24,MSFT,48.0,0.8494546222749776,33.708333333333336,20.471569185764345,0.6981226762335785
2024-01-25,MSFT,78.0,0.1538235059522081,35.48,21.911032228841556,1.940574937589239
2024-01-26,MSFT,57.0,0.3478151996226396,36.30769230769231,21.879249037879212,0.9457503617461192
2024-01-27,MSFT,17.0,-0.4955944620287306,35.592592592592595,21.773765547026223,-0.853898814719804
2024-01-28,MSFT,14.0,0.5265569794983193,34.82142857142857,21.752911378460436,-0.9571789361513139
2024-01-29,MSFT,58.0,0.3739080304020895,35.62068965517241,21.7902563302032,1.0270329089157115
2024-01-30,MSFT,102.0,0.9818280388723858,37.833333333333336,24.6031723961367,2.608064750086554
2024-01-31,MSFT,129.0,0.5478272557623942,42.03333333333333,28.841401435811143,3.0153412225899623
2024-02-01,MSFT,61.0,0.2273449267979586,43.5,28.642565383082182,0.6109787920860059
2024-02-02,MSFT,75.0,1.104945904194386,44.56666666666667,29.213463279481417,1.0417571187017978
2024-02-03,MSFT,17.0,0.3774514935469875,44.2,29.49623003380087,-0.9221517451155782
2024-02-04,MSFT,12.0,1.2917431550450198,43.7,29.92190985975281,-1.059424353210784
2024-02-05,MSFT,33.0,0.315620203942905,44.333333333333336,29.46925145994033,-0.3845816494097093
2024-02-06,MSFT,38.0,1.0329389166196834,45.166666666666664,28.900642318757924,-0.24797603415254021
2024-02-07,MSFT,43.0,0.4076467370230526,45.233333333333334,28.89300515914599,-0.07729667859164797
2024-02-08,MSFT,66.0,-1.0326534571216346,45.9,29.140977192334127,0.6897503768434897
2024-02-09,MSFT,40.0,-0.003516267088973,46.1,29.077008336366095,-0.2097877446480916
2024-02-10,MSFT,16.0,1.2558416422804886,44.56666666666667,29.42047531594437,-0.9709791007756092
2024-02-11,MSFT,6.0,1.044143799208245,43.833333333333336,30.1136735277072,-1.256350650760804
2024-02-12,MSFT,36.0,1.5342767263237675,44.733333333333334,29.43248654748382,-0.29672427843443444
2024-02-13,MSFT,40.0,0.8808504387195721,45.86666666666667,28.53036293486997,-0.20562888316770742
2024-02-14,MSFT,56.0,-0.0615056046906287,46.7,28.446137850694065,0.3269336613923877
2024-02-15,MSFT,48.0,0.1169430817471507,45.36666666666667,27.360282481569232,0.0962465696436881
2024-02-16,MSFT,41.0,0.4875605046153579,44.766666666666666,27.248136074605725,-0.13823575514866362
2024-02-17,MSFT,17.0,1.0826114735270644,43.86666666666667,27.71621377005031,-0.9693483709415732
2024-02-18,MSFT,15.0,1.543173811745946,42.9,28.212677512313377,-0.9889171273383425
2024-02-19,MSFT,30.0,0.913449567726187,43.166666666666664,28.04563194624731,-0.46947298930193837
2024-02-20,MSFT,55.0,0.5210462994955226,44.666666666666664,27.40668598684651,0.3770369514319494
2024-02-21,MSFT,62.0,1.4705251335504896,45.266666666666666,27.588020055355774,0.6065434670468433
2024-02-22,MSFT,66.0,1.3190130148956436,45.86666666666667,27.84406496945064,0.7230744991948121
2024-02-23,MSFT,51.0,1.3226126238588094,45.96666666666667,27.85737484640886,0.1806822559944907
2024-02-24,MSFT,17.0,0.2617289340743258,43.93333333333333,27.6641599750731,-0.973582185672788
2024-02-25,MSFT,18.0,1.8590562606205012,42.63333333333333,27.943888769107097,-0.8815284635890158
2024-02-26,MSFT,64.0,1.6235032476251472,44.2,27.774212798056475,0.7128914919736454
2024-02-27,MSFT,72.0,0.9147297461575716,46.13333333333333,27.617752078781816,0.9365956574916003
2024-02-28,MSFT,42.0,-0.2801413118201799,45.6,27.535056025816026,-0.13074242509711081
2024-02-29,MSFT,46.0,1.4726343774584851,43.733333333333334,25.39472295621648,0.08925738904790055
2024-03-01,MSFT,71.0,0.7907193302602894,41.8,20.395063635342133,1.4317189944629543
2024-03-02,MSFT,26.0,0.0593357771923934,40.63333333333333,20.25949472313615,-0.7222950785945419
2024-03-03,MSFT,11.0,0.1400289743401379,38.5,19.881979364446487,-1.383162083407866
2024-03-04,MSFT,34.0,-0.2108732839077976,39.06666666666667,19.48639372048828,-0.2600104842046531
2024-03-05,MSFT,73.0,1.2736843233553652,41.1,19.74553637905417,1.6155549987408364
2024-03-06,MSFT,49.0,0.2786783983395018,41.63333333333333,19.735288424429022,0.3732738284963676
2024-03-07,MSFT,41.0,-0.8620552827968454,41.733333333333334,19.72384052504661,-0.03718004779049496
2024-03-08,MSFT,32.0,0.0432623040343544,41.36666666666667,19.801573140803093,-0.47302639038136457
2024-03-09,MSFT,18.0,-0.4391526091359863,39.766666666666666,19.68139911856796,-1.1059511844425434
2024-03-10,MSFT,16.0,1.5081528521158774,38.96666666666667,20.15369108545172,-1.1395761981905908
2024-03-11,MSFT,62.0,0.801450864974665,40.5,20.095890813452552,1.0698704625528475
2024-03-12,MSFT,43.0,1.798824194176144,41.733333333333334,19.011672155834145,0.06662573687806633
2024-03-13,MSFT,53.0,-0.0201047700295537,42.3,19.0880898052632,0.5605589720690475
2024-03-14,MSFT,48.0,0.4683425176598054,42.56666666666667,19.1107179412466,0.28430817460847896
2024-03-15,MSFT,36.0,0.0084851386482252,41.9,18.974302040682137,-0.3109468789602914
2024-03-16,MSFT,12.0,0.4065359162056799,40.7,19.69972868708672,-1.4568728562649196
2024-03-17,MSFT,5.0,0.6432287615160959,39.5,20.749324874766902,-1.6627047004288409
2024-03-18,MSFT,65.0,1.436432297011353,41.1,20.805088900024696,1.148757408096037
2024-03-19,MSFT,49.0,1.5406860701276428,42.233333333333334,20.253025884328103,0.33410645428062913
2024-03-20,MSFT,58.0,1.8210132884631136,43.166666666666664,20.314905914102834,0.7301699252781609
2024-03-21,MSFT,33.0,0.8095216036661451,42.43333333333333,20.27004471242424,-0.46538295633612
2024-03-22,MSFT,27.0,0.9575886692583746,41.266666666666666,20.111642422227483,-0.7093735244068917
2024-03-23,MSFT,7.0,-0.1496607104499101,39.3,20.49078851076999,-1.5763180603334552
2024-03-24,MSFT,10.0,1.4731233834755832,37.93333333333333,21.043359724762276,-1.3274179455509398
2024-03-25,MSFT,32.0,1.1566976468330807,38.43333333333333,20.7042946291815,-0.310724583887341
2024-03-26,MSFT,51.0,0.6092463216318705,39.53333333333333,20.4564016341118,0.5605417253611985
2024-03-27,MSFT,44.0,1.037867354278417,38.86666666666667,19.95120484363397,0.25729440269725246
2024-03-28,MSFT,38.0,-0.4223966206542323,37.733333333333334,18.944443882652994,0.014076246751737402
2024-03-29,MSFT,26.0,1.2151964708697158,37.2,19.045136948294974,-0.5880766323921177
2024-03-30,MSFT,10.0,1.1701005415859294,36.0,19.59767755417058,-1.3266878143153724
2024-03-31,MSFT,17.0,1.0209632323890945,34.2,18.73296927694685,-0.9181673095021115
2024-04-01,MSFT,41.0,-0.0340907913776957,34.7,18.706720164431417,0.3367773690215718
2024-04-02,MSFT,45.0,-0.062348204760368,35.833333333333336,18.245610399506365,0.5024039462617632
2024-04-03,MSFT,44.0,0.213991754690397,36.166666666666664,18.302220203238083,0.4279990758688085
2024-04-04,MSFT,49.0,1.199161933637823,35.36666666666667,17.12325165167051,0.7961883414826348
2024-04-05,MSFT,51.0,-2.2073777704783373,35.43333333333333,17.181953911877578,0.9059893156799653
2024-04-06,MSFT,12.0,-1.2494808370492885,34.46666666666667,17.66690522502131,-1.271680941314359
2024-04-07,MSFT,11.0,-1.2402220156312531,33.766666666666666,18.176687102521974,-1.2525201395752608
2024-04-08,MSFT,35.0,-0.4085266543384361,34.333333333333336,17.931542875197817,0.03717843307219094
2024-04-09,MSFT,64.0,1.5191536605654263,35.93333333333333,18.375270738485565,1.5274151366860265
2024-04-10,MSFT,63.0,0.5616838505088007,35.96666666666667,18.425026708132673,1.4672072807037513
2024-04-11,MSFT,37.0,0.5489397650268325,35.766666666666666,18.378554468940592,0.06710720015644561
2024-04-12,MSFT,42.0,1.6806778076570044,35.4,18.130941356773477,0.36401860610146036
2024-04-13,MSFT,16.0,-0.0193099537862213,34.333333333333336,18.30457514569426,-1.00157109287761
2024-04-14,MSFT,7.0,1.5349295797421152,33.36666666666667,18.967273690869966,-1.3901136819340807
2024-04-15,MSFT,29.0,0.1619994859957267,33.93333333333333,18.556406707254983,-0.2658560685353242
2024-04-16,MSFT,67.0,1.0427338733714633,36.0,18.675080205708763,1.6599660969875591
2024-04-17,MSFT,51.0,0.3914760344416852,35.53333333333333,18.091212066165955,0.8549270557494768
2024-04-18,MSFT,35.0,0.4542714335289557,35.06666666666667,17.911532276880926,-0.003721996847400884
2024-04-19,MSFT,49.0,0.8496391890844528,34.766666666666666,17.586600175904568,0.8093283062654969
2024-04-20,MSFT,22.0,-0.3945823379519228,34.4,17.738716666250614,-0.6990359129864243
2024-04-21,MSFT,14.0,0.0180935108721715,33.96666666666667,18.08120253350068,-1.1042775849489335
2024-04-22,MSFT,59.0,1.3050121291443495,35.7,17.8984684376567,1.3017873613688076
2024-04-23,MSFT,59.0,2.480897713768415,37.333333333333336,17.707067229924252,1.2236168974414263
2024-04-24,MSFT,50.0,1.581476200397087,37.93333333333333,17.824689064044986,0.676963655484286
2024-04-25,MSFT,97.0,0.4535246680815977,39.46666666666667,20.72934507229875,2.7754534999862037
2024-04-26,MSFT,146.0,1.0606890618238052,42.86666666666667,28.43229505859226,3.6273305802714777
2024-04-27,MSFT,25.0,2.1151980287203958,42.43333333333333,28.607550647040508,-0.6093962236902247
2024-04-28,MSFT,15.0,0.5246134457670737,42.06666666666667,28.894496950509243,-0.9367412318347921
2024-04-29,MSFT,54.0,1.29665476985357,43.53333333333333,28.3217149945035,0.3695633074726574
2024-04-30,MSFT,59.0,1.400451069122027,44.93333333333333,28.001149401695834,0.5023603304589614
2024-05-01,MSFT,61.0,1.2002672756864845,45.6,28.14200443808334,0.5472247022731562
2024-05-02,MSFT,53.0,0.8614904300513128,45.86666666666667,28.17400774905262,0.2531884493278454
2024-05-03,MSFT,45.0,0.3825404846117858,45.9,28.172314607515418,-0.0319462569028641
2024-05-04,MSFT,10.0,0.7690513595284041,44.6,28.91438014743432,-1.1966364080286256
2024-05-05,MSFT,4.0,0.2352762404581179,43.03333333333333,29.81492721871832,-1.3091876108564684
2024-05-06,MSFT,30.0,0.5671985383854883,43.63333333333333,29.346307214476507,-0.46456725317071657
2024-05-07,MSFT,79.0,1.2765706223265414,45.9,29.364945087638066,1.1271943435008942
2024-05-08,MSFT,88.0,0.5157350946215844,47.666666666666664,30.26701098593958,1.3325839592178437
2024-05-09,MSFT,51.0,1.3882728076111337,47.233333333333334,30.1177955567037,0.12506448752449517
2024-05-10,MSFT,43.0,1.2394094242748326,46.56666666666667,29.977788712511018,-0.11897697661662907
2024-05-11,MSFT,13.0,-0.3643133908537769,45.766666666666666,30.556542652115827,-1.07232899479869
2024-05-12,MSFT,10.0,-0.2853589133362332,44.7,31.24337171084562,-1.110635571638847
2024-05-13,MSFT,68.0,-0.0394888053421143,46.43333333333333,31.038000439209462,0.6948471667466725
2024-05-14,MSFT,48.0,0.6692474735544727,47.8,30.131207330148797,0.006637636448104955
2024-05-15,MSFT,65.0,0.4413509611267751,49.0,30.07347324642511,0.5320303334734358
2024-05-16,MSFT,38.0,0.8394472989443034,48.03333333333333,29.94072688557812,-0.33510653805022345
2024-05-17,MSFT,75.0,1.3285008968603529,48.833333333333336,30.340690026173867,0.8624281993617674
2024-05-18,MSFT,13.0,0.9711065328614478,48.1,30.946394141237626,-1.1342193807719745
2024-05-19,MSFT,8.0,1.5997321671478246,46.733333333333334,31.798865012637684,-1.2180728248615074
2024-05-20,MSFT,48.0,1.5205362730931502,47.6,31.453961978388822,0.012716998903821016
2024-05-21,MSFT,64.0,1.8504315646034624,49.266666666666666,30.932555479716605,0.47630508067768335
2024-05-22,MSFT,76.0,2.2708070893954764,49.833333333333336,31.270878083161538,0.8367742855534541
2024-05-23,MSFT,66.0,2.306471308329729,50.06666666666667,31.36760170592594,0.5079551022966228
2024-05-24,MSFT,47.0,1.1798450555446156,49.96666666666667,31.372603173550264,-0.09456233677056858
2024-05-25,MSFT,32.0,-1.7036782642696704,47.8,30.23631066712041,-0.5225505245645344
2024-05-26,MSFT,12.0,0.8452567045901808,43.333333333333336,24.602121205621508,-1.2736029170595975
2024-05-27,MSFT,50.0,1.1087648627369138,44.166666666666664,24.382134971062847,0.23924620794103715
2024-05-28,MSFT,37.0,0.7673767160502625,44.9,23.798507632144513,-0.33195358810354614
2024-05-29,MSFT,61.0,0.8203366192760104,45.13333333333333,23.924786358478727,0.6631894817754
2024-05-30,MSFT,52.0,1.3259877779246267,44.9,23.818784241825192,0.2980840637337223
2024-05-31,MSFT,23.0,0.3627103346099628,43.63333333333333,23.943155862243344,-0.8617633135768302
2024-06-01,MSFT,16.0,0.762418620161999,42.4,24.392763200419175,-1.0822882091335322
2024-06-02,MSFT,11.0,0.8501954246361118,41.266666666666666,25.04882588387966,-1.2083068007648607
2024-06-03,MSFT,34.0,0.2690359773542475,42.06666666666667,24.390407008145402,-0.3307311216238717
2024-06-04,MSFT,59.0,1.400176687018226,43.9,23.48051282997499,0.6430864653315191
2024-06-05,MSFT,32.0,1.4854785468544598,43.96666666666667,23.442495061589394,-0.5104689852862161
2024-06-06,MSFT,33.0,0.8067918244443424,42.43333333333333,22.559780100012485,-0.41814828387126474
2024-06-07,MSFT,26.0,0.4638551674823636,40.36666666666667,21.02950855072599,-0.6831670189539781
2024-06-08,MSFT,9.0,0.499139042698298,38.96666666666667,21.685023170037372,-1.3819061400899129
2024-06-09,MSFT,10.0,-1.0968561534302292,37.86666666666667,22.301590067531738,-1.2495372115747463
2024-06-10,MSFT,44.0,-0.1720596050071562,38.9,21.822718311034464,0.23370140819813595
2024-06-11,MSFT,41.0,0.5829837304872181,39.93333333333333,21.130029837166354,0.050481077163008654
2024-06-12,MSFT,40.0,1.5542981855195035,39.0,20.4551654381833,0.04888740709636684
2024-06-13,MSFT,91.0,0.0663233522780918,40.43333333333333,22.510814769998785,2.246327695524341
2024-06-14,MSFT,86.0,0.7580672237019775,41.13333333333333,23.60118835893699,1.9010342184603235
2024-06-15,MSFT,22.0,1.4050323795399555,40.6,23.853865442559286,-0.7797478377158316
2024-06-16,MSFT,29.0,1.6477301860346247,39.06666666666667,23.030614307966236,-0.43709935532134864
2024-06-17,MSFT,46.0,1.213162681144699,40.166666666666664,22.525209376857397,0.25896910593543937
2024-06-18,MSFT,68.0,1.1027968217151187,42.166666666666664,22.232444966656324,1.1619654685788061
2024-06-19,MSFT,66.0,1.0511819155849518,42.766666666666666,22.63455297782015,1.026454260267474
2024-06-20,MSFT,46.0,0.5292579262421749,42.166666666666664,22.288211409085562,0.17198927554010532
2024-06-21,MSFT,36.0,1.797359641354678,40.833333333333336,21.372046411518294,-0.22615210730257676
2024-06-22,MSFT,12.0,0.3235021660550556,39.03333333333333,21.453210246605465,-1.2601066704042956
2024-06-23,MSFT,7.0,0.8336378965632811,37.7,22.171976721170765,-1.3846307158840876
2024-06-24,MSFT,30.0,0.6353463943544952,37.63333333333333,22.192703574689215,-0.34395689140097163
2024-06-25,MSFT,54.0,0.3121155035179712,39.03333333333333,21.841882155436018,0.6852278828425854
2024-06-26,MSFT,52.0,0.7012592324010338,39.1,21.879529087789997,0.5895922141760775
2024-06-27,MSFT,53.0,0.543282033223216,39.63333333333333,22.021123610240043,0.60699294474016
2024-06-28,MSFT,34.0,-1.081639077292655,38.733333333333334,21.666648983193497,-0.21846171676131884
2024-06-29,MSFT,23.0,-0.0838155088666058,37.766666666666666,21.701236788739024,-0.6804527691402928
2024-06-30,MSFT,6.0,1.8132934688375968,37.2,22.31344113247471,-1.398260349659466
2024-07-01,MSFT,22.0,0.4030334258517363,37.4,22.143108214054116,-0.6954759851747325
2024-07-02,MSFT,65.0,1.3078771259064537,39.2,22.11786608151881,1.1664778105134608
2024-07-03,MSFT,91.0,-0.1726002544353119,41.1,24.022044473559177,2.077258663596449
2024-07-04,MSFT,37.0,-0.5421404412815464,40.36666666666667,23.791455048679417,-0.14150738825255413
2024-07-05,MSFT,24.0,1.2001827142172736,40.1,23.932880282588005,-0.672714684145782
2024-07-06,MSFT,15.0,0.3913486703625868,39.5,24.339197844714153,-1.0066067154846998
2024-07-07,MSFT,8.0,1.9422138387666907,38.9,24.898899020113184,-1.2410187283798837
2024-07-08,MSFT,31.0,0.0199571989848186,39.63333333333333,24.30479352937908,-0.3552111365561512
2024-07-09,MSFT,26.0,1.9341748962094825,40.166666666666664,23.80246775576784,-0.595176383055231
2024-07-10,MSFT,50.0,1.3948817718395976,40.36666666666667,23.860923665292578,0.40372843350342325
2024-07-11,MSFT,33.0,0.2323085219503654,40.1,23.898275799875112,-0.2970925626373893
2024-07-12,MSFT,24.0,0.4656910602899086,39.56666666666667,24.078439824204057,-0.6464981444112833
2024-07-13,MSFT,8.0,0.4453236832902722,36.8,22.693459486122343,-1.2690881272470584
2024-07-14,MSFT,10.0,1.653370957609866,34.266666666666666,21.20496580314725,-1.1443860316466532
2024-07-15,MSFT,46.0,1.4953274322235548,35.06666666666667,21.178931192030962,0.5162363121254786
2024-07-16,MSFT,58.0,0.8749335968420819,36.03333333333333,21.551035391293432,1.0192859075133416
2024-07-17,MSFT,50.0,0.540340819503618,36.166666666666664,21.62706371788532,0.6396306735755967
2024-07-18,MSFT,27.0,1.8341543783277927,34.8,20.82670699217549,-0.37451912119042274
2024-07-19,MSFT,159.0,-2.9802946609025165,37.9,30.367121512674153,3.987865624651226
2024-07-20,MSFT,34.0,-2.577340537817849,37.5,30.335764712458715,-0.1153753674309905
2024-07-21,MSFT,9.0,-1.9846799206758563,36.6,30.779079325703222,-0.8967129818256646
2024-07-22,MSFT,48.0,-1.5695024067965715,37.8,30.487306572883178,0.33456546827499534
2024-07-23,MSFT,49.0,1.2880131851275296,39.2,29.984363741215475,0.3268370169392407
2024-07-24,MSFT,46.0,0.4888174299250312,39.733333333333334,29.95736433935602,0.20918618192435343
2024-07-25,MSFT,54.0,1.619107120320791,39.733333333333334,29.95736433935602,0.4762323716150174
2024-07-26,MSFT,49.0,0.4044997205202933,39.63333333333333,29.91998908967777,0.31305715515444876
2024-07-27,MSFT,11.0,1.6834662226616202,38.233333333333334,30.2537354015521,-0.900164325888042
2024-07-28,MSFT,5.0,-0.5451318024798122,37.266666666666666,30.851069766656828,-1.0458848562048821
2024-07-29,MSFT,34.0,1.939316120324616,37.63333333333333,30.740833602469422,-0.11819241404831214
2024-07-30,MSFT,82.0,-0.448823014113353,40.166666666666664,31.172582264828034,1.341991272264082
2024-07-31,MSFT,79.0,0.4606317847183314,42.06666666666667,31.758716786955087,1.1629353157147622
2024-08-01,MSFT,59.0,0.8008933686458853,41.86666666666667,31.627937599243,0.5417151617797364
2024-08-02,MSFT,72.0,-0.0355545418485594,41.233333333333334,30.789253984459258,0.9992663895720243
2024-08-03,MSFT,56.0,0.3565363976831502,41.86666666666667,30.894406739992466,0.4574722360678281
2024-08-04,MSFT,16.0,0.9614640924206264,41.6,31.08786213964854,-0.8234725142888009
2024-08-05,MSFT,34.0,-1.6590336244248902,42.233333333333334,30.71861542018672,-0.26802423288657745
2024-08-06,MSFT,34.0,0.7560688740438225,43.1,30.079607022377964,-0.3025305481295013
2024-08-07,MSFT,27.0,0.3315965365130977,42.96666666666667,30.143888650744874,-0.529681715974363
2024-08-08,MSFT,81.0,1.7705522062262515,44.8,30.74298350002417,1.177504453982859
2024-08-09,MSFT,87.0,-3.507614541686044,46.03333333333333,31.68648502647987,1.2928750737871841
2024-08-10,MSFT,29.0,0.4073815132852529,45.9,31.75156797648766,-0.53225717900025
2024-08-11,MSFT,22.0,-0.9919659625623366,45.833333333333336,31.801196391865865,-0.7494476949750685
2024-08-12,MSFT,58.0,-0.2030802080855313,47.5,31.051403433217203,0.3381489671660907
2024-08-13,MSFT,59.0,-1.7378158156019266,49.13333333333333,30.290243488204446,0.32573744976691654
2024-08-14,MSFT,69.0,-2.2511891721235053,49.9,30.49855847356587,0.6262591071822171
2024-08-15,MSFT,31.0,1.3454992811355129,49.0,30.649295429827205,-0.5872891936851118
2024-08-16,MSFT,26.0,0.2369273784916123,48.2,30.93419043600517,-0.7176525290334025
2024-08-17,MSFT,9.0,0.9829254248322952,47.6,31.52842177005288,-1.2242921729962402
2024-08-18,MSFT,7.0,1.925042763846744,42.53333333333333,24.42120804339643,-1.455019476112348
2024-08-19,MSFT,19.0,1.274618386261746,42.03333333333333,24.753241979703326,-0.93051784296456
2024-08-20,MSFT,19.0,1.6615018133120318,42.36666666666667,24.357231218750584,-0.9593318081522597
2024-08-21,MSFT,43.0,1.927791060292594,42.2,24.334451241837755,0.032875201994469985
2024-08-22,MSFT,36.0,1.87947380552308,41.766666666666666,24.324931630953756,-0.23706815518151408
2024-08-23,MSFT,35.0,0.5486483421906625,41.4,24.34181870631351,-0.26292201405394733
2024-08-24,MSFT,30.0,1.1076081708518706,40.6,24.307796393693142,-0.4360740820895743
2024-08-25,MSFT,40.0,1.81312661859678,40.3,24.256033732121022,-0.012368056678727427
2024-08-26,MSFT,64.0,0.9212164595995912,42.06666666666667,23.97690459636081,0.9147691790316564
2024-08-27,MSFT,39.0,0.6715250481054115,43.2,22.945813230905237,-0.18303992792650775
2024-08-28,MSFT,37.0,-0.3301562466929117,43.3,22.910846700890907,-0.2749789251461849
2024-08-29,MSFT,62.0,0.9786379899630612,42.63333333333333,22.01955765995833,0.8795211495953056
2024-08-30,MSFT,21.0,0.5977184756373861,40.7,21.249178483106032,-0.9270946646554976
2024-08-31,MSFT,14.0,0.518077135057735,39.2,21.499639130892888,-1.1721126967098743
2024-09-01,MSFT,12.0,1.6147207073119572,37.2,21.130791391417088,-1.192572466085475
2024-09-02,MSFT,17.0,2.635879679977136,35.9,21.13397330333809,-0.8942946850895643
2024-09-03,MSFT,19.0,2.0229863951065825,36.0,21.043468967993295,-0.8078515964196145
2024-09-04,MSFT,29.0,0.7211251989900929,35.833333333333336,21.079624634054657,-0.3241676952014561
2024-09-05,MSFT,50.0,1.115367013967553,36.36666666666667,21.233485807568908,0.6420676028838177
2024-09-06,MSFT,32.0,0.6405376180231657,36.53333333333333,21.176977305935146,-0.21406895176030627
2024-09-07,MSFT,16.0,0.7396440838986015,34.36666666666667,19.747515484639894,-0.9300748076867044
2024-09-08,MSFT,11.0,1.3082154429051758,31.833333333333332,17.510752033582392,-1.1897452087368288
2024-09-09,MSFT,30.0,0.6410669868556447,31.866666666666667,17.506123723317295,-0.1066293541716696
2024-09-10,MSFT,42.0,1.1910539112183782,32.53333333333333,17.49824293313837,0.5410067000920754
2024-09-11,MSFT,45.0,0.7405651750864803,32.1,16.99969573764232,0.7588371109157919
2024-09-12,MSFT,46.0,0.6760345692782108,31.666666666666668,16.447058920257977,0.8714830659285138
2024-09-13,MSFT,34.0,0.1481518078515188,30.5,14.873605411299417,0.23531617944772587
2024-09-14,MSFT,10.0,1.9602371677017905,29.8,15.336231610144681,-1.2910603141193175
2024-09-15,MSFT,6.0,1.36721295153681,29.133333333333333,15.930307989605195,-1.4521585739854017
2024-09-16,MSFT,37.0,1.373783275961059,30.066666666666666,15.52513719931235,0.4465875724203216
2024-09-17,MSFT,71.0,0.9976125228836454,32.2,16.60577381930549,2.336536702366258
2024-09-18,MSFT,38.0,1.2293566878561224,32.833333333333336,16.446534764111465,0.3141492564099898
2024-09-19,MSFT,35.0,0.5061178510340018,33.36666666666667,16.240611788487783,0.1005709239655077
2024-09-20,MSFT,30.0,2.299675332835219,32.93333333333333,16.147879829516516,-0.18165439452748003
2024-09-21,MSFT,26.0,0.7577644512074266,32.6,16.185561893029973,-0.407770829559039
2024-09-22,MSFT,8.0,0.9675333787704088,31.7,16.78700236122765,-1.4118065566452207
2024-09-23,MSFT,41.0,1.595148139621041,32.06666666666667,16.86852472615143,0.529585928725818
2024-09-24,MSFT,32.0,1.7569563678255804,31.8,16.801888235429455,0.011903424019823406
2024-09-25,MSFT,61.0,0.0406702977550942,31.7,16.61148335671277,1.7638400720041505
2024-09-26,MSFT,45.0,1.4743250191101798,31.9,16.738042566725593,0.7826482665327998
2024-09-27,MSFT,43.0,0.2772827882069518,32.1,16.83663902900766,0.647397617851194
2024-09-28,MSFT,16.0,0.3438433949320443,30.566666666666666,16.098154388396342,-0.9048656333651774
2024-09-29,MSFT,10.0,2.1823459087409947,30.2,16.445101985404214,-1.228329262897149
2024-09-30,MSFT,32.0,1.5447144886342674,30.8,16.159549327959592,0.0742594967004268
2024-10-01,MSFT,33.0,2.4365442658549648,31.5,15.767163609091607,0.09513442222005454
2024-10-02,MSFT,47.0,1.6837241429428018,32.5,15.767163609091604,0.9196327481271941
2024-10-03,MSFT,49.0,1.5863030210766838,33.5,15.832637613269112,0.9789903854686642
2024-10-04,MSFT,29.0,0.6016120440408692,33.5,15.832637613269112,-0.2842230151360638
2024-10-05,MSFT,13.0,1.1563000347898849,32.266666666666666,15.943722866713886,-1.208417057153582
2024-10-06,MSFT,5.0,0.7990454005932444,31.366666666666667,16.703258681308665,-1.5785342949978725
2024-10-07,MSFT,26.0,-0.7699597599629134,31.7,16.484370863294156,-0.3457820772943311
2024-10-08,MSFT,24.0,1.8722395839284336,32.13333333333333,16.087547836830183,-0.5055670022446309
2024-10-09,MSFT,55.0,0.5422771949372822,32.96666666666667,16.612175288507295,1.3263364340115364
2024-10-10,MSFT,41.0,1.0007243346449073,32.93333333333333,16.59441811705607,0.48610723255041954
2024-10-11,MSFT,35.0,1.6340538240429845,32.6,16.44342442730687,0.14595499925273622
2024-10-12,MSFT,11.0,2.810985382243456,31.433333333333334,16.69954228844847,-1.223586430118365
2024-10-13,MSFT,10.0,1.685420330498554,30.633333333333333,17.141366246061306,-1.2037157970458978
2024-10-14,MSFT,29.0,1.6005001779264183,31.266666666666666,16.697993547302254,-0.13574485223303198
2024-10-15,MSFT,45.0,1.901129955649559,32.56666666666667,16.172951734797593,0.768773291184804
2024-10-16,MSFT,35.0,0.8117678277273175,32.5,16.15816223759844,0.15472056557166805
2024-10-17,MSFT,38.0,1.1989199729537865,31.4,14.483284062717956,0.45569775276239627
2024-10-18,MSFT,33.0,0.508615834950884,31.233333333333334,14.43339836995251,0.12240129603465512
2024-10-19,MSFT,6.0,-0.0497804855692863,30.266666666666666,15.126896195378214,-1.6042065968616197
2024-10-20,MSFT,14.0,1.6857914528540014,29.733333333333334,15.415919522125318,-1.0205900018323562
2024-10-21,MSFT,32.0,0.2172679576109743,29.933333333333334,15.40473132276047,0.13415791702989127
2024-10-22,MSFT,40.0,1.1919102499622884,31.0,14.934339046593974,0.6026379856464154
2024-10-23,MSFT,41.0,0.3284715414251207,31.0,14.934339046593974,0.6695977618293504
2024-10-24,MSFT,51.0,0.937401361101894,31.633333333333333,15.37459465870697,1.2596538052922845
2024-10-25,MSFT,45.0,0.4497390337717868,31.1,14.577616284966648,0.9535166606308982
2024-10-26,MSFT,8.0,-0.8912865132261831,29.866666666666667,14.922173580541708,-1.4653808005008382
2024-10-27,MSFT,6.0,0.2589751916645753,28.633333333333333,15.322922502675182,-1.4770898521076412
2024-10-28,MSFT,24.0,0.9896042503067332,28.9,15.164272894332719,-0.323127922726269
2024-10-29,MSFT,28.0,-0.0607133655527281,29.5,14.740865084800033,-0.10175793560085677
2024-10-30,MSFT,48.0,0.9119334382674258,30.033333333333335,15.119029647145519,1.1883478692733949
2024-10-31,MSFT,56.0,-0.0150298350302193,30.8,15.840585151156354,1.5908503227332111
2024-11-01,MSFT,35.0,-0.0481932860309346,30.4,15.56654237071647,0.295505571529709
2024-11-02,MSFT,11.0,0.958865725679063,29.133333333333333,15.546888663859328,-1.1663641340332305
2024-11-03,MSFT,2.0,2.174235363890535,28.233333333333334,16.317292146324608,-1.6077013942072653
2024-11-04,MSFT,38.0,1.847665344817092,29.066666666666666,16.150015124009883,0.5531470568131133
2024-11-05,MSFT,26.0,0.6896378830883079,29.766666666666666,15.513472083706949,-0.24279971925966295
2024-11-06,MSFT,31.0,1.528443402381002,29.933333333333334,15.498461176858028,0.06882403707662219
2024-11-07,MSFT,29.0,1.328786507181556,30.1,15.45929025448499,-0.07115462494669661
2024-11-08,MSFT,32.0,1.2550993862174515,29.333333333333332,14.73521078171636,0.1809724140475481
2024-11-09,MSFT,5.0,0.4895760429361077,28.133333333333333,15.210552900543451,-1.5208739277654273
2024-11-10,MSFT,8.0,1.7444232554544126,27.233333333333334,15.584438156176152,-1.234137101420696
2024-11-11,MSFT,19.0,2.1073138812574537,27.5,15.363974880802559,-0.5532422479172909
2024-11-12,MSFT,28.0,1.9893400259958012,28.1,15.00425227083634,-0.006664777304122693
2024-11-13,MSFT,64.0,1.1183631075652207,29.266666666666666,16.374777352175943,2.121148433735365
2024-11-14,MSFT,43.0,1.7081532188191353,29.2,16.312466144766056,0.8459787672526637
2024-11-15,MSFT,38.0,0.2953539653901793,29.3,16.35837863983282,0.5318375489130328
2024-11-16,MSFT,15.0,2.205165485086345,28.533333333333335,16.475129288035106,-0.8214401900421977
2024-11-17,MSFT,11.0,2.044673574212116,27.8,16.756676487196163,-1.002585447826539
2024-11-18,MSFT,33.0,1.408526467176697,28.7,16.26324393988717,0.2643998956108527
2024-11-19,MSFT,63.0,1.56175989754322,30.333333333333332,17.171213548047337,1.90240873629933
2024-11-20,MSFT,70.0,2.3154621482300897,31.6,18.637374389595003,2.0603760592714284
2024-11-21,MSFT,46.0,0.7712249076432575,31.8,18.762398199774385,0.7568328871823407
2024-11-22,MSFT,17.0,1.3219649698531193,31.0,18.867962264113224,-0.7419985160044513
2024-11-23,MSFT,6.0,2.0677987529974837,29.5,19.01133962883098,-1.2361043702760377
2024-11-24,MSFT,6.0,1.172624784510873,28.2,19.24685375094708,-1.153435272448496
2024-11-25,MSFT,47.0,-0.2500472216968545,29.5,19.152293461295617,0.9137286892227975
2024-11-26,MSFT,44.0,0.8808928192392389,30.766666666666666,18.797804958674522,0.7039829045160201
2024-11-27,MSFT,49.0,1.367791172632517,31.6,19.040066647231964,0.9138623473531592
2024-11-28,MSFT,38.0,0.7209362023297331,31.933333333333334,19.062390003451267,0.3182532025400954
2024-11-29,MSFT,27.0,1.0336185705070169,31.233333333333334,18.83628804001567,-0.22474350171010724
2024-11-30,MSFT,7.0,1.6791062019481904,29.6,18.738858758905454,-1.2060499676512892
2024-12-01,MSFT,5.0,0.8119280071512568,28.6,19.234666979001855,-1.2269513179387874
2024-12-02,MSFT,20.0,1.3760419574461986,28.9,19.01968127656375,-0.46793633765917364
2024-12-03,MSFT,37.0,0.3383137174476314,30.066666666666666,18.37527073848558,0.3773187035993981
2024-12-04,MSFT,51.0,1.8892679065533844,30.5,18.718882224217836,1.095150861811493
2024-12-05,MSFT,27.0,1.69416656014598,30.533333333333335,18.711481508151238,-0.18883236646943843
2024-12-06,MSFT,55.0,1.2023118312589207,31.333333333333332,19.237774144193217,1.2302185527950114
2024-12-07,MSFT,7.0,3.175970648819819,30.6,19.742480017499826,-1.1953918646026664
2024-12-08,MSFT,5.0,1.2470324520604408,29.7,20.28444282423493,-1.217681955280998
2024-12-09,MSFT,20.0,0.3014533278942288,30.2,19.834487554553178,-0.5142557866416115
2024-12-10,MSFT,70.0,0.7848214475094656,32.266666666666666,20.654686924618915,1.8268654214437834
2024-12-11,MSFT,34.0,0.212928534585304,32.766666666666666,20.50346200091558,0.06015244319609342
2024-12-12,MSFT,44.0,1.0202066391338305,33.3,20.58313672017411,0.5198430222499875
2024-12-13,MSFT,35.0,1.093419188756913,32.333333333333336,19.755982652723535,0.13498020895959031
2024-12-14,MSFT,18.0,1.9006031764262503,31.5,19.817703684088766,-0.6812090954230422
2024-12-15,MSFT,9.0,2.2186191623021565,30.533333333333335,20.19343241362594,-1.0663533020173068
2024-12-16,MSFT,24.0,1.6965444110850354,30.833333333333332,20.020822493927014,-0.34131131902328743
2024-12-17,MSFT,21.0,1.4472819765838127,31.166666666666668,19.760782012540062,-0.5144870613022788
2024-12-18,MSFT,35.0,1.2223648274837755,31.233333333333334,19.770551652487562,0.19051904736268388
2024-12-19,MSFT,21.0,1.710367553066502,29.833333333333332,18.91192532610655,-0.46707742236796757
2024-12-20,MSFT,31.0,1.5055194407062382,28.533333333333335,17.32992893181071,0.14233564813637908
2024-12-21,MSFT,10.0,1.9559438559808489,27.333333333333332,17.325152799910036,-1.0004721766969547
2024-12-22,MSFT,7.0,0.5641582215643777,27.0,17.624434449229092,-1.1347881861182114
2024-12-23,MSFT,13.0,1.848791145820188,27.233333333333334,17.381487046683425,-0.8188789195714533
2024-12-24,MSFT,11.0,-0.1971606606110455,27.4,17.193824071651346,-0.9538308599446368
2024-12-25,MSFT,3.0,1.2777161862527702,25.933333333333334,17.340272704639485,-1.322547443397323
2024-12-26,MSFT,17.0,2.409832641685191,25.033333333333335,17.06879252205382,-0.4706445006554404
2024-12-27,MSFT,30.0,0.4016076258126138,24.4,16.491586151522974,0.33956709491420567
2024-12-28,MSFT,14.0,-0.2995131073808466,23.6,16.39091421994265,-0.5856903325331166
2024-12-29,MSFT,2.0,0.1886756942418599,22.766666666666666,16.841417200857364,-1.2330712088534612
2024-12-30,MSFT,15.0,0.6513182083577358,23.033333333333335,16.64535418944142,-0.4826171460159788
2024-12-31,MSFT,25.0,0.2150768183658715,23.7,16.295017220208685,0.07977898902664382
2024-01-03,NKE,4.0,1.339616251125685,,,
2024-01-04,NKE,0.0,,,,
2024-01-05,NKE,1.0,0.853788687299893,,,
2024-01-06,NKE,0.0,,,,
2024-01-07,NKE,0.0,,,,
2024-01-08,NKE,14.0,1.6349551732413934,,,
2024-01-09,NKE,5.0,-1.4670685999262223,,,
2024-01-10,NKE,3.0,1.4711906324780786,,,
2024-01-11,NKE,1.0,0.646551724137931,,,
2024-01-12,NKE,1.0,3.8659793814433,2.9,4.280446497997869,-0.4438789273242181
2024-01-13,NKE,0.0,,2.6363636363636362,4.153859103838918,-0.6346781560133224
2024-01-14,NKE,1.0,-1.2,2.5,3.9886201760873288,-0.3760699023168052
2024-01-15,NKE,0.0,,2.3076923076923075,3.8812501290309243,-0.5945744878515458
2024-01-16,NKE,0.0,,2.142857142857143,3.7796447300922726,-0.5669467095138407
2024-01-17,NKE,2.0,3.14738856986601,2.1333333333333333,3.642343567906063,-0.036606468019156395
2024-01-18,NKE,1.0,0.990099009900991,2.0625,3.530226621620771,-0.30097217937589316
2024-01-19,NKE,5.0,2.131574926863522,2.235294117647059,3.4915865262926307,0.7918193811134069
2024-01-20,NKE,1.0,3.90243902439024,2.1666666666666665,3.399826985217302,-0.3431547169133662
2024-01-21,NKE,0.0,,2.0526315789473686,3.341218743222072,-0.6143361858936339
2024-01-22,NKE,0.0,,1.95,3.284332824983357,-0.593727890537367
2024-01-23,NKE,1.0,0.72202166064982,1.9047619047619047,3.2078772093825836,-0.28204380832146725
2024-01-24,NKE,2.0,-0.3837246497344999,1.9090909090909092,3.1306334504163535,0.02903856115668876
2024-01-25,NKE,3.0,0.0250833815706057,1.9565217391304348,3.067101991213519,0.34021635532788597
2024-01-26,NKE,2.0,-1.149547255234865,1.9583333333333333,2.9996980524374623,0.013890286934983237
2024-01-27,NKE,0.0,,1.88,2.962543951853992,-0.6345897413010448
2024-01-28,NKE,0.0,,1.8076923076923077,2.9260106735175224,-0.6178009957561702
2024-01-29,NKE,1.0,-1.26050420168067,1.7777777777777777,2.873396989002783,-0.27068232505098666
2024-01-30,NKE,2.0,3.912718017815705,1.7857142857142858,2.8199966227605584,0.07598793294863775
2024-01-31,NKE,3.0,-2.7878027615380363,1.8275862068965518,2.7783469586536707,0.4219824991445905
2024-02-01,NKE,0.0,,1.7666666666666666,2.7503395819592815,-0.6423449228797166
2024-02-02,NKE,3.0,0.1602670809347008,1.7333333333333334,2.7283104956950086,0.4642677835478533
2024-02-03,NKE,0.0,,1.7333333333333334,2.7283104956950086,-0.6353138090654835
2024-02-04,NKE,0.0,,1.7,2.7436446939967563,-0.6196137581953277
2024-02-05,NKE,2.0,0.1578968983856796,1.7666666666666666,2.725148946683318,0.08562223126090598
2024-02-06,NKE,4.0,1.716850021458205,1.9,2.7335716184331904,0.7682257109486904
2024-02-07,NKE,0.0,,1.4333333333333333,1.5241353305225651,-0.9404239273437094
2024-02-08,NKE,0.0,,1.2666666666666666,1.3879613761229805,-0.9126094489782354
2024-02-09,NKE,2.0,-0.2511460595292951,1.2333333333333334,1.3565507307349305,0.5651588615866316
2024-02-10,NKE,0.0,,1.2,1.3746472901853026,-0.8729511988767968
2024-02-11,NKE,0.0,,1.1666666666666667,1.3916830131877749,-0.8383135064602908
2024-02-12,NKE,0.0,,1.1666666666666667,1.3916830131877749,-0.8383135064602908
2024-02-13,NKE,2.0,3.391457366821305,1.2,1.3995073024658267,0.571629743260689
2024-02-14,NKE,1.0,1.94552529182879,1.2333333333333334,1.3817363722139087,-0.16886964693523368
2024-02-15,NKE,1.0,3.24909747292419,1.2666666666666666,1.3628907749221206,-0.1956625369937695
2024-02-16,NKE,25.0,0.0023578428559628,2.033333333333333,4.544669733710663,5.053539203588
2024-02-17,NKE,1.0,-3.65111561866126,2.033333333333333,4.544669733710663,-0.22737259116288527
2024-02-18,NKE,3.0,3.6048892698737833,1.9666666666666666,4.51421764202173,0.22890640533462325
2024-02-19,NKE,0.0,,1.9333333333333333,4.525280203428317,-0.42722952975788214
2024-02-20,NKE,1.0,-1.33779264214047,1.9666666666666666,4.51421764202173,-0.21413825015174429
2024-02-21,NKE,0.0,,1.9666666666666666,4.51421764202173,-0.43566057789492807
2024-02-22,NKE,1.0,2.00286123032904,1.9666666666666666,4.51421764202173,-0.21413825015174429
2024-02-23,NKE,3.0,2.994507886749267,2.0,4.518162580457711,0.22132891019134052
2024-02-24,NKE,0.0,,1.9,4.52845410175748,-0.41956922987529355
2024-02-25,NKE,0.0,,1.8333333333333333,4.541633712840479,-0.4036726537743418
2024-02-26,NKE,6.0,1.9479859856029749,2.033333333333333,4.589969073093415,0.8642033537697297
2024-02-27,NKE,3.0,1.80032271957455,2.1333333333333333,4.5768030804024775,0.18936070690427287
2024-02-28,NKE,6.0,-0.4441725686041566,2.3,4.624895152586034,0.8000181361800442
2024-02-29,NKE,4.0,1.96177761747854,2.3666666666666667,4.634825692019312,0.35240447901757416
2024-03-01,NKE,1.0,-0.819672131147541,2.3,4.639782991358168,-0.28018551781868156
2024-03-02,NKE,0.0,,2.3,4.639782991358168,-0.49571283921766746
2024-03-03,NKE,0.0,,2.2,4.656474913568166,-0.4724603999453705
2024-03-04,NKE,0.0,,2.2,4.656474913568166,-0.4724603999453705
2024-03-05,NKE,2.0,5.141527001862195,2.2666666666666666,4.638172450239526,-0.05749390940668783
2024-03-06,NKE,3.0,3.16466947525157,2.3,4.639782991358168,0.15086912497929014
2024-03-07,NKE,1.0,2.54596888260255,2.2,4.634205656740486,-0.25894405403752235
2024-03-08,NKE,5.0,2.4192146494884024,2.3666666666666667,4.642259655883509,0.5672524866195061
2024-03-09,NKE,0.0,,2.3666666666666667,4.642259655883509,-0.5098091968352523
2024-03-10,NKE,0.0,,2.3,4.662025606817352,-0.49334778355500114
2024-03-11,NKE,1.0,1.58102766798419,2.3333333333333335,4.648569177962059,-0.2868266088529781
2024-03-12,NKE,3.0,2.422386151912993,2.433333333333333,4.62886992489627,0.12242008867409804
2024-03-13,NKE,7.0,1.3786883422724727,2.6666666666666665,4.678146798815144,0.9262927222443849
2024-03-14,NKE,3.0,1.1923444531370495,2.7,4.6767952481484,0.06414649008180837
2024-03-15,NKE,10.0,3.873446723916393,3.0,4.849457843853306,1.4434603259563354
2024-03-16,NKE,1.0,2.02020202020202,3.0,4.849457843853306,-0.4124172359875244
2024-03-17,NKE,0.0,,2.1666666666666665,2.533681161844375,-0.8551457457612611
2024-03-18,NKE,2.0,-0.0379614475359155,2.2,2.5243640373574197,-0.07922787563134762
2024-03-19,NKE,1.0,0.0,2.1333333333333333,2.5289132643984806,-0.44815033765221063
2024-03-20,NKE,0.0,,2.1333333333333333,2.5289132643984806,-0.843577106168867
2024-03-21,NKE,20.0,1.3851525255747823,2.7666666666666666,4.116269932951378,4.186638294874161
2024-03-22,NKE,31.0,0.1602858508766209,3.8,6.562169531909188,4.144970633223868
2024-03-23,NKE,3.0,1.1325389692389312,3.8666666666666667,6.542873634902241,-0.13245963700774052
2024-03-24,NKE,1.0,1.61290322580645,3.8,6.562169531909188,-0.426688153420104
2024-03-25,NKE,4.0,3.528854433523862,3.933333333333333,6.522815836491294,0.010220534863748005
2024-03-26,NKE,3.0,0.8919024010887524,4.033333333333333,6.483311910847213,-0.15938356006047863
2024-03-27,NKE,2.0,2.678977991398935,3.9,6.482602712725383,-0.2930921551416825
2024-03-28,NKE,2.0,2.6858252121561885,3.8666666666666667,6.4899568742700495,-0.287623893783827
2024-03-29,NKE,1.0,0.661521499448732,3.7,6.497479617460169,-0.41554574372876846
2024-03-30,NKE,0.0,,3.566666666666667,6.532060631374607,-0.5460247336859299
2024-03-31,NKE,0.0,,3.533333333333333,6.548141791343574,-0.5395932840068128
2024-04-01,NKE,1.0,-1.32450331125828,3.566666666666667,6.532060631374607,-0.3929336868580991
2024-04-02,NKE,2.0,-0.6716251228446325,3.6333333333333333,6.504551898655192,-0.25110620359121477
2024-04-03,NKE,1.0,0.0,3.6666666666666665,6.487831226456844,-0.4110258996553761
2024-04-04,NKE,3.0,1.2701503517486887,3.7,6.481538770044211,-0.10799904541730071
2024-04-05,NKE,4.0,0.618641520549619,3.7333333333333334,6.480385968354862,0.041149812367482136
2024-04-06,NKE,0.0,,3.7,6.497479617460169,-0.5694515747394234
2024-04-07,NKE,0.0,,3.533333333333333,6.527043653184396,-0.5413374754448746
2024-04-08,NKE,1.0,1.60642570281125,3.566666666666667,6.51091038357836,-0.3942101051091478
2024-04-09,NKE,2.0,0.6687854399122025,3.6333333333333333,6.483311910847212,-0.2519288529988211
2024-04-10,NKE,0.0,,3.6,6.499867372652227,-0.5538574548685051
2024-04-11,NKE,9.0,2.5511578953701703,3.8,6.572670690061993,0.7911548052852401
2024-04-12,NKE,0.0,,3.566666666666667,6.579400105414356,-0.5420960284405817
2024-04-13,NKE,2.0,1.83139693448972,3.533333333333333,6.584900875505256,-0.2328559476175382
2024-04-14,NKE,2.0,-1.88860891889322,3.2666666666666666,6.475062685535113,-0.19562230177266407
2024-04-15,NKE,6.0,-0.751557546567135,3.433333333333333,6.479055557682789,0.39614827250912266
2024-04-16,NKE,2.0,3.4395193826834003,3.5,6.452746007281145,-0.23245917293310958
2024-04-17,NKE,3.0,-1.51443063542458,3.533333333333333,6.447310764338417,-0.08272182818971974
2024-04-18,NKE,1.0,3.7037037037037,3.533333333333333,6.447310764338417,-0.39292868390116886
2024-04-19,NKE,6.0,1.4860857170451651,3.7333333333333334,6.4269547319423985,0.35268128704893165
2024-04-20,NKE,1.0,0.0,3.1,5.658987359151325,-0.37109112756790746
2024-04-21,NKE,2.0,0.2961818781680201,2.1333333333333333,2.0633640649114318,-0.06461939296158893
2024-04-22,NKE,4.0,1.7742695501493575,2.1666666666666665,2.085803133721802,0.8789579916212064
2024-04-23,NKE,0.0,,2.1333333333333333,2.1129050655654087,-1.0096683320518511
2024-04-24,NKE,4.0,-3.281025602864367,2.1333333333333333,2.1129050655654087,0.8834597905453697
2024-04-25,NKE,5.0,2.2343068244695883,2.2,2.171921126401775,1.2891812533905243
2024-04-26,NKE,1.0,3.07529162248144,2.1666666666666665,2.1827431860143247,-0.5344956173231687
2024-04-27,NKE,1.0,0.806451612903226,2.1333333333333333,2.1929877797878543,-0.516798745428016
2024-04-28,NKE,0.0,,2.1,2.218262756116242,-0.946686768377567
2024-04-29,NKE,5.0,1.202599232193032,2.2666666666666666,2.2427405238839544,1.218747021434194
2024-04-30,NKE,5.0,-0.0591276641326843,2.433333333333333,2.2542424881547927,1.1385938647477134
2024-05-01,NKE,3.0,0.5693559268165163,2.5,2.239919949308536,0.22322226298951
2024-05-02,NKE,5.0,1.4131970184612868,2.6,2.2833731853221644,1.051076545624486
2024-05-03,NKE,0.0,,2.566666666666667,2.314621192413097,-1.1088927531985489
2024-05-04,NKE,0.0,,2.466666666666667,2.35962202311176,-1.045365165482623
2024-05-05,NKE,0.0,,2.3333333333333335,2.3828891958167593,-0.9792034549611359
2024-05-06,NKE,1.0,4.57227138643068,2.3666666666666667,2.3559657706859176,-0.5800876581788259
2024-05-07,NKE,7.0,4.3431010252660345,2.6,2.45792174618006,1.7901302215329638
2024-05-08,NKE,3.0,5.194730517280046,2.6666666666666665,2.440086676432982,0.13660716914393128
2024-05-09,NKE,2.0,2.4112311324482363,2.6666666666666665,2.440086676432982,-0.27321433828786235
2024-05-10,NKE,0.0,,2.6666666666666665,2.440086676432982,-1.0928573531514496
2024-05-11,NKE,1.0,4.42477876106195,2.4,2.143152688978523,-0.6532432370309896
2024-05-12,NKE,0.0,,2.4,2.143152688978523,-1.1198455491959822
2024-05-13,NKE,1.0,3.12056737588652,2.3666666666666667,2.157318471738875,-0.6335025099771593
2024-05-14,NKE,6.0,0.3510444924405888,2.5,2.25526204609392,1.5519260859561521
2024-05-15,NKE,4.0,0.6032911272958102,2.433333333333333,2.1764148522732083,0.7198382537365634
2024-05-16,NKE,0.0,,2.3666666666666667,2.220334447210887,-1.065905485382888
2024-05-17,NKE,2.0,-1.9005238029017764,2.3333333333333335,2.2180036586726066,-0.15028529462968568
2024-05-18,NKE,0.0,,2.3,2.2460693636232403,-1.0240111179334914
2024-05-19,NKE,0.0,,2.1,2.1711271504562526,-0.9672395278916274
2024-05-20,NKE,1.0,-2.72108843537415,2.1,2.1711271504562526,-0.506649276514662
2024-05-21,NKE,1.0,3.9039039039039,2.066666666666667,2.180372213294271,-0.4892131078184428
2024-05-22,NKE,0.0,,1.9333333333333333,2.180372213294271,-0.8866987579209273
2024-05-23,NKE,0.0,,1.9333333333333333,2.180372213294271,-0.8866987579209273
2024-05-24,NKE,3.0,-0.5934377692413887,1.9,2.1551862068524166,0.510396733471358
2024-05-25,NKE,0.0,,1.7333333333333334,2.0998084203800267,-0.8254721318907903
2024-05-26,NKE,0.0,,1.7,2.1196941874421116,-0.8020024822785559
2024-05-27,NKE,0.0,,1.6666666666666667,2.1388577894937693,-0.7792321092376777
2024-05-28,NKE,4.0,-0.0962878708478816,1.8,2.1559860533104054,1.0204147641038834
2024-05-29,NKE,1.0,-1.74672489082969,1.6666666666666667,2.0733669657618874,-0.3215381925513079
2024-05-30,NKE,5.0,-1.6389308097806343,1.6666666666666667,2.0733669657618874,1.6076909627565392
2024-05-31,NKE,6.0,0.9110264610372474,1.7666666666666666,2.2078751422302334,1.917378955160087
2024-06-01,NKE,1.0,2.29508196721312,1.6333333333333333,2.1251098686945578,-0.29802380698668823
2024-06-02,NKE,2.0,1.38562091503268,1.7,2.1033634804841728,0.1426287005472507
2024-06-03,NKE,3.0,3.0809636425190767,1.8,2.0910317532508826,0.5738793770751618
2024-06-04,NKE,2.0,-0.995130858186244,1.8666666666666667,2.0633640649114313,0.06461939296158895
2024-06-05,NKE,6.0,1.3134625384411185,2.033333333333333,2.1890532252525325,1.8120466971327598
2024-06-06,NKE,2.0,1.3481310344240989,1.8666666666666667,1.9780403631273376,0.06740678088213001
2024-06-07,NKE,0.0,,1.7666666666666666,1.9945327571990992,-0.8857546512034115
2024-06-08,NKE,1.0,-0.673400673400673,1.7333333333333334,1.9988502442280627,-0.36687757647223834
2024-06-09,NKE,0.0,,1.7333333333333334,1.9988502442280627,-0.8671651807525633
2024-06-10,NKE,1.0,2.8391167192429,1.7333333333333334,1.9988502442280627,-0.36687757647223834
2024-06-11,NKE,2.0,5.55555555555556,1.8,1.9722208731310507,0.10140852007234095
2024-06-12,NKE,0.0,,1.7666666666666666,1.9945327571990992,-0.8857546512034115
2024-06-13,NKE,2.0,-0.0833068867026347,1.6333333333333333,1.828572711411704,0.20052069265738456
2024-06-14,NKE,0.0,,1.5,1.7955884637172557,-0.8353807291090946
2024-06-15,NKE,1.0,1.27551020408163,1.5333333333333334,1.7759569219172402,-0.30030758446413874
2024-06-16,NKE,2.0,0.4207858729135325,1.5333333333333334,1.7759569219172402,0.26276913640612126
2024-06-17,NKE,3.0,-2.5861525861525867,1.6333333333333333,1.7710961603468665,0.7716501775934104
2024-06-18,NKE,0.0,,1.6333333333333333,1.7710961603468665,-0.9222160659043197
2024-06-19,NKE,3.0,1.4685940361223826,1.7,1.7840287611722143,0.7286878038590711
2024-06-20,NKE,1.0,0.86767895878525,1.7,1.7840287611722143,-0.3923703559241152
2024-06-21,NKE,12.0,1.9865511203770692,2.1,2.564344374097505,3.8606359192626787
2024-06-22,NKE,1.0,2.79169649248389,2.1333333333333333,2.5425121073638888,-0.4457533673294436
2024-06-23,NKE,2.0,-0.1666759773415415,2.1,2.537307832030392,-0.039411851702668095
2024-06-24,NKE,10.0,0.0140223342463343,2.433333333333333,2.884959012836601,2.622798671661832
2024-06-25,NKE,3.0,0.6235173262413394,2.533333333333333,2.8494806947731837,0.16377253143798298
2024-06-26,NKE,4.0,3.233648659905275,2.6666666666666665,2.8202877492386755,0.472764998427292
2024-06-27,NKE,23.0,0.761986496618783,3.3,4.662025606817352,4.22563101566675
2024-06-28,NKE,59.0,-0.5226577484486312,5.233333333333333,11.165474288714924,4.815439566325388
2024-06-29,NKE,10.0,-4.238183058214153,5.4,11.199137897855014,0.41074590222529933
2024-06-30,NKE,1.0,-2.60223048327138,5.233333333333333,11.22707114241206,-0.37706479986051206
2024-07-01,NKE,5.0,0.6081634917582301,5.366666666666666,11.198778669040697,-0.03274166563183585
2024-07-02,NKE,1.0,1.4003294892916,5.333333333333333,11.210627142115655,-0.386537994565356
2024-07-03,NKE,0.0,,5.233333333333333,11.24548440665096,-0.46537197901747684
2024-07-04,NKE,1.0,4.44264943457189,5.2,11.256875293762045,-0.37310531478725845
2024-07-05,NKE,1.0,1.40105078809107,5.033333333333333,11.28160948817491,-0.3575139998916793
2024-07-06,NKE,0.0,,4.966666666666667,11.306035413955202,-0.4392933937334248
2024-07-07,NKE,1.0,-0.248756218905472,5.0,11.29235322593614,-0.3542220049239027
2024-07-08,NKE,2.0,0.3984293103744579,5.033333333333333,11.28160948817491,-0.2688741652077919
2024-07-09,NKE,8.0,-2.5826112712447022,5.3,11.253045564768616,0.239935045535872
2024-07-10,NKE,3.0,2.1565210603526763,5.366666666666666,11.23259829103739,-0.21069627928874257
2024-07-11,NKE,0.0,,5.3,11.25917250588343,-0.4707273111972046
2024-07-12,NKE,1.0,1.81818181818182,5.333333333333333,11.24441112772009,-0.3853766359227704
2024-07-13,NKE,1.0,3.17460317460317,5.3,11.256109452204166,-0.3820147643605203
2024-07-14,NKE,0.0,,5.3,11.256109452204166,-0.4708554072350599
2024-07-15,NKE,2.0,0.1956739969256835,5.333333333333333,11.24441112772009,-0.2964435660944387
2024-07-16,NKE,1.0,2.08955223880597,5.3,11.256109452204166,-0.3820147643605203
2024-07-17,NKE,4.0,-0.1781786966699701,5.333333333333333,11.250542771070121,-0.11851280071232599
2024-07-18,NKE,0.0,,5.333333333333333,11.250542771070121,-0.474051202849304
2024-07-19,NKE,1.0,3.9004707464694,5.266666666666667,11.270753526604654,-0.3785609060295023
2024-07-20,NKE,1.0,2.35091743119266,5.266666666666667,11.270753526604654,-0.3785609060295023
2024-07-21,NKE,1.0,3.89696169088507,4.9,11.22297520329583,-0.34750143605901357
2024-07-22,NKE,2.0,0.487505346966372,4.933333333333334,11.212472529727108,-0.26161342429658785
2024-07-23,NKE,2.0,-1.2916799829551515,4.933333333333334,11.212472529727108,-0.26161342429658785
2024-07-24,NKE,0.0,,4.6,11.205294315173305,-0.4105202300461712
2024-07-25,NKE,5.0,0.8754678599256298,4.666666666666667,11.201395643749759,0.02975819656181227
2024-07-26,NKE,9.0,1.9647727770172785,4.833333333333333,11.22829963278849,0.3710861664663198
2024-07-27,NKE,1.0,-0.411522633744855,4.1,10.707232489593512,-0.28952392721582604
2024-07-28,NKE,0.0,,2.1333333333333333,2.7003618318641136,-0.7900175851103075
2024-07-29,NKE,0.0,,1.8,2.2803508501982774,-0.7893522173763258
2024-07-30,NKE,3.0,3.5996175916221604,1.8666666666666667,2.2853858548934647,0.49590458911200563
2024-07-31,NKE,1.0,0.970873786407767,1.7333333333333334,2.211776214491085,-0.3315585584692928
2024-08-01,NKE,0.0,,1.7,2.230664042155502,-0.7621049014432856
2024-08-02,NKE,2.0,3.2991237837052854,1.7666666666666666,2.207875142230232,0.105682304615123
2024-08-03,NKE,0.0,,1.7333333333333334,2.2273121784406182,-0.7782175081298535
2024-08-04,NKE,0.0,,1.7,2.2460693636232394,-0.756877782820407
2024-08-05,NKE,3.0,0.3665186748409899,1.8,2.2345253295221044,0.5370268057138752
2024-08-06,NKE,2.0,0.9136348433609548,1.8333333333333333,2.2296332361660065,0.07475070965180824
2024-08-07,NKE,0.0,,1.7666666666666666,2.254242488154792,-0.7837074653458289
2024-08-08,NKE,1.0,0.441797925470611,1.5333333333333334,1.9250317208910583,-0.27705171169151654
2024-08-09,NKE,1.0,0.0,1.4666666666666666,1.9070347687431948,-0.24470800129890494
2024-08-10,NKE,1.0,-3.20284697508897,1.5,1.8891705897672098,-0.2646664111268066
2024-08-11,NKE,1.0,3.39622641509434,1.5,1.8891705897672098,-0.2646664111268066
2024-08-12,NKE,0.0,,1.4666666666666666,1.9070347687431948,-0.7690822897965585
2024-08-13,NKE,2.0,3.096253969455295,1.5333333333333334,1.8888663510036996,0.24706177142638533
2024-08-14,NKE,1.0,-3.84615384615385,1.5,1.8891705897672098,-0.2646664111268066
2024-08-15,NKE,1.0,0.0,1.5,1.8891705897672098,-0.2646664111268066
2024-08-16,NKE,1.0,1.4018691588785,1.4,1.8307714597761904,-0.21848712894448302
2024-08-17,NKE,1.0,-4.0,1.4333333333333333,1.8134237638032775,-0.23895867142741484
2024-08-18,NKE,0.0,,1.4,1.8307714597761904,-0.7647049513056907
2024-08-19,NKE,2.0,-0.6977269629959031,1.4333333333333333,1.8323403789601496,0.30925840699327334
2024-08-20,NKE,0.0,,1.4,1.8495106528950902,-0.7569569809227868
2024-08-21,NKE,1.0,-2.0,1.3666666666666667,1.8473342085721598,-0.19848420765729793
2024-08-22,NKE,2.0,3.039622088184705,1.3666666666666667,1.8473342085721598,0.34283635868078727
2024-08-23,NKE,2.0,5.28739612188366,1.4333333333333333,1.8323403789601496,0.30925840699327334
2024-08-24,NKE,0.0,,1.2666666666666666,1.720732268608308,-0.7361207142881792
2024-08-25,NKE,0.0,,0.9666666666666667,0.927857499958854,-1.041826645481158
2024-08-26,NKE,3.0,1.4952173036288894,1.0333333333333334,0.9994251221140347,1.9677979101692717
2024-08-27,NKE,0.0,,1.0333333333333334,0.9994251221140347,-1.0339277155126683
2024-08-28,NKE,4.0,0.3112585336345567,1.1666666666666667,1.116748152799734,2.537128291844539
2024-08-29,NKE,1.0,2.3121387283237,1.1,1.0618786215460603,-0.09417272178848783
2024-08-30,NKE,7.0,1.922925244413637,1.3,1.5120207989811956,3.7697894128445046
2024-08-31,NKE,2.0,-0.5376372629697466,1.3666666666666667,1.4967397519467038,0.4231419206375733
2024-09-01,NKE,0.0,,1.3,1.5120207989811956,-0.8597765327540099
2024-09-02,NKE,1.0,-6.65110851808635,1.3333333333333333,1.4932799662056924,-0.22322226298950973
2024-09-03,NKE,2.0,1.940069480990385,1.4,1.4762487408386147,0.40643557105366757
2024-09-04,NKE,0.0,,1.3,1.4656997857914065,-0.8869483454949565
2024-09-05,NKE,1.0,1.92982456140351,1.2666666666666666,1.4605934866804462,-0.18257418583505491
2024-09-06,NKE,3.0,1.9617382898112927,1.3666666666666667,1.4735210781716361,1.1084560360412314
2024-09-07,NKE,0.0,,1.3333333333333333,1.4932799662056924,-0.892889051958039
2024-09-08,NKE,0.0,,1.3,1.5120207989811956,-0.8597765327540099
2024-09-09,NKE,2.0,1.5509674025611109,1.3333333333333333,1.5161960871578097,0.4396968652757632
2024-09-10,NKE,1.0,3.56687898089172,1.3333333333333333,1.5161960871578097,-0.2198484326378815
2024-09-11,NKE,2.0,0.05391133488886,1.4,1.4994251772159137,0.40015334483982823
2024-09-12,NKE,1.0,1.77514792899408,1.3666666666666667,1.4967397519467036,-0.24497690142175302
2024-09-13,NKE,2.0,2.404438964241675,1.4,1.4994251772159137,0.40015334483982823
2024-09-14,NKE,1.0,4.36187399030695,1.4,1.4994251772159137,-0.2667688965598854
2024-09-15,NKE,0.0,,1.3666666666666667,1.5196036990935695,-0.8993572913002723
2024-09-16,NKE,1.0,1.82724252491694,1.3666666666666667,1.5196036990935695,-0.241290980592756
2024-09-17,NKE,1.0,1.82239893969516,1.4,1.4994251772159137,-0.2667688965598854
2024-09-18,NKE,2.0,4.96978659391652,1.4,1.4994251772159137,0.40015334483982823
2024-09-19,NKE,12.0,1.680786603632061,1.8,2.426861176996699,4.2029598135575075
2024-09-20,NKE,61.0,-0.0014356824511254,3.8,11.071554107027051,5.166393032726589
2024-09-21,NKE,5.0,1.1960438639124311,3.9,11.068283360653725,0.09938307180590929
2024-09-22,NKE,0.0,,3.8333333333333335,11.086130923391384,-0.34577738255328755
2024-09-23,NKE,3.0,0.3961038961038967,3.933333333333333,11.063868916536332,-0.08435867600874682
2024-09-24,NKE,3.0,1.1008301012133015,4.033333333333333,11.040625086418366,-0.09359373452545627
2024-09-25,NKE,6.0,-0.3442952823771983,4.133333333333334,11.044528473203474,0.16901279861748938
2024-09-26,NKE,2.0,0.661005661005662,4.2,11.02473707560443,-0.19955124416238157
2024-09-27,NKE,6.0,1.0380149834924453,4.266666666666667,11.02953193533813,0.15715384329046736
2024-09-28,NKE,1.0,1.01752402487281,4.266666666666667,11.02953193533813,-0.29617455081665
2024-09-29,NKE,3.0,-0.2516778523489933,4.133333333333334,11.019522905165688,-0.10284776782868288
2024-09-30,NKE,8.0,0.554559245032396,4.333333333333333,11.033908031009757,0.3323089748765212
2024-10-01,NKE,25.0,-0.1499663851688261,5.166666666666667,11.623648110739538,1.7062916172598643
2024-10-02,NKE,33.0,-0.3636872485417105,6.233333333333333,12.650973339501654,2.1157792328191767
2024-10-03,NKE,6.0,-0.895910333163176,6.366666666666666,12.625871996743866,-0.029040898463189496
2024-10-04,NKE,4.0,-6.351397491864325,6.5,12.57734690514712,-0.19877006008134407
2024-10-05,NKE,0.0,,6.466666666666667,12.593740463046503,-0.5134826055564385
2024-10-06,NKE,1.0,0.321750321750322,6.4,12.61799481310118,-0.4279602329835495
2024-10-07,NKE,1.0,2.90102389078498,6.433333333333334,12.601815231403641,-0.4311548164738602
2024-10-08,NKE,2.0,1.036230664197668,6.5,12.57186239735112,-0.3579421932702784
2024-10-09,NKE,1.0,0.291545189504373,6.466666666666667,12.585523521047927,-0.434361483455516
2024-10-10,NKE,3.0,-0.3326818576651923,6.533333333333333,12.560840443365175,-0.28129752537376534
2024-10-11,NKE,4.0,0.5506641272647377,6.6,12.54124230770978,-0.2073159848288426
2024-10-12,NKE,0.0,,6.566666666666666,12.557957590730062,-0.5229088105468678
2024-10-13,NKE,3.0,4.431748437368716,6.6,12.546740200353737,-0.2869271175232036
2024-10-14,NKE,0.0,,6.566666666666666,12.563448168598363,-0.5226802847867581
2024-10-15,NKE,1.0,6.14754098360656,6.6,12.546740200353737,-0.44633107170276115
2024-10-16,NKE,7.0,-3.434790828524664,6.8,12.502137748235786,0.015997264150142864
2024-10-17,NKE,0.0,,6.766666666666667,12.519456122739337,-0.5404920629400374
2024-10-18,NKE,2.0,-2.8675216889825,6.766666666666667,12.519456122739337,-0.3807407142878096
2024-10-19,NKE,1.0,-6.45780051150895,6.4,12.521980673998826,-0.43124168137495933
2024-10-20,NKE,0.0,,4.366666666666666,7.150998644189179,-0.6106373226926802
2024-10-21,NKE,12.0,5.133634225198997,4.6,7.285318254473554,1.0157414874025614
2024-10-22,NKE,8.0,3.0898246525229376,4.866666666666666,7.257497114557895,0.4317374549206703
2024-10-23,NKE,4.0,0.427089076431638,4.9,7.25092146343936,-0.12412215530646495
2024-10-24,NKE,1.0,6.86528497409326,4.833333333333333,7.278136050378295,-0.5266916291203554
2024-10-25,NKE,4.0,-0.2412825555747016,4.766666666666667,7.2762406612837935,-0.10536576542142556
2024-10-26,NKE,0.0,,4.7,7.311540240582366,-0.6428194122372284
2024-10-27,NKE,1.0,2.89017341040462,4.533333333333333,7.337825165600474,-0.4815232379612292
2024-10-28,NKE,0.0,,4.5,7.356676535989093,-0.6116892564170598
2024-10-29,NKE,2.0,2.33584009706301,4.466666666666667,7.365967096340296,-0.33487342997937153
2024-10-30,NKE,1.0,3.0,4.233333333333333,7.3610500250483595,-0.4392489281190684
2024-10-31,NKE,1.0,2.32558139534884,3.433333333333333,6.246010220785827,-0.3895820287382093
2024-11-01,NKE,2.0,2.3004451651164697,2.4,2.7990146049316693,-0.14290743581517143
2024-11-02,NKE,4.0,0.6696095366046101,2.3333333333333335,2.7333613679526882,0.6097498436202069
2024-11-03,NKE,0.0,,2.2,2.7467849544889744,-0.8009363806965002
2024-11-04,NKE,0.0,,2.2,2.7467849544889744,-0.8009363806965002
2024-11-05,NKE,2.0,1.69647703894279,2.2333333333333334,2.7377732372953525,-0.08522741407314051
2024-11-06,NKE,2.0,1.87525632548524,2.2666666666666666,2.7283104956950264,-0.09774058601007372
2024-11-07,NKE,0.0,,2.2,2.759310258642253,-0.797300699734481
2024-11-08,NKE,0.0,,2.1666666666666665,2.7802670838376957,-0.7793016287039387
2024-11-09,NKE,0.0,,2.066666666666667,2.8031181324317958,-0.7372741957449245
2024-11-10,NKE,0.0,,1.9333333333333333,2.8031181324317958,-0.6897081186000905
2024-11-11,NKE,0.0,,1.9333333333333333,2.8031181324317958,-0.6897081186000905
2024-11-12,NKE,1.0,0.858369098712446,1.8666666666666667,2.8006567374313556,-0.30945122802215913
2024-11-13,NKE,4.0,0.2048443143668399,2.0,2.803938117276725,0.713282503517754
2024-11-14,NKE,0.0,,1.9666666666666666,2.8221211554594987,-0.6968753495441102
2024-11-15,NKE,0.0,,1.7333333333333334,2.6772777390390647,-0.6474238021922468
2024-11-16,NKE,1.0,3.72040586245772,1.7666666666666666,2.6611293082829333,-0.28809823869902457
2024-11-17,NKE,2.0,-1.91637630662021,1.7666666666666666,2.6611293082829333,0.08768207264752924
2024-11-18,NKE,2.0,-1.237855823960695,1.8,2.6574553553196987,0.07525996611745127
2024-11-19,NKE,0.0,,1.8,2.6574553553196987,-0.6773396950570616
2024-11-20,NKE,0.0,,1.4,1.8495106528951168,-0.756956980922776
2024-11-21,NKE,0.0,,1.1333333333333333,1.3829836145670813,-0.8194842812278028
2024-11-22,NKE,0.0,,1.0,1.286535041805397,-0.7772815877573752
2024-11-23,NKE,0.0,,0.9666666666666667,1.2994251602637792,-0.7439186928398681
2024-11-24,NKE,0.0,,0.8333333333333334,1.176884646541232,-0.7080841234376132
2024-11-25,NKE,0.0,,0.8333333333333334,1.176884646541232,-0.7080841234376132
2024-11-26,NKE,1.0,-3.85964912280702,0.8333333333333334,1.176884646541232,0.1416168246875226
2024-11-27,NKE,1.0,2.98656047784968,0.8666666666666667,1.1665845619713975,0.11429375776070179
2024-11-28,NKE,1.0,3.25982742090125,0.8333333333333334,1.1472105098991645,0.145279933568004
2024-11-29,NKE,0.0,,0.8,1.1566896880680104,-0.6916288856488553
2024-11-30,NKE,0.0,,0.7666666666666667,1.1651056880677946,-0.6580232802211299
2024-12-01,NKE,0.0,,0.7,1.1492126240050304,-0.6091126962741543
2024-12-02,NKE,1.0,2.01342281879195,0.6,0.9684683962230638,0.41302328662449145
2024-12-03,NKE,0.0,,0.6,0.9684683962230638,-0.6195349299367371
2024-12-04,NKE,2.0,3.1642786210810065,0.6666666666666666,0.9942362632325129,1.3410628666855606
2024-12-05,NKE,1.0,1.01156069364162,0.6333333333333333,0.9643054793328609,0.3802391197863348
2024-12-06,NKE,2.0,2.7225656597428047,0.6333333333333333,0.9643054793328609,1.4172549010217932
2024-12-07,NKE,1.0,2.58162490508732,0.6666666666666666,0.9589266029708278,0.34761089357688196
2024-12-08,NKE,0.0,,0.6666666666666666,0.9589266029708278,-0.6952217871537638
2024-12-09,NKE,0.0,,0.6666666666666666,0.9589266029708278,-0.6952217871537638
2024-12-10,NKE,3.0,2.7357799148416317,0.7666666666666667,1.0400044208571482,2.147426769102261
2024-12-11,NKE,0.0,,0.7666666666666667,1.0400044208571482,-0.7371763535724178
2024-12-12,NKE,1.0,5.57275541795666,0.7666666666666667,1.0400044208571482,0.22435802065247493
2024-12-13,NKE,3.0,0.469720820094604,0.7333333333333333,0.9444331755019088,2.400028636713308
2024-12-14,NKE,2.0,2.0851236159263515,0.8,0.961320930300904,1.2482824020323646
2024-12-15,NKE,1.0,-5.0,0.8333333333333334,0.9498941259818513,0.17545815065904616
2024-12-16,NKE,3.0,1.3146861892181665,0.9,1.028892943728979,2.0410286733904957
2024-12-17,NKE,1.0,5.49525101763908,0.8666666666666667,1.0080138659875175,0.13227331273137904
2024-12-18,NKE,2.0,-1.91256830601093,0.8666666666666667,1.0080138659875175,1.1243231582167221
2024-12-19,NKE,15.0,-0.3151494983960122,1.3666666666666667,2.7603514685425776,4.938984578123858
2024-12-20,NKE,14.0,-0.3264083493454816,1.8333333333333333,3.5823642100341275,3.3962673679544046
2024-12-21,NKE,1.0,0.0,1.8666666666666667,3.56934586234755,-0.2428082623791078
2024-12-22,NKE,0.0,,1.8666666666666667,3.56934586234755,-0.5229716420473091
2024-12-23,NKE,3.0,-1.79837691106713,1.9666666666666666,3.557249357088402,0.29048661749681604
2024-12-24,NKE,2.0,1.7256563642406133,2.033333333333333,3.5378089199422695,-0.009422027613033762
2024-12-25,NKE,0.0,,2.033333333333333,3.5378089199422695,-0.5747436843950615
2024-12-26,NKE,1.0,2.68714011516315,2.033333333333333,3.5378089199422695,-0.29208285600404765
2024-12-27,NKE,1.0,3.1018206338503,2.033333333333333,3.5378089199422695,-0.29208285600404765
2024-12-28,NKE,0.0,,2.0,3.5525609995005736,-0.562974147461835
2024-12-29,NKE,1.0,0.401606425702811,2.033333333333333,3.5378089199422695,-0.29208285600404765
2024-12-30,NKE,1.0,-1.40625,2.066666666666667,3.52266878975287,-0.3028007259068764
2024-12-31,NKE,3.0,-0.9443828258715434,2.1666666666666665,3.5045126901471475,0.23778864767025382
2024-01-01,NVDA,6.0,2.69008217632168,,,
2024-01-02,NVDA,15.0,1.2951449003106172,,,
2024-01-03,NVDA,23.0,0.6597676675759284,,,
2024-01-04,NVDA,18.0,0.0611607600453198,,,
2024-01-05,NVDA,7.0,0.3218805728712206,,,
2024-01-06,NVDA,6.0,-0.467505995416104,,,
2024-01-07,NVDA,0.0,,,,
2024-01-08,NVDA,27.0,0.9445568148484356,,,
2024-01-09,NVDA,25.0,0.4890549876482482,,,
2024-01-10,NVDA,17.0,0.1952300145504078,14.4,9.240009620004612,0.28138498842804255
2024-01-11,NVDA,8.0,1.0079418782560547,13.818181818181818,8.975724837785323,-0.6482130327445956
2024-01-12,NVDA,4.0,2.759713081136767,13.0,9.01513878277685,-0.9983207376900539
2024-01-13,NVDA,2.0,1.7703148196664036,12.153846153846153,9.154654133701191,-1.1091457968320855
2024-01-14,NVDA,3.0,0.2116731349141666,11.5,9.129411473153887,-0.931056730764656
2024-01-15,NVDA,6.0,-2.269030656245356,11.133333333333333,8.911202152881721,-0.5760539650279739
2024-01-16,NVDA,1.0,0.766283524904214,10.5,8.97403662424738,-1.0586094527775265
2024-01-17,NVDA,6.0,1.1077410287591585,10.235294117647058,8.757349854298859,-0.4836273745039445
2024-01-18,NVDA,9.0,1.108405359887234,10.166666666666666,8.500865007889075,-0.13724093554996603
2024-01-19,NVDA,7.0,0.9380026002612885,10.0,8.293236869749819,-0.36174054197616334
2024-01-20,NVDA,2.0,-0.0351014968706149,9.6,8.26788332869073,-0.9192195508645992
2024-01-21,NVDA,1.0,1.06809078771696,9.19047619047619,8.274170941061392,-0.9898848173211097
2024-01-22,NVDA,17.0,-0.0746537532682476,9.545454545454545,8.244636194158355,0.9041691202611571
2024-01-23,NVDA,14.0,1.471228613885591,9.73913043478261,8.10845457366091,0.5254847920167404
2024-01-24,NVDA,6.0,0.0003217822568889,9.583333333333334,7.966869805184068,-0.4497793262545407
2024-01-25,NVDA,17.0,1.446683573829466,9.88,7.938933597572578,0.8968458940350658
2024-01-26,NVDA,16.0,0.9387000414700274,10.115384615384615,7.870587897111235,0.7476716430262133
2024-01-27,NVDA,5.0,0.853004336700566,9.925925925925926,7.780280427642922,-0.6331296116813956
2024-01-28,NVDA,1.0,2.94117647058824,9.607142857142858,7.818966900188502,-1.1008030814064904
2024-01-29,NVDA,9.0,0.889313311893509,9.586206896551724,7.678900783405091,-0.07633994930870558
2024-01-30,NVDA,12.0,0.8194532168573345,9.666666666666666,7.558203277341065,0.3087153451308322
2024-01-31,NVDA,15.0,1.0204102936300743,9.966666666666667,7.586209508881474,0.6634846200122224
2024-02-01,NVDA,8.0,0.8146597728242967,9.733333333333333,7.533526597053053,-0.230082592926847
2024-02-02,NVDA,16.0,0.3996786990434398,9.5,7.209906977256341,0.9015372903567628
2024-02-03,NVDA,3.0,2.5122549019607834,9.0,7.1196667880185105,-0.8427360687858642
2024-02-04,NVDA,2.0,0.5336398107828275,8.833333333333334,7.225831694563674,-0.9456812201250641
2024-02-05,NVDA,15.0,-0.1903036456890448,9.133333333333333,7.29068055729407,0.8046802518041026
2024-02-06,NVDA,17.0,0.056885990934261,9.7,7.2165996386683124,1.0115567393935516
2024-02-07,NVDA,17.0,1.3005235957403667,9.366666666666667,6.5940586284474545,1.157607744098959
2024-02-08,NVDA,12.0,-0.2387768621674854,8.933333333333334,5.924428290958771,0.5176308187148936
2024-02-09,NVDA,14.0,-0.2848554495516076,8.833333333333334,5.807743542673978,0.8896168759352363
2024-02-10,NVDA,6.0,2.2505356585685106,8.766666666666667,5.829078908330222,-0.4746318775532235
2024-02-11,NVDA,6.0,0.5734002241729952,8.833333333333334,5.783945278830512,-0.489861711469411
2024-02-12,NVDA,36.0,0.5061245944995456,9.966666666666667,7.480933619281219,3.479957804495886
2024-02-13,NVDA,37.0,0.9984177378496704,11.1,8.84093145350179,2.929555571855645
2024-02-14,NVDA,33.0,1.2406474147509103,12.0,9.641862747487094,2.178002378790666
2024-02-15,NVDA,47.0,0.9541840956949812,13.533333333333333,11.340295359935507,2.9511283087830438
2024-02-16,NVDA,28.0,0.7137124247947425,14.266666666666667,11.545810804202398,1.1894646089588379
2024-02-17,NVDA,5.0,0.0653205061476814,14.133333333333333,11.631506954087616,-0.7852235629815482
2024-02-18,NVDA,5.0,-0.1543654395854901,14.066666666666666,11.6794347210085,-0.7762932781633609
2024-02-19,NVDA,32.0,1.494251153392799,15.066666666666666,11.893009634273387,1.4238055676449377
2024-02-20,NVDA,43.0,0.1324169648089238,16.466666666666665,12.629285434050207,2.100937022279661
2024-02-21,NVDA,87.0,0.9082548610173526,18.8,18.039038127120975,3.780689387061277
2024-02-22,NVDA,194.0,1.0943147456517828,24.8,36.6854288465485,4.6121854185689575
2024-02-23,NVDA,141.0,1.409418198150706,29.3,42.16973093222853,2.648819367131234
2024-02-24,NVDA,23.0,0.6053830352229306,29.5,42.12358664363872,-0.15430784788079283
2024-02-25,NVDA,20.0,-0.1694334887848693,29.633333333333333,42.08569527911398,-0.22889804408468695
2024-02-26,NVDA,59.0,0.5493027167782156,31.433333333333334,42.15053755400937,0.6540051032882858
2024-02-27,NVDA,33.0,0.7311479058764719,32.5,41.75689082097089,0.011974071588416567
2024-02-28,NVDA,26.0,0.1103679031156323,33.06666666666667,41.541780657909754,-0.17010986420778626
2024-02-29,NVDA,16.0,0.9567181012826936,33.2,41.47820366542342,-0.4146756243047735
2024-03-01,NVDA,28.0,1.7361476993549878,33.63333333333333,41.34921367165726,-0.13623797971265147
2024-03-02,NVDA,9.0,0.8741398786654702,33.666666666666664,41.32823476154948,-0.5968478162443989
2024-03-03,NVDA,5.0,-1.2685586156950497,33.3,41.53864009196324,-0.681293367749788
2024-03-04,NVDA,30.0,0.7177894823293004,34.2,41.15018749695417,-0.10206514855639179
2024-03-05,NVDA,20.0,0.6805522555384791,34.8,40.794184845899046,-0.36279680684654764
2024-03-06,NVDA,23.0,-0.1601511671679185,35.06666666666667,40.68629637413165,-0.2965781538753834
2024-03-07,NVDA,37.0,0.2772055690614233,35.733333333333334,40.54366172100303,0.031242039147403602
2024-03-08,NVDA,37.0,-0.4482357983848861,36.4,40.389141593015935,0.014855477891705255
2024-03-09,NVDA,5.0,-1.647657895931446,36.166666666666664,40.55484437522663,-0.7685066271812687
2024-03-10,NVDA,11.0,-1.1737288878399592,36.06666666666667,40.61504166186959,-0.6171769285712657
2024-03-11,NVDA,53.0,-0.4743995199282809,37.63333333333333,40.320682921602014,0.38111126978045046
2024-03-12,NVDA,25.0,0.7788963653734458,38.266666666666666,39.954226683607054,-0.33204663856277034
2024-03-13,NVDA,34.0,0.3076833992727469,38.2,39.95980739313632,-0.10510561171326901
2024-03-14,NVDA,37.0,-0.1750380009077704,38.2,39.95980739313632,-0.03003017477521977
2024-03-15,NVDA,32.0,0.1072221357854089,38.166666666666664,39.96471144546825,-0.15430279473132355
2024-03-16,NVDA,4.0,-1.208626984418175,36.733333333333334,40.40564430811645,-0.8101178410551432
2024-03-17,NVDA,5.0,1.195087983247094,35.96666666666667,40.79340999292134,-0.7591095393113777
2024-03-18,NVDA,30.0,0.2957985097760806,36.8,40.39238576249498,-0.16834856054266328
2024-03-19,NVDA,81.0,1.8819527049637728,39.333333333333336,40.71120605988694,1.0234692287272016
2024-03-20,NVDA,45.0,0.7987628935392589,39.766666666666666,40.69964274462652,0.12858425726658937
2024-03-21,NVDA,14.0,1.9535530425388663,38.8,40.96373501289765,-0.6054135442530224
2024-03-22,NVDA,20.0,0.0257564843919472,36.56666666666667,40.06174831632938,-0.4135282997600484
2024-03-23,NVDA,6.0,-0.6270205514589112,30.3,27.237334924568216,-0.892157770475601
2024-03-24,NVDA,9.0,1.9798001380122017,25.9,17.746004892796925,-0.9523270224533569
2024-03-25,NVDA,16.0,0.8929974565573007,25.666666666666668,17.831265322138687,-0.5421189406376488
2024-03-26,NVDA,26.0,0.1829108529958947,25.866666666666667,17.79913468127872,0.00749100086722609
2024-03-27,NVDA,14.0,0.0606793636963909,24.366666666666667,16.77741366228425,-0.6178942043952228
2024-03-28,NVDA,18.0,0.4163311867515677,23.866666666666667,16.734711671034063,-0.35056873294215274
2024-03-29,NVDA,6.0,0.4624829152456817,23.2,17.04234078142861,-1.0092510307470903
2024-03-30,NVDA,4.0,0.2057097510826347,22.8,17.35511451993331,-1.0832541599427166
2024-03-31,NVDA,5.0,0.4277170446272648,22.033333333333335,17.62342354570372,-0.9665167093760146
2024-04-01,NVDA,11.0,0.4590939039988445,22.1,17.576139782533943,-0.6315379905564065
2024-04-02,NVDA,7.0,0.4038756173604843,22.166666666666668,17.512721156315212,-0.8660371241734446
2024-04-03,NVDA,14.0,-0.0347668651996764,21.633333333333333,17.50957045364803,-0.43595206139068743
2024-04-04,NVDA,13.0,0.5421047953096909,21.4,17.578591995712397,-0.4778539715836653
2024-04-05,NVDA,20.0,1.2332510613761387,21.3,17.57770923837817,-0.07395730480975614
2024-04-06,NVDA,8.0,-1.0921847216367233,20.333333333333332,17.481681709786923,-0.705500393959733
2024-04-07,NVDA,14.0,1.603893156563765,19.566666666666666,17.228051170298876,-0.32311644605883155
2024-04-08,NVDA,19.0,0.2471024670316865,20.033333333333335,17.008077864464223,-0.06075544465211598
2024-04-09,NVDA,41.0,0.6944838009487893,21.033333333333335,17.33738900386284,1.1516536118684315
2024-04-10,NVDA,22.0,0.6482811826915743,20.0,16.256563661148235,0.12302723021223883
2024-04-11,NVDA,19.0,1.0367171119300438,19.8,16.229815049831096,-0.04929199732367414
2024-04-12,NVDA,11.0,2.188401025914688,19.033333333333335,16.078435618990508,-0.4996340143841501
2024-04-13,NVDA,4.0,0.9691684167523796,17.933333333333334,15.935069399962112,-0.8743817164276964
2024-04-14,NVDA,1.0,3.96659707724426,16.9,15.996443570261215,-0.9939709367374312
2024-04-15,NVDA,11.0,0.9226221994532842,17.133333333333333,15.852190827232308,-0.38690761423316616
2024-04-16,NVDA,3.0,2.1154572215743164,17.066666666666666,15.909080758318888,-0.8841910403472671
2024-04-17,NVDA,10.0,0.1630626025394642,16.4,15.76683555594703,-0.40591531365252354
2024-04-18,NVDA,16.0,-0.6176001265395719,14.233333333333333,9.992008300890117,0.17680796627333545
2024-04-19,NVDA,23.0,0.1747666421811079,13.5,8.324247920880023,1.1412442409566868
2024-04-20,NVDA,4.0,-4.403703616986983,13.166666666666666,8.501859161113046,-1.0781955444045
2024-04-21,NVDA,3.0,1.1292936612457132,12.6,8.59671148031976,-1.1167060825499429
2024-04-22,NVDA,19.0,0.1827491473410479,13.033333333333333,8.58018299512805,0.6954008638340959
2024-04-23,NVDA,13.0,0.1671599053022494,13.166666666666666,8.54635769699917,-0.019501485027380343
2024-04-24,NVDA,26.0,1.0558933093763312,13.5,8.850287351656785,1.4123835196898984
2024-04-25,NVDA,22.0,1.377408156108363,13.366666666666667,8.684045352147836,0.9941603231261384
2024-04-26,NVDA,9.0,0.2622335027067326,13.2,8.719379921009066,-0.48168562880030424
2024-04-27,NVDA,3.0,-0.6699790447748887,12.7,8.86352463557905,-1.0943727691649048
2024-04-28,NVDA,1.0,0.238095238095239,12.533333333333333,9.039123139245104,-1.2759349724155358
2024-04-29,NVDA,4.0,1.9739664567365744,12.533333333333333,9.039123139245104,-0.9440443726542692
2024-04-30,NVDA,10.0,0.8603007724762185,12.7,8.940994313293368,-0.30197983640205095
2024-05-01,NVDA,15.0,1.9335656329483777,12.833333333333334,8.944593178364027,0.2422319968567817
2024-05-02,NVDA,12.0,0.618411692692973,13.0,8.878490085982868,-0.11263176399540889
2024-05-03,NVDA,4.0,1.5969484998676706,12.666666666666666,9.0261433828527,-0.9601738305122711
2024-05-04,NVDA,2.0,0.9606414008580704,12.3,9.233186023141227,-1.115541263241638
2024-05-05,NVDA,0.0,,11.633333333333333,9.378932125572263,-1.2403686451269116
2024-05-06,NVDA,7.0,1.751940231583149,11.6,9.394055346977067,-0.4896713751511208
2024-05-07,NVDA,8.0,1.071081023789975,11.4,9.405061000003805,-0.36150749048821956
2024-05-08,NVDA,17.0,1.032162910371079,11.333333333333334,9.356293597630257,0.6056529337751765
2024-05-09,NVDA,7.0,-0.0466703832762737,10.2,7.5173362853863095,-0.4256826990992533
2024-05-10,NVDA,8.0,0.3704076758442578,9.733333333333333,7.1868334273616705,-0.2411817876193145
2024-05-11,NVDA,6.0,1.9396319631128205,9.3,6.998275649684351,-0.47154472975765727
2024-05-12,NVDA,2.0,-0.7546586941309394,9.0,7.114821828772088,-0.9838616016626371
2024-05-13,NVDA,19.0,0.5390079950895379,9.5,7.276556593751496,1.3055625799925494
2024-05-14,NVDA,17.0,1.5798555329757522,10.033333333333333,7.218192214853671,0.9651539414994502
2024-05-15,NVDA,16.0,2.895662364461185,10.2,7.298559139805666,0.7946773998675077
2024-05-16,NVDA,13.0,0.7611563990175048,10.533333333333333,7.185873754053493,0.3432660732837451
2024-05-17,NVDA,14.0,0.7407526229139553,10.666666666666666,7.212696340880196,0.46214802007407857
2024-05-18,NVDA,2.0,1.112863922507902,10.2,7.308002227129078,-1.122057676660197
2024-05-19,NVDA,3.0,0.085709543732923,9.533333333333333,7.00607289936836,-0.932524315286864
2024-05-20,NVDA,24.0,1.1083037177806812,10.2,7.401770524445563,1.8644187839143667
2024-05-21,NVDA,52.0,0.0723634837525384,11.833333333333334,10.511351280740547,3.8212657529828875
2024-05-22,NVDA,79.0,0.188298695848056,13.833333333333334,16.12897015190118,4.04034889102856
2024-05-23,NVDA,167.0,0.9121566865237262,18.966666666666665,32.277336271470865,4.586293369697186
2024-05-24,NVDA,47.0,0.2181830230137121,19.666666666666668,32.660567105887196,0.836890959202187
2024-05-25,NVDA,6.0,1.2404601824655757,19.133333333333333,32.751660482604784,-0.4009974804272526
2024-05-26,NVDA,8.0,0.7048161997087181,19.1,32.76283638935832,-0.33879850535789957
2024-05-27,NVDA,21.0,0.5035805242218232,19.7,32.62234267153894,0.03984998910376151
2024-05-28,NVDA,33.0,0.5716467987878892,20.766666666666666,32.512791470364434,0.3762621657535643
2024-05-29,NVDA,24.0,0.30214780500036,21.433333333333334,32.3618371812715,0.07931152524777094
2024-05-30,NVDA,22.0,0.6695651672689107,21.833333333333332,32.28972648973058,0.0051616004464972625
2024-05-31,NVDA,30.0,0.0107236087230837,22.333333333333332,32.296400283380926,0.23738455677401854
2024-06-01,NVDA,11.0,1.8705477186215456,22.3,32.30794713806282,-0.3497591459993192
2024-06-02,NVDA,14.0,2.8443429713389423,22.633333333333333,32.16389422868479,-0.2684169171789481
2024-06-03,NVDA,65.0,-0.1641243636686211,24.733333333333334,32.82023485735521,1.2268853907254313
2024-06-04,NVDA,71.0,0.3012677621095013,27.1,33.52749772124779,1.309372991834661
2024-06-05,NVDA,62.0,0.3171552754958348,28.933333333333334,33.892256600457635,0.9756407505253036
2024-06-06,NVDA,39.0,0.9275772183778556,29.966666666666665,33.70407049328155,0.268019061232797
2024-06-07,NVDA,34.0,0.8937609774457734,30.533333333333335,33.62135336804351,0.10310907561388262
2024-06-08,NVDA,10.0,3.607897218933185,30.633333333333333,33.553337192917326,-0.6149413161111367
2024-06-09,NVDA,6.0,1.1354339355612182,30.566666666666666,33.601809611915286,-0.7311114178194518
2024-06-10,NVDA,20.0,0.0759045633746595,31.033333333333335,33.34509562587654,-0.33088324163542726
2024-06-11,NVDA,15.0,0.0921456480192255,31.466666666666665,33.037839677780276,-0.49841838410946054
2024-06-12,NVDA,26.0,0.7884131311936148,31.7,32.971408721852455,-0.1728770538160904
2024-06-13,NVDA,16.0,1.3370604541476778,31.666666666666668,32.98728420983198,-0.4749304782719022
2024-06-14,NVDA,5.0,1.995857682077316,31.3,33.22768891067851,-0.7915085539261766
2024-06-15,NVDA,4.0,-1.268744001799214,31.0,33.4385695123832,-0.8074508088631357
2024-06-16,NVDA,2.0,-5.004581404320985,30.6,33.71953286378274,-0.8481730786584682
2024-06-17,NVDA,18.0,0.4568334130448812,31.133333333333333,33.376363031274124,-0.3934920446852527
2024-06-18,NVDA,33.0,0.7996144750522051,32.13333333333333,32.95109577303429,0.026301603826356164
2024-06-19,NVDA,52.0,1.4168548385936894,33.06666666666667,33.108945903646266,0.5718494750160021
2024-06-20,NVDA,49.0,0.7793595179436582,32.96666666666667,33.05427442058386,0.4850608163205939
2024-06-21,NVDA,52.0,0.0176978886978364,32.06666666666667,32.11180181945501,0.6207478934195674
2024-06-22,NVDA,9.0,-1.2283015637529608,26.8,19.8240536583282,-0.8978991031192108
2024-06-23,NVDA,11.0,0.4651876919003254,25.6,19.647935751888664,-0.7430806057372501
2024-06-24,NVDA,39.0,-0.2877163125888382,26.7,19.43539252905947,0.6328660448513839
2024-06-25,NVDA,92.0,-0.6114208656413871,29.5,22.4633801614063,2.7823061155942814
2024-06-26,NVDA,41.0,-0.4280583848417562,30.166666666666668,22.49916984420005,0.48149924678781
2024-06-27,NVDA,48.0,-0.4965732016086721,30.666666666666668,22.729797142977752,0.7625819634157347
2024-06-28,NVDA,32.0,0.8914785841657848,30.933333333333334,22.69578926970183,0.046998438961126286
2024-06-29,NVDA,4.0,0.9623548586703614,30.333333333333332,23.173012444374308,-1.1363793721919073
2024-06-30,NVDA,5.0,0.5295813927689429,29.5,23.630415817842433,-1.0367993601492604
2024-07-01,NVDA,24.0,-0.7536112284260048,29.933333333333334,23.397514358600564,-0.25358819071105015
2024-07-02,NVDA,21.0,-1.6707256186886763,30.166666666666668,23.26768268374108,-0.39396560419281135
2024-07-03,NVDA,20.0,-1.5681109456459434,28.666666666666668,22.37815026304458,-0.3872825307183166
2024-07-04,NVDA,13.0,1.7683506428222386,26.733333333333334,21.06137719132826,-0.6520624557727333
2024-07-05,NVDA,17.0,-0.1571843304882688,25.233333333333334,20.040791734193867,-0.4108287458167389
2024-07-06,NVDA,4.0,-0.6707341054207323,24.066666666666666,20.229601617659085,-0.991945716278951
2024-07-07,NVDA,8.0,0.7659511394263525,23.2,20.345973082889273,-0.7470765806125549
2024-07-08,NVDA,38.0,0.4065999502570545,24.133333333333333,20.361785256960513,0.6810142868944391
2024-07-09,NVDA,17.0,-0.9175944035393724,24.5,20.121613015482314,-0.3727335375265006
2024-07-10,NVDA,21.0,0.061647290785315,24.533333333333335,20.11472840608529,-0.1756590127393616
2024-07-11,NVDA,9.0,-0.1816209989438008,24.333333333333332,20.242211500643435,-0.7574929909632618
2024-07-12,NVDA,17.0,0.4787875200385124,24.033333333333335,20.2833094853419,-0.34675472158111575
2024-07-13,NVDA,10.0,1.3985682540362256,23.833333333333332,20.394528227178856,-0.6782865079908189
2024-07-14,NVDA,2.0,2.073959371813485,23.733333333333334,20.497154274028702,-1.0603097894848241
2024-07-15,NVDA,10.0,1.5286382985075342,23.933333333333334,20.326529858585154,-0.6854752596862186
2024-07-16,NVDA,7.0,1.8819576383505292,24.1,20.16030582690854,-0.8482014185110297
2024-07-17,NVDA,28.0,0.0299336054954025,24.433333333333334,20.138628747163786,0.17710573601834614
2024-07-18,NVDA,37.0,-0.6820354767372618,24.566666666666666,20.210416114969764,0.6151943266583225
2024-07-19,NVDA,18.0,-0.4451699800098511,23.433333333333334,19.561897047371293,-0.27775083981762694
2024-07-20,NVDA,4.0,-3.6900834115456815,21.933333333333334,19.25676474659611,-0.93127446740519
2024-07-21,NVDA,1.0,-1.53452685421995,20.233333333333334,18.755566223599214,-1.0254733503664086
2024-07-22,NVDA,23.0,-0.3480153856970515,20.7,18.640241969718495,0.12338895620219974
2024-07-23,NVDA,20.0,0.0891482151911478,21.0,18.550954989824174,-0.053905580631753665
2024-07-24,NVDA,11.0,-0.2250712362404232,20.066666666666666,18.31700422225645,-0.49498632836749734
2024-07-25,NVDA,30.0,-0.4698768421269016,18.0,12.49275652197068,0.9605566216627945
2024-07-26,NVDA,28.0,-0.4667262299514592,17.566666666666666,11.877777956983447,0.8783910063918257
2024-07-27,NVDA,5.0,-1.3817488063134993,16.133333333333333,10.604921867514701,-1.04982700225612
2024-07-28,NVDA,7.0,-0.5214243776857543,15.3,10.292782874924756,-0.8063902737344663
2024-07-29,NVDA,8.0,-1.968156762796181,15.433333333333334,10.166487656234443,-0.7311604149516628
2024-07-30,NVDA,26.0,-0.3065045413616039,16.133333333333333,10.14628633721625,0.9724411808166751
2024-07-31,NVDA,45.0,-0.3895538714325087,16.833333333333332,11.359587575482529,2.479550113901931
2024-08-01,NVDA,25.0,-0.8543701881905864,16.966666666666665,11.433415434844774,0.7026188612766348
2024-08-02,NVDA,37.0,-1.8630198766514987,17.533333333333335,11.996359601069004,1.6227144995663498
2024-08-03,NVDA,6.0,-2.5361276612575936,17.3,12.154607470363667,-0.9296885997801708
2024-08-04,NVDA,8.0,-2.005558366210863,17.0,12.272762103747143,-0.7333312520782997
2024-08-05,NVDA,27.0,-0.6880926671392114,17.766666666666666,12.150445808007742,0.7599172474188653
2024-08-06,NVDA,37.0,-1.868299483008392,18.733333333333334,12.49533246189684,1.4618792034840915
2024-08-07,NVDA,30.0,-1.6943177998953614,18.466666666666665,12.150587706329064,0.9491996282061146
2024-08-08,NVDA,28.0,-1.7147282049497643,18.833333333333332,12.270186276677604,0.7470682563385439
2024-08-09,NVDA,11.0,-1.955745553910608,18.5,12.344899826411615,-0.6075383442119094
2024-08-10,NVDA,3.0,0.8624379257377113,18.3,12.550999410680255,-1.2190264296387814
2024-08-11,NVDA,5.0,-1.266237875593248,17.9,12.782935823818471,-1.009157847445608
2024-08-12,NVDA,16.0,-0.8442170667414919,18.1,12.70175116897746,-0.1653315335864086
2024-08-13,NVDA,24.0,-0.5190082756058713,18.833333333333332,12.370942966688395,0.41764533880554655
2024-08-14,NVDA,18.0,-0.3176313319657176,19.1,12.259690045021513,-0.08972494377593958
2024-08-15,NVDA,25.0,-0.9308287929785336,19.7,12.086327413438177,0.4385120325391151
2024-08-16,NVDA,17.0,-0.409401037052047,19.333333333333332,11.992334716560515,-0.19456872981631956
2024-08-17,NVDA,3.0,0.0185923019934032,18.2,11.87114728790078,-1.2804154165867379
2024-08-18,NVDA,9.0,-1.2854391130117728,17.9,11.989506906544092,-0.7423157657252957
2024-08-19,NVDA,21.0,0.3750279912021108,18.466666666666665,11.708332822023122,0.21637011621058375
2024-08-20,NVDA,18.0,0.4277532605605931,19.033333333333335,11.23566775430179,-0.09196901830224587
2024-08-21,NVDA,26.0,-0.6380405009980472,19.133333333333333,11.28542952395829,0.6084541711141029
2024-08-22,NVDA,18.0,-1.2303555001781314,19.066666666666666,11.286040609694693,-0.09451203513749554
2024-08-23,NVDA,29.0,0.15278485825875,19.666666666666668,11.320817971340652,0.8244398379128823
2024-08-24,NVDA,11.0,-0.1897551621844011,19.033333333333335,11.254066953262067,-0.7138160246154232
2024-08-25,NVDA,7.0,-0.3423571624551728,18.333333333333332,11.329952166357701,-1.0002984272948363
2024-08-26,NVDA,33.0,0.499569606207546,19.266666666666666,11.346982990579713,1.210307034454425
2024-08-27,NVDA,40.0,-0.2876680211698759,20.366666666666667,11.71054147378314,1.6765521370029957
2024-08-28,NVDA,65.0,0.4568907511984792,22.266666666666666,14.029361657101395,3.0459927099892345
2024-08-29,NVDA,100.0,0.3119731606331808,24.733333333333334,19.960190264681813,3.770839138735359
2024-08-30,NVDA,71.0,0.3864934586878709,25.6,21.384170748960305,2.123065726184745
2024-08-31,NVDA,10.0,-0.6960675051092204,25.1,21.573211357511468,-0.6999421527821081
2024-09-01,NVDA,7.0,-0.6657337954330432,24.1,21.697528859773165,-0.7881081809137768
2024-09-02,NVDA,13.0,-0.2134866539071709,24.333333333333332,21.533187430557977,-0.5263193556403116
2024-09-03,NVDA,33.0,-0.661796192630474,25.166666666666668,21.36236350951466,0.36668851411710207
2024-09-04,NVDA,68.0,-1.9292037438047345,26.533333333333335,22.75011683688578,1.822701261886924
2024-09-05,NVDA,46.0,-1.1971748746432382,26.833333333333332,22.951347843124417,0.8350998293291287
2024-09-06,NVDA,36.0,-2.0068698187903915,27.033333333333335,23.005971238869225,0.3897538849182439
2024-09-07,NVDA,8.0,-0.8345242130907597,26.366666666666667,23.265311359267855,-0.7894442667473784
2024-09-08,NVDA,10.0,-2.2855753142131747,26.333333333333332,23.28879164087209,-0.7013388064612227
2024-09-09,NVDA,15.0,-1.1273860899371528,26.733333333333334,22.975148993300735,-0.5106967243935884
2024-09-10,NVDA,19.0,-1.5151848665281438,27.2,22.65848398617445,-0.36189535032455844
2024-09-11,NVDA,38.0,-0.7261084573776292,27.933333333333334,22.63950367028353,0.4446505017634335
2024-09-12,NVDA,33.0,-0.8689513928166985,28.233333333333334,22.64521466284735,0.21049333104742216
2024-09-13,NVDA,19.0,-0.6952283681724101,28.266666666666666,22.630363084434443,-0.40947936328252904
2024-09-14,NVDA,4.0,-0.6216580785517127,27.566666666666666,23.05567973008152,-1.0221631694475026
2024-09-15,NVDA,9.0,-0.8597571165916538,27.3,23.22773312673659,-0.7878513111955614
2024-09-16,NVDA,16.0,-0.6061979649794964,27.733333333333334,22.877384305109665,-0.5128791463590833
2024-09-17,NVDA,20.0,0.0753271851040153,28.1,22.653841875587855,-0.35755524579381354
2024-09-18,NVDA,39.0,-1.2861339489485577,28.7,22.697637732166967,0.4537917170738388
2024-09-19,NVDA,18.0,-0.6583653841341593,28.7,22.697637732166967,-0.47141469637767713
2024-09-20,NVDA,14.0,-1.9536209617790177,28.3,22.852073021485605,-0.6257637977331459
2024-09-21,NVDA,7.0,0.1672485190237522,27.933333333333334,23.10983270852673,-0.9058193366155202
2024-09-22,NVDA,11.0,-2.3113775360308098,27.333333333333332,23.31394925543627,-0.7005820058360459
2024-09-23,NVDA,17.0,-0.6775392430373126,27.533333333333335,23.194430564154885,-0.45413200829391126
2024-09-24,NVDA,9.0,0.1672425744428338,27.6,23.136178565629407,-0.8039357038690801
2024-09-25,NVDA,15.0,0.2359133473431266,27.0,23.22454112237371,-0.5166948159177888
2024-09-26,NVDA,24.0,0.6207126322181542,26.466666666666665,23.09908691035111,-0.1067863277990139
2024-09-27,NVDA,10.0,0.4846316647016641,24.633333333333333,22.096158713338784,-0.662256889225711
2024-09-28,NVDA,3.0,-0.3000926912194819,21.4,17.253885119709643,-1.0664264814758222
2024-09-29,NVDA,6.0,-0.1947938473382823,19.233333333333334,14.703232891825671,-0.9000288188790416
2024-09-30,NVDA,13.0,-0.0449642666007638,19.333333333333332,14.64836894141044,-0.43235757910419736
2024-10-01,NVDA,12.0,1.1727768392222615,19.5,14.531179319442485,-0.5161315427416906
2024-10-02,NVDA,18.0,0.2147665872152211,19.666666666666668,14.482649151200945,-0.11508023492569816
2024-10-03,NVDA,16.0,-0.0456722683967272,19.1,14.274042029574835,-0.21717744655487312
2024-10-04,NVDA,13.0,-1.1570800491140238,17.266666666666666,10.913241982780027,-0.3909623440402977
2024-10-05,NVDA,2.0,0.8739124611845585,15.8,9.820457184385292,-1.4052298931603973
2024-10-06,NVDA,2.0,2.2974827798975004,14.666666666666666,9.359978386849978,-1.3532794781302402
2024-10-07,NVDA,8.0,0.1700575278025624,14.666666666666666,9.359978386849978,-0.7122523569106527
2024-10-08,NVDA,26.0,0.7826765708283958,15.2,9.539030529790526,1.1321905267282089
2024-10-09,NVDA,23.0,0.1629034518403402,15.466666666666667,9.6444850538545,0.7811027018308844
2024-10-10,NVDA,12.0,0.1209537998493344,15.233333333333333,9.640730167415715,-0.33538261907397177
2024-10-11,NVDA,6.0,2.5341760664494304,14.166666666666666,8.76546252820313,-0.9316869064684469
2024-10-12,NVDA,0.0,,13.066666666666666,8.382795736973195,-1.5587480688614146
2024-10-13,NVDA,1.0,-5.42372881355932,12.466666666666667,8.585205130131525,-1.3356310644718394
2024-10-14,NVDA,5.0,-0.2770227948963975,12.5,8.553079703463133,-0.8768771319836126
2024-10-15,NVDA,39.0,-0.2469351459237743,13.5,9.793558755807217,2.60375218404438
2024-10-16,NVDA,32.0,-0.6864056485672079,14.033333333333333,10.354020819297046,1.7352357098975255
2024-10-17,NVDA,18.0,0.4173996298192519,13.966666666666667,10.320663348546105,0.39080175344557844
2024-10-18,NVDA,16.0,0.2088122736083023,13.2,9.189199057063936,0.3047055551427608
2024-10-19,NVDA,3.0,2.4860925639788665,12.7,9.32608503440567,-1.0400934544575657
2024-10-20,NVDA,2.0,0.033199427973706,12.3,9.523654760647297,-1.0815175748033876
2024-10-21,NVDA,18.0,1.5314355704448896,12.666666666666666,9.524318541405512,0.5599700713649471
2024-10-22,NVDA,15.0,-0.45170808472021,12.8,9.52817962134172,0.23089405189972734
2024-10-23,NVDA,11.0,-0.4875748665538766,12.6,9.499909255464964,-0.16842266141432624
2024-10-24,NVDA,17.0,2.411093874301146,12.866666666666667,9.507649672703055,0.43473765605818887
2024-10-25,NVDA,16.0,1.418122157529006,12.9,9.517135181816293,0.325728272298049
2024-10-26,NVDA,2.0,0.5826382349834736,12.166666666666666,9.479863716950469,-1.0724486100457498
2024-10-27,NVDA,7.0,0.4843862379784849,12.066666666666666,9.519248497335434,-0.5322549010129207
2024-10-28,NVDA,13.0,0.4207376032778697,12.4,9.364643705135709,0.0640707771584466
2024-10-29,NVDA,5.0,1.555600225927768,12.366666666666667,9.389955504038133,-0.7845262593096044
2024-10-30,NVDA,15.0,0.960111640547871,12.433333333333334,9.401699528435719,0.27300028669324167
2024-10-31,NVDA,11.0,0.8665310121208525,12.4,9.40506100000383,-0.14885602549514887
2024-11-01,NVDA,17.0,0.13654233777992,12.366666666666667,9.38628248299478,0.4936281580836277
2024-11-02,NVDA,2.0,1.5811255144548388,11.9,9.546077006126469,-1.037075229295384
2024-11-03,NVDA,10.0,-0.5694103443882117,11.8,9.549869109050654,-0.18848425873126312
2024-11-04,NVDA,18.0,0.383613847840257,12.333333333333334,9.429715808542959,0.600937163083206
2024-11-05,NVDA,16.0,-0.0610924432450007,12.8,9.24531568249378,0.34612122613176677
2024-11-06,NVDA,13.0,0.365343264458732,12.966666666666667,9.20076208737655,0.0036228883017273717
2024-11-07,NVDA,4.0,-1.222631588601773,12.233333333333333,9.000702399155347,-0.9147434242583082
2024-11-08,NVDA,13.0,0.9015000113350464,11.9,8.770444096804466,0.12542124296770643
2024-11-09,NVDA,2.0,1.47329152249135,11.566666666666666,8.954610961469195,-1.068350898529382
2024-11-10,NVDA,5.0,-0.5551769123129308,11.533333333333333,8.977878304509067,-0.7277146238496036
2024-11-11,NVDA,6.0,0.4041203454742195,11.733333333333333,8.776667081385233,-0.6532472156193981
2024-11-12,NVDA,22.0,0.4857472168020841,12.433333333333334,8.728405207783624,1.0960383299042438
2024-11-13,NVDA,22.0,1.577526059250049,13.0,8.780856921500428,1.0249569125722784
2024-11-14,NVDA,15.0,0.6913532493939161,12.2,7.298559139805698,0.383637365453278
2024-11-15,NVDA,15.0,0.0796960739202228,11.633333333333333,6.299881407385883,0.534401594087095
2024-11-16,NVDA,6.0,0.2053613049891219,11.233333333333333,6.262550616951926,-0.8356552550916501
2024-11-17,NVDA,7.0,-0.5518666531413222,10.933333333333334,6.241868273219948,-0.6301532107316121
2024-11-18,NVDA,49.0,0.0886861969972328,12.466666666666667,9.182942708174167,3.9783906416854045
2024-11-19,NVDA,37.0,0.3930674416404627,13.633333333333333,9.994768746641938,2.337889675988496
2024-11-20,NVDA,68.0,0.4381011133443899,15.3,14.081413526224974,3.7425220061787448
2024-11-21,NVDA,82.0,0.1967671663295689,17.533333333333335,18.615405806302835,3.4630814572325592
2024-11-22,NVDA,38.0,0.4768948487820725,18.433333333333334,18.938527294696225,1.0331672765361408
2024-11-23,NVDA,5.0,0.7299301638078245,18.033333333333335,19.095916395619916,-0.6825193964675519
2024-11-24,NVDA,6.0,-0.059278258223493,17.7,19.219512355218946,-0.6087563401067735
2024-11-25,NVDA,18.0,1.1314657430329609,18.233333333333334,18.98944050188716,-0.012287530710035703
2024-11-26,NVDA,12.0,0.0325066435978119,18.4,18.90922052041424,-0.3384592185114458
2024-11-27,NVDA,19.0,0.2408922436086444,18.6,18.881846782850303,0.021184368488960735
2024-11-28,NVDA,11.0,0.5690844790653612,18.8,18.764235974964123,-0.415684390795715
2024-11-29,NVDA,6.0,0.10566709079134,18.5,18.89854947909476,-0.6614264239605943
2024-11-30,NVDA,4.0,-0.9916649411519772,18.266666666666666,19.037047969743067,-0.749415912033299
2024-12-01,NVDA,1.0,-3.9344262295082,17.733333333333334,19.29611955510893,-0.8671864457277857
2024-12-02,NVDA,23.0,0.3699344519416376,18.433333333333334,19.08544007846048,0.23927489478330305
2024-12-03,NVDA,13.0,-0.747092903271846,18.533333333333335,19.047550902997965,-0.29050103929437054
2024-12-04,NVDA,10.0,1.923017278087561,18.266666666666666,19.11116902780139,-0.43255682866082046
2024-12-05,NVDA,19.0,1.0054716197960811,18.366666666666667,19.10674792035405,0.033147102582468
2024-12-06,NVDA,8.0,1.493169886814048,18.2,19.176853864435916,-0.5318912096898346
2024-12-07,NVDA,5.0,1.645121288738669,18.233333333333334,19.15217343087819,-0.6909572629494795
2024-12-08,NVDA,1.0,1.09090909090909,17.833333333333332,19.389089241354146,-0.8681858711254083
2024-12-09,NVDA,37.0,-2.7631768203758744,19.0,19.456405735333817,0.9251451807109002
2024-12-10,NVDA,23.0,-1.4619866370339707,19.6,19.286586369627546,0.17628832468530084
2024-12-11,NVDA,12.0,-0.7498061350559777,19.8,19.171458671321975,-0.4068548008643595
2024-12-12,NVDA,12.0,0.1649001936899682,19.466666666666665,19.218764776650698,-0.3885091863832
2024-12-13,NVDA,14.0,-0.756505448329805,19.2,19.23789364052462,-0.2702998621972938
2024-12-14,NVDA,3.0,1.73755192982202,18.8,19.451797186715247,-0.8122642781197992
2024-12-15,NVDA,4.0,0.9540958966360394,18.433333333333334,19.628767300753406,-0.7353153212417645
2024-12-16,NVDA,13.0,-0.92762485572748,18.666666666666668,19.51716014767222,-0.2903427867472062
2024-12-17,NVDA,17.0,0.2421344474100122,19.0,19.396053633451412,-0.10311375900459974
2024-12-18,NVDA,16.0,-0.0487530305161863,17.9,18.5534642178424,-0.10240675152044201
2024-12-19,NVDA,14.0,0.2100486501442315,17.133333333333333,18.20900370948267,-0.17207604453952594
2024-12-20,NVDA,11.0,1.496025213327773,15.233333333333333,15.489002401778448,-0.27331220071650714
2024-12-21,NVDA,3.0,0.5869678534296844,12.6,9.174928356386618,-1.046329696222368
2024-12-22,NVDA,2.0,-1.074839185983715,11.4,8.019803076092954,-1.172098605266433
2024-12-23,NVDA,8.0,-0.0524906953173419,11.5,7.955696289343599,-0.43993635160358474
2024-12-24,NVDA,15.0,0.2805675708386274,11.8,7.9107085867719364,0.4045149641020716
2024-12-25,NVDA,3.0,1.396910816171878,11.3,7.979067441836731,-1.0402218129502854
2024-12-26,NVDA,12.0,1.116328369362444,11.3,7.979067441836731,0.08772955048978301
2024-12-27,NVDA,18.0,0.4518100134978717,11.266666666666667,7.947818322782276,0.847192658396878
2024-12-28,NVDA,2.0,0.5594760973121681,10.966666666666667,8.12608967052007,-1.103441757380066
2024-12-29,NVDA,2.0,1.128871417950649,10.833333333333334,8.242377181929681,-1.0716972953748398
2024-12-30,NVDA,16.0,-0.1112598006420697,11.233333333333333,8.190336329809782,0.5819866821973808
2024-12-31,NVDA,13.0,2.398035044997079,11.633333333333333,7.963205615715356,0.17162267717532692
2024-01-01,PFE,14.0,0.894696084581546,,,
2024-01-02,PFE,32.0,-0.194511698986742,,,
2024-01-03,PFE,18.0,0.4898911526290083,,,
2024-01-04,PFE,15.0,-1.08440436335811,,,
2024-01-05,PFE,11.0,0.9525432935736354,,,
2024-01-06,PFE,11.0,-0.1991078993788176,,,
2024-01-07,PFE,15.0,1.1597292768923866,,,
2024-01-08,PFE,22.0,-0.4175749159864404,,,
2024-01-09,PFE,36.0,-1.775333392644073,,,
2024-01-10,PFE,21.0,0.4400963054173355,19.5,8.527732536977355,0.17589669862367344
2024-01-11,PFE,16.0,1.2152848392262765,19.181818181818183,8.158654077949155,-0.38999302475856396
2024-01-12,PFE,8.0,1.0441424316177024,18.25,8.42210295483368,-1.2170357041428994
2024-01-13,PFE,9.0,0.7627869780146412,17.53846153846154,8.461829831813217,-1.0090561625761152
2024-01-14,PFE,4.0,1.2589990718190402,16.571428571428573,8.898697274703371,-1.412726850161068
2024-01-15,PFE,12.0,-1.193460830469475,16.266666666666666,8.65585406091216,-0.49292266674572854
2024-01-16,PFE,24.0,-0.811025722976256,16.75,8.582928793055823,0.8447000056514213
2024-01-17,PFE,28.0,-0.3323294508544252,17.41176470588235,8.746848171837469,1.2105200737574202
2024-01-18,PFE,18.0,-0.7733811249467906,17.444444444444443,8.486821772068133,0.06546096648146944
2024-01-19,PFE,13.0,-0.8999264892973065,17.210526315789473,8.310495020477427,-0.5066516862611131
2024-01-20,PFE,15.0,0.1583058490858528,17.1,8.103930170634882,-0.25913352605251805
2024-01-21,PFE,11.0,-0.320325694895806,16.80952380952381,8.010112656005829,-0.7252736707976186
2024-01-22,PFE,18.0,-0.383016734201309,16.863636363636363,7.821188891146644,0.14529295381805277
2024-01-23,PFE,26.0,0.5614169836823364,17.26086956521739,7.875262715989213,1.1096938286311997
2024-01-24,PFE,17.0,0.5414021668069116,17.25,7.702342952408814,-0.03245765626702139
2024-01-25,PFE,22.0,0.4032114034740982,17.44,7.599780698590365,0.6000173137687781
2024-01-26,PFE,36.0,-1.1269512738342131,18.153846153846153,8.28826788993844,2.1531825567339857
2024-01-27,PFE,6.0,1.150093926892667,17.703703703703702,8.457199094512115,-1.3838746815477299
2024-01-28,PFE,10.0,1.3810011556470734,17.428571428571427,8.425835803925269,-0.881642082926746
2024-01-29,PFE,31.0,0.4683102303153153,17.896551724137932,8.649297360340098,1.5149725729104575
2024-01-30,PFE,49.0,0.091652660427531,18.933333333333334,10.221455909973892,2.9415248602039377
2024-01-31,PFE,37.0,-0.6303564476730941,19.7,10.690472716234382,1.6182633321469964
2024-02-01,PFE,26.0,-0.4546631992713392,19.5,10.506976335946414,0.6186365888883021
2024-02-02,PFE,20.0,-1.0465783558277504,19.566666666666666,10.503475068078522,0.04125618716897725
2024-02-03,PFE,7.0,0.6338155224958323,19.3,10.722679798863972,-1.1471013058977235
2024-02-04,PFE,6.0,-0.4974385291446783,19.133333333333333,10.89363412125706,-1.2055970658777573
2024-02-05,PFE,16.0,-1.2540056714432133,19.3,10.802777420645118,-0.30547699647068466
2024-02-06,PFE,37.0,-0.4668603990695414,20.033333333333335,11.238736379250954,1.5096596355788416
2024-02-07,PFE,17.0,-0.1884757751771393,19.866666666666667,11.24563772385061,-0.25491365959502865
2024-02-08,PFE,16.0,0.1183287975118367,19.2,10.841809239523029,-0.29515368969365663
2024-02-09,PFE,17.0,-0.2760315538051179,19.066666666666666,10.843505392418187,-0.19059027425869923
2024-02-10,PFE,12.0,0.3641436648403578,18.933333333333334,10.906920717609983,-0.6356820144606886
2024-02-11,PFE,10.0,0.4525217980050944,19.0,10.84371739287555,-0.8299736772846096
2024-02-12,PFE,16.0,1.701443338407299,19.233333333333334,10.695417430983632,-0.3023101579903434
2024-02-13,PFE,21.0,1.687189635030412,19.8,10.303665233371051,0.11646341110865023
2024-02-14,PFE,27.0,0.9832963883573927,20.3,10.276018281617542,0.6520035111250655
2024-02-15,PFE,10.0,-0.656940257508563,19.833333333333332,10.419091671751804,-0.9437802874883443
2024-02-16,PFE,19.0,0.4371840699341739,19.533333333333335,10.304780722903638,-0.051755912879149026
2024-02-17,PFE,11.0,0.4389054792204936,19.3,10.419312307706168,-0.7965976788949195
2024-02-18,PFE,6.0,1.19296856835963,19.066666666666666,10.641277254596622,-1.2279227722426242
2024-02-19,PFE,25.0,-0.861510056806726,19.4,10.666091938539594,0.5250282889242333
2024-02-20,PFE,50.0,-2.088166940133952,20.7,11.911020686452671,2.4599067343846666
2024-02-21,PFE,30.0,-2.3443199782646724,21.1,12.018233274258026,0.7405414587069963
2024-02-22,PFE,34.0,0.1257930898373517,21.366666666666667,12.217803102181596,1.034010224888756
2024-02-23,PFE,20.0,1.0359464854435276,21.466666666666665,12.193082644180517,-0.12028678140442785
2024-02-24,PFE,7.0,0.1668778862630828,20.966666666666665,12.474756119054398,-1.119594365883712
2024-02-25,PFE,11.0,1.0685522519387345,20.133333333333333,12.269202636411766,-0.7444113202783041
2024-02-26,PFE,25.0,0.704707487153712,20.766666666666666,12.001963440903396,0.35272006569407516
2024-02-27,PFE,32.0,-0.261091311355422,21.5,11.993532740031476,0.8754718253241242
2024-02-28,PFE,19.0,0.8118171551586473,21.1,11.865191048638438,-0.1769883006006028
2024-02-29,PFE,26.0,-0.5819725118009893,20.333333333333332,10.684611342497673,0.530357772034973
2024-03-01,PFE,17.0,-2.222803211863491,19.666666666666668,10.22280524740821,-0.26085468735137535
2024-03-02,PFE,7.0,-0.970006861650312,19.033333333333335,10.403856490987248,-1.1566223874538912
2024-03-03,PFE,4.0,-1.9604561686138249,18.5,10.756714022029414,-1.3479953051000941
2024-03-04,PFE,19.0,0.6659435874452474,18.9,10.535162797622723,0.00949202228014612
2024-03-05,PFE,22.0,0.5259404791023194,19.433333333333334,10.261018748015545,0.2501376061868178
2024-03-06,PFE,16.0,-1.5639004894141235,19.433333333333334,10.261018748015545,-0.33459965502912
2024-03-07,PFE,23.0,-0.0907802274474159,18.966666666666665,9.739657054549197,0.4141145125278766
2024-03-08,PFE,22.0,0.6547291055165531,19.133333333333333,9.747619809677799,0.29408888760931506
2024-03-09,PFE,6.0,1.3095655798642212,18.8,10.02548476771005,-1.2767462418601514
2024-03-10,PFE,4.0,1.7982652995957296,18.366666666666667,10.380629617916625,-1.3839879848781305
2024-03-11,PFE,29.0,0.4564522667731263,18.933333333333334,10.48458090634095,0.9601401101858508
2024-03-12,PFE,32.0,-0.0082517853053902,19.666666666666668,10.606872636476636,1.1627681179954459
2024-03-13,PFE,30.0,-0.9724203556302042,20.133333333333333,10.747039153865249,0.9180823225267631
2024-03-14,PFE,24.0,0.6575385952711095,20.233333333333334,10.769315712687611,0.34975914599931895
2024-03-15,PFE,15.0,0.8697203347101363,19.833333333333332,10.732108875684231,-0.45036193625320264
2024-03-16,PFE,17.0,1.1493926279083668,20.066666666666666,10.586045900906154,-0.2896895304793798
2024-03-17,PFE,7.0,0.3810383105090742,19.666666666666668,10.851134799493629,-1.167312626810033
2024-03-18,PFE,46.0,1.129699920901398,20.833333333333332,11.7328990253999,2.1449657592880285
2024-03-19,PFE,33.0,0.8168995217442254,21.733333333333334,11.59052327917327,0.9720584994563157
2024-03-20,PFE,30.0,-0.4133789510396942,21.9,11.674759098157018,0.6938044658479223
2024-03-21,PFE,20.0,0.8208935488329067,20.9,10.400099469020345,-0.08653763386407068
2024-03-22,PFE,12.0,-0.2333880587321504,20.3,10.376199556744238,-0.7999075147514134
2024-03-23,PFE,9.0,0.3772077060867091,19.466666666666665,10.241003901939509,-1.0220352190945283
2024-03-24,PFE,12.0,0.926990988990652,19.2,10.330403737478528,-0.6969717915165815
2024-03-25,PFE,24.0,0.6881917987683466,19.766666666666666,10.101837775216033,0.4190656618659472
2024-03-26,PFE,27.0,0.2630507134293975,20.3,10.045242483470679,0.6669824059523467
2024-03-27,PFE,32.0,0.3449200216060571,20.533333333333335,10.23763622142821,1.1200502165398292
2024-03-28,PFE,18.0,1.059678028709015,20.066666666666666,10.013554032800547,-0.2063869291459418
2024-03-29,PFE,13.0,-0.0968985792344505,19.866666666666667,10.095179229620488,-0.6801926454677525
2024-03-30,PFE,15.0,0.8516188641937289,19.5,10.06444749841122,-0.4471184335464389
2024-03-31,PFE,14.0,1.358967287174037,19.4,10.104966344703293,-0.5343906961976682
2024-04-01,PFE,10.0,0.6332830298535201,19.5,9.99223836716313,-0.9507379278720228
2024-04-02,PFE,19.0,0.4502825736284433,20.0,9.555644657875586,-0.10465018696313895
2024-04-03,PFE,33.0,1.6746734630249314,20.466666666666665,9.842670416078162,1.2733671659735686
2024-04-04,PFE,23.0,-0.5796859783063809,20.5,9.849733061322544,0.2538139850527401
2024-04-05,PFE,20.0,0.2109159594918819,20.633333333333333,9.813724848511848,-0.06453546875520678
2024-04-06,PFE,20.0,0.4265003273609483,20.533333333333335,9.804057335097806,-0.05439924666944172
2024-04-07,PFE,23.0,0.4257861521318988,20.566666666666666,9.810913463511222,0.2480231165409209
2024-04-08,PFE,35.0,0.3149566347650559,21.533333333333335,9.754692357450633,1.3805321760230425
2024-04-09,PFE,37.0,-0.0138845174723289,22.633333333333333,9.56820645223773,1.5015004889768777
2024-04-10,PFE,18.0,0.0780127627328793,22.266666666666666,9.526490591424828,-0.447873918072964
2024-04-11,PFE,19.0,0.5577542377852298,21.833333333333332,9.362741027083358,-0.3026179326265057
2024-04-12,PFE,22.0,0.3968116189002268,21.566666666666666,9.235177624016035,0.046922035609412896
2024-04-13,PFE,19.0,-0.1388692716902758,21.4,9.234866464691825,-0.2598846457797794
2024-04-14,PFE,11.0,0.3004317271199366,21.266666666666666,9.358504645262636,-1.0970413603271276
2024-04-15,PFE,26.0,1.1848561056463704,21.566666666666666,9.361267720417645,0.473582581519797
2024-04-16,PFE,22.0,0.5741906321635925,22.066666666666666,8.94786945680881,-0.00745056317467137
2024-04-17,PFE,9.0,0.5516228042067077,20.833333333333332,8.039056958475243,-1.4719802825700772
2024-04-18,PFE,23.0,0.3181175275256856,20.5,7.718093386144106,0.32391419420865275
2024-04-19,PFE,15.0,-0.4025357772158072,20.0,7.56580328255664,-0.6608683590185016
2024-04-20,PFE,6.0,1.1986455976803174,19.533333333333335,7.985907127163335,-1.6946519810255414
2024-04-21,PFE,13.0,1.3743533428497532,19.566666666666666,7.955407327543099,-0.8254343739171778
2024-04-22,PFE,26.0,0.4051990845396748,20.133333333333333,7.780317045810751,0.7540395374794562
2024-04-23,PFE,29.0,-0.0021028407329283,20.7,7.78659325268494,1.0659347073430385
2024-04-24,PFE,34.0,0.6284741411885681,21.033333333333335,8.138810102530806,1.593189483882246
2024-04-25,PFE,12.0,-0.0985941148026606,20.533333333333335,8.219964482402222,-1.038122895981119
2024-04-26,PFE,17.0,-0.6057230303529334,20.033333333333335,7.950204219165491,-0.3815415616646555
2024-04-27,PFE,8.0,0.3258529622562718,19.7,8.242656083468777,-1.4194453682794272
2024-04-28,PFE,17.0,0.9738763871417752,19.833333333333332,8.162501870236182,-0.34711579591360625
2024-04-29,PFE,29.0,-0.1433117216396384,20.3,8.276056032209778,1.0512253621942944
2024-04-30,PFE,36.0,0.0169126508658283,21.033333333333335,8.664168517056558,1.7274210026274084
2024-05-01,PFE,56.0,1.7538435003511634,22.566666666666666,10.516598812102355,3.179101335962224
2024-05-02,PFE,38.0,1.4186191356505318,23.2,10.860875687054667,1.3626893840282572
2024-05-03,PFE,22.0,0.0631592601622434,22.833333333333332,10.70315239844635,-0.07785868147166598
2024-05-04,PFE,16.0,1.1496352468473512,22.6,10.775451026643212,-0.6125033637739101
2024-05-05,PFE,17.0,1.076878677042138,22.5,10.81426261296021,-0.508587612197303
2024-05-06,PFE,22.0,0.3206087321140094,22.566666666666666,10.804479700994186,-0.05244738130374978
2024-05-07,PFE,25.0,0.1635523702081366,22.633333333333333,10.8134122763109,0.21886400020568514
2024-05-08,PFE,42.0,-0.8893684996451335,22.866666666666667,11.159450404627163,1.7145408276916463
2024-05-09,PFE,25.0,-0.0401886971781635,22.466666666666665,10.846049124413712,0.23357199513608837
2024-05-10,PFE,29.0,0.4784999218058305,22.833333333333332,10.87573488070587,0.5670114924929497
2024-05-11,PFE,10.0,0.2468711888033062,22.533333333333335,11.106796096995296,-1.1284382304203782
2024-05-12,PFE,9.0,0.554663835041877,22.1,11.378594543839915,-1.1512845412961843
2024-05-13,PFE,12.0,-0.0733803405286913,21.866666666666667,11.515307153983118,-0.8568305243385376
2024-05-14,PFE,9.0,1.3514394097264526,21.8,11.585960588514908,-1.1047853910955439
2024-05-15,PFE,13.0,-0.4885213049070247,21.366666666666667,11.666288992244908,-0.7171660733098894
2024-05-16,PFE,23.0,-0.6172788732427186,21.4,11.669589124936131,0.13710851195103738
2024-05-17,PFE,14.0,0.4792145535756734,21.566666666666666,11.521144978221368,-0.6567634276775507
2024-05-18,PFE,7.0,1.2928768413570435,21.033333333333335,11.818989201582617,-1.187354780851666
2024-05-19,PFE,3.0,1.4454400432520766,20.633333333333333,12.226267181580907,-1.4422499583436448
2024-05-20,PFE,14.0,0.1833648982238251,20.9,11.980875565264206,-0.5759178419317669
2024-05-21,PFE,30.0,0.4909866254392483,21.466666666666665,11.996359601069026,0.7113269039194947
2024-05-22,PFE,21.0,0.7283969805934161,21.3,11.965899824947963,-0.025071244485477324
2024-05-23,PFE,37.0,0.1083996436381063,21.566666666666666,12.229651173115773,1.2619602239563594
2024-05-24,PFE,15.0,1.1195469401998026,20.933333333333334,12.054283351839578,-0.49221784158805765
2024-05-25,PFE,4.0,0.3436950506809506,20.666666666666668,12.343735904982497,-1.3502125122378257
2024-05-26,PFE,16.0,1.070257477336172,20.633333333333333,12.355323669920825,-0.375007038027926
2024-05-27,PFE,18.0,1.220828110611765,20.966666666666665,12.135679323535134,-0.2444582283015099
2024-05-28,PFE,13.0,-0.7608406722962319,20.833333333333332,12.202552964465047,-0.641942170310157
2024-05-29,PFE,15.0,1.0475660785946332,20.366666666666667,12.147039751011096,-0.44180860330352967
2024-05-30,PFE,29.0,-1.0413042564529729,20.133333333333333,11.90112522449854,0.7450275918796804
2024-05-31,PFE,16.0,-0.5619711402040166,18.8,9.799366622741319,-0.2857327527171053
2024-06-01,PFE,17.0,-0.427191800270977,18.1,9.106079818185895,-0.12079841402259335
2024-06-02,PFE,9.0,-0.4837240194198166,17.666666666666668,9.222660747548284,-0.9397143518447841
2024-06-03,PFE,24.0,0.8359871450298738,17.933333333333334,9.288232575028262,0.6531561971194726
2024-06-04,PFE,12.0,0.0088049440715991,17.766666666666666,9.350210520710709,-0.6167419069221494
2024-06-05,PFE,17.0,-0.0263814600563826,17.6,9.316651759081696,-0.06440081861116391
2024-06-06,PFE,8.0,1.001582200028461,17.033333333333335,9.367895775699465,-0.964286276195131
2024-06-07,PFE,23.0,-0.4221150610827805,16.4,8.18998547428294,0.8058622351314796
2024-06-08,PFE,15.0,0.7512031362080583,16.066666666666666,8.029829445233583,-0.1328380227676975
2024-06-09,PFE,15.0,1.1470447047758987,15.6,7.650107053566932,-0.07843027500121638
2024-06-10,PFE,14.0,0.1313232680853032,15.733333333333333,7.583709097675158,-0.2285601031116421
2024-06-11,PFE,26.0,0.676605463229595,16.3,7.6975141531491245,1.2601470821630953
2024-06-12,PFE,25.0,0.5992196421131605,16.733333333333334,7.8121626363940555,1.058179028193197
2024-06-13,PFE,29.0,0.3670930446053408,17.4,7.981011948627692,1.4534497723680997
2024-06-14,PFE,15.0,-0.7837781682043785,17.466666666666665,7.951288480853099,-0.31022225801597564
2024-06-15,PFE,5.0,0.9218311710162866,16.866666666666667,8.19475582238457,-1.4480805680935613
2024-06-16,PFE,10.0,-0.7498618166767321,16.733333333333334,8.275153226348154,-0.8136808043498636
2024-06-17,PFE,7.0,0.2870947481293718,16.733333333333334,8.275153226348154,-1.176211855792872
2024-06-18,PFE,30.0,-0.120432784862222,17.633333333333333,8.19791114409255,1.5085143580237679
2024-06-19,PFE,24.0,-0.1655084870272888,17.966666666666665,8.248232133817124,0.731469875659431
2024-06-20,PFE,23.0,0.4047735316881852,17.733333333333334,7.991086988912576,0.6590676179566094
2024-06-21,PFE,34.0,0.3842709556042002,18.166666666666668,8.509967110975525,1.8605633989951231
2024-06-22,PFE,28.0,0.990119161363028,17.866666666666667,7.9642881073873335,1.2723464039345946
2024-06-23,PFE,7.0,0.8796829467841663,17.6,8.194194749101765,-1.2935987396640722
2024-06-24,PFE,21.0,0.4584640006450227,18.166666666666668,7.799572637865064,0.36326776669508465
2024-06-25,PFE,15.0,0.0141332150459604,18.133333333333333,7.811279789767042,-0.40112931781525385
2024-06-26,PFE,28.0,0.1003243393738715,18.466666666666665,8.016075802059751,1.189276844273818
2024-06-27,PFE,29.0,1.042314492346638,19.0,8.170594879790286,1.2239010925305684
2024-06-28,PFE,28.0,0.4245996814717764,19.433333333333334,8.294922972905587,1.032760243181124
2024-06-29,PFE,30.0,1.1993306365788237,19.466666666666665,8.336597062033928,1.263505151436869
2024-06-30,PFE,14.0,1.426849393435138,19.4,8.373192033363756,-0.6449153415427713
2024-07-01,PFE,21.0,0.2010223526659215,19.533333333333335,8.365501132353183,0.17532322851459556
2024-07-02,PFE,30.0,-0.0389247332783216,20.233333333333334,8.332252803510542,1.172151985421251
2024-07-03,PFE,20.0,0.974619640099411,20.1,8.301848568552217,-0.01204551000590471
2024-07-04,PFE,23.0,0.2208409453509879,20.466666666666665,8.173689216155637,0.30993756507478853
2024-07-05,PFE,12.0,0.6688119408972771,20.3,8.296862722407962,-1.000378128178928
2024-07-06,PFE,8.0,0.3163471225745199,20.3,8.296862722407962,-1.4824880694699774
2024-07-07,PFE,9.0,0.3798273539843245,19.833333333333332,8.530203269330224,-1.2699970904894915
2024-07-08,PFE,11.0,0.279222447488738,19.7,8.638925539831831,-1.0070696824375405
2024-07-09,PFE,15.0,0.2447843254411591,19.7,8.638925539831831,-0.5440491387880965
2024-07-10,PFE,15.0,0.0420620155335561,19.733333333333334,8.618077765245342,-0.5492330728810247
2024-07-11,PFE,25.0,-0.5882026773426827,19.7,8.59490627017558,0.6166443045913205
2024-07-12,PFE,20.0,0.7150774809551819,19.533333333333335,8.536870674874974,0.0546648396631005
2024-07-13,PFE,12.0,1.6032144035667482,18.966666666666665,8.450600196326944,-0.8243990373245594
2024-07-14,PFE,6.0,1.4551252990154684,18.666666666666668,8.750697837525772,-1.4475036050665557
2024-07-15,PFE,20.0,0.198139044978313,19.166666666666668,8.362821390487511,0.09964739104451362
2024-07-16,PFE,13.0,1.0841240317144447,19.266666666666666,8.266814978276551,-0.758050915997775
2024-07-17,PFE,13.0,-0.1691519458456459,19.466666666666665,8.02897053277019,-0.8054166645989057
2024-07-18,PFE,21.0,-1.5561137730865493,19.166666666666668,7.786298015206537,0.235456352910312
2024-07-19,PFE,15.0,-0.095366649593996,18.866666666666667,7.767009513423378,-0.49783210127193467
2024-07-20,PFE,2.0,1.010920623050993,18.166666666666668,8.309045064570148,-1.9456708371460758
2024-07-21,PFE,1.0,1.49105367793241,17.066666666666666,8.325007334917899,-1.9299282295257119
2024-07-22,PFE,13.0,0.6709114340095043,16.566666666666666,8.092922976208943,-0.4407142730941249
2024-07-23,PFE,10.0,-0.3661067341077494,16.666666666666668,7.988497477875488,-0.8345332379624965
2024-07-24,PFE,10.0,-0.2963127796304862,16.3,8.035052517906605,-0.7840645703260889
2024-07-25,PFE,20.0,0.6991458691510948,16.466666666666665,8.058978002003832,0.43843441841568326
2024-07-26,PFE,22.0,-0.020550227798837,16.266666666666666,7.834201468157313,0.7318337876089718
2024-07-27,PFE,2.0,-0.6993006993007,15.366666666666667,7.871744902884747,-1.6980563815994856
2024-07-28,PFE,7.0,1.246263788988488,14.666666666666666,7.6398832511992,-1.0035057362248647
2024-07-29,PFE,17.0,0.7236613100466529,14.233333333333333,7.089007193430247,0.39027561845764264
2024-07-30,PFE,41.0,0.55364450671934,15.133333333333333,8.609270598017297,3.0045131433810113
2024-07-31,PFE,12.0,-0.1269218508410163,14.833333333333334,8.554423470903242,-0.3312126577519278
2024-08-01,PFE,17.0,1.1444506354732142,14.4,8.075505749081499,0.3219612592432024
2024-08-02,PFE,13.0,0.6836198526936239,14.166666666666666,8.008974850810782,-0.14566991261666398
2024-08-03,PFE,5.0,3.1983715166545443,13.566666666666666,7.998634941009639,-1.071016083350008
2024-08-04,PFE,6.0,-0.2897804047172738,13.366666666666667,8.113349294934197,-0.9079686327896984
2024-08-05,PFE,11.0,0.4382336173359862,13.466666666666667,8.063255667162181,-0.30591448026536366
2024-08-06,PFE,12.0,0.1786072600711389,13.566666666666666,8.024459734025,-0.19523640451752133
2024-08-07,PFE,8.0,-4.067647723673652,13.466666666666667,8.076075068109953,-0.6768964652462094
2024-08-08,PFE,4.0,-0.0283657372529275,13.1,8.251854545996064,-1.10278240476445
2024-08-09,PFE,11.0,-0.1853542539225232,12.966666666666667,8.252411699047423,-0.23831417267920352
2024-08-10,PFE,3.0,-1.8659767818746236,12.233333333333333,8.122694190940607,-1.1367328519681859
2024-08-11,PFE,7.0,1.730893251843147,11.8,8.040415154833052,-0.5969840993987413
2024-08-12,PFE,12.0,0.8649602037056581,11.8,8.040415154833052,0.02487433747494746
2024-08-13,PFE,8.0,1.676432710463388,11.866666666666667,7.998850492127126,-0.48340279274783754
2024-08-14,PFE,14.0,0.957660177819274,11.666666666666666,7.862321028425579,0.2967741109651155
2024-08-15,PFE,10.0,0.2352171747727446,11.566666666666666,7.863855917109464,-0.19922372474526845
2024-08-16,PFE,24.0,-0.4948862248039705,11.933333333333334,8.182965204632728,1.4746080870336842
2024-08-17,PFE,18.0,1.1093197144159654,11.833333333333334,8.086102736872963,0.762625317453167
2024-08-18,PFE,6.0,-0.0810220445930998,11.533333333333333,8.131392268848252,-0.680490271577697
2024-08-19,PFE,9.0,1.5671958253740672,11.766666666666667,7.946733587622259,-0.3481514305419771
2024-08-20,PFE,16.0,0.9957452746988568,12.266666666666667,7.714443834662417,0.48394069790991
2024-08-21,PFE,17.0,0.1953355219904746,12.4,7.7619762858481485,0.592632575854019
2024-08-22,PFE,39.0,0.2715451705633611,13.366666666666667,9.136827085777773,2.805496163239615
2024-08-23,PFE,41.0,0.6811244536184529,14.4,10.407556936155112,2.5558351650802402
2024-08-24,PFE,6.0,0.7802240998780565,13.933333333333334,10.46153326051777,-0.7583337103437829
2024-08-25,PFE,9.0,0.3459810075067761,13.5,10.384836425587402,-0.4333241098446541
2024-08-26,PFE,15.0,0.5588090501010525,13.933333333333334,10.157155905663457,0.10501627390320073
2024-08-27,PFE,33.0,-0.3424983730452589,14.8,10.642789367324779,1.710078004162816
2024-08-28,PFE,39.0,0.9009115743961168,15.533333333333333,11.521294627126652,2.036808138854021
2024-08-29,PFE,24.0,0.3392824584078839,14.966666666666667,10.607360272660818,0.8516099294388682
2024-08-30,PFE,18.0,0.0348156834224188,15.166666666666666,10.606059859680522,0.2671428759424973
2024-08-31,PFE,16.0,0.9847483348517362,15.133333333333333,10.601669788238576,0.08174812873611113
2024-09-01,PFE,22.0,1.29862459675343,15.433333333333334,10.666361346204997,0.6156426220271481
2024-09-02,PFE,50.0,1.0248591719188591,16.933333333333334,12.20212907745974,2.7099095950188508
2024-09-03,PFE,39.0,1.109440959250806,18.033333333333335,12.661326763112102,1.6559612636924903
2024-09-04,PFE,28.0,0.0430037806458151,18.6,12.715995899816022,0.7392264101104342
2024-09-05,PFE,32.0,0.6669317534361612,19.266666666666666,12.881243603845444,0.9885173920266553
2024-09-06,PFE,25.0,1.052517011328234,19.833333333333332,12.741686494049508,0.40549315579845346
2024-09-07,PFE,19.0,0.9309474245583208,20.333333333333332,12.388351963349123,-0.10762798290507018
2024-09-08,PFE,11.0,1.7109527932809854,20.333333333333332,12.388351963349123,-0.7533958803354919
2024-09-09,PFE,25.0,0.7943391405075089,21.066666666666666,11.971037846671305,0.32857078757186
2024-09-10,PFE,17.0,0.9277982278670672,21.4,11.702048155535968,-0.3760025545543889
2024-09-11,PFE,23.0,0.4526231440561327,21.766666666666666,11.56893382663491,0.10660734617513822
2024-09-12,PFE,19.0,0.9150723234502822,22.133333333333333,11.288484621837922,-0.27756899515740163
2024-09-13,PFE,13.0,0.3043767186247383,22.1,11.314775204617831,-0.8042581346455804
2024-09-14,PFE,23.0,0.0033334918205828,22.533333333333335,11.08193103219375,0.042110591133527824
2024-09-15,PFE,20.0,-0.2931621386687082,22.4,11.087737868225545,-0.2164553336779136
2024-09-16,PFE,36.0,-1.3555531708094115,23.0,11.325893433586842,1.1478123184038276
2024-09-17,PFE,17.0,0.6781998189907807,23.366666666666667,10.927609238903123,-0.5826221021887247
2024-09-18,PFE,27.0,1.237051481832841,23.966666666666665,10.600856612535623,0.2861403982906803
2024-09-19,PFE,15.0,-0.0117621319851925,23.933333333333334,10.628307463572451,-0.8405226668452633
2024-09-20,PFE,28.0,-0.4284211924109413,24.3,10.570453290120565,0.35003229269818736
2024-09-21,PFE,10.0,1.56288432215512,23.333333333333332,10.505608792066932,-1.2691633200164174
2024-09-22,PFE,16.0,1.019715431407651,22.5,10.037000513616844,-0.6476038325575135
2024-09-23,PFE,23.0,0.9599512773751052,23.066666666666666,9.540958288215666,-0.006987418313002008
2024-09-24,PFE,23.0,-0.9754385469466798,23.533333333333335,9.164148034345708,-0.058197808605283334
2024-09-25,PFE,29.0,0.1887131466556557,24.0,9.07060428356157,0.5512311907445213
2024-09-26,PFE,23.0,-1.423489916391242,23.666666666666668,8.910796757337398,-0.07481560682188335
2024-09-27,PFE,13.0,0.9093332117126494,22.8,8.62794177717634,-1.1358444752054457
2024-09-28,PFE,3.0,-0.5426721919774635,22.1,9.348981135710032,-2.0430033736023154
2024-09-29,PFE,6.0,0.8428376233817579,21.7,9.777348910831499,-1.6057522487110278
2024-09-30,PFE,12.0,1.3381973168196288,21.566666666666666,9.884447321452763,-0.9678504377178075
2024-10-01,PFE,26.0,1.2411400326679751,21.7,9.91741762828374,0.43358061152297545
2024-10-02,PFE,20.0,0.4905505580002757,20.7,8.354845796055248,-0.08378371272040776
2024-10-03,PFE,19.0,1.7906254232849046,20.033333333333335,7.608902831476463,-0.13580582591469664
2024-10-04,PFE,16.0,0.8571399380063358,19.633333333333333,7.490146784314356,-0.4850817264278655
2024-10-05,PFE,8.0,1.2390735144242762,18.833333333333332,7.404953297174352,-1.4629846939706173
2024-10-06,PFE,2.0,2.03485560649142,18.066666666666666,7.91738956167147,-2.02928838369231
2024-10-07,PFE,22.0,-1.1795740689981933,18.166666666666668,7.948469092821599,0.48227316336868975
2024-10-08,PFE,13.0,1.2911285011627012,18.233333333333334,7.894491022589556,-0.662909529994841
2024-10-09,PFE,10.0,1.163351343583696,17.733333333333334,7.926095413616159,-0.9756800706749403
2024-10-10,PFE,42.0,-0.5552178244134973,18.566666666666666,9.077001378373172,2.581616147945675
2024-10-11,PFE,26.0,0.3185609499069946,18.666666666666668,9.143806395713922,0.8020000660524448
2024-10-12,PFE,9.0,-0.0221613828808586,18.333333333333332,9.311962396732543,-1.0022949981636833
2024-10-13,PFE,7.0,1.0746576532851084,18.133333333333333,9.493131213139584,-1.1727777783081224
2024-10-14,PFE,24.0,0.5938578229209497,18.166666666666668,9.512544651518143,0.6132253300280035
2024-10-15,PFE,24.0,0.7825611757108425,18.3,9.567005080321456,0.5957977394330469
2024-10-16,PFE,23.0,-0.108521058326672,17.866666666666667,9.016205078800532,0.5693452276726878
2024-10-17,PFE,24.0,1.1302880239381703,18.1,9.083330697036422,0.6495414729230288
2024-10-18,PFE,25.0,0.6554590428666268,18.033333333333335,9.02289552627985,0.7721098672123304
2024-10-19,PFE,6.0,2.498423285339288,17.733333333333334,9.273370600749793,-1.2652716944564517
2024-10-20,PFE,14.0,2.0076832828401296,17.266666666666666,9.089339467421325,-0.3593953860316573
2024-10-21,PFE,10.0,1.3155836776758727,17.266666666666666,9.089339467421325,-0.7994713689275643
2024-10-22,PFE,21.0,0.3742780410512609,17.433333333333334,9.111127464708247,0.3914627119949833
2024-10-23,PFE,30.0,-0.2025832701432117,17.666666666666668,9.345230512584125,1.3197462937618798
2024-10-24,PFE,28.0,0.4807685194267039,17.833333333333332,9.487135875828741,1.0716265477518068
2024-10-25,PFE,19.0,-0.1356766877464206,17.5,9.254076454972846,0.16209072912877737
2024-10-26,PFE,15.0,1.163219215353405,17.233333333333334,9.205258367324376,-0.24261495378130063
2024-10-27,PFE,9.0,1.397331441410516,17.1,9.29720017179811,-0.8712300316573085
2024-10-28,PFE,20.0,-1.5898914968462543,17.666666666666668,8.918532944664022,0.2616274837813287
2024-10-29,PFE,62.0,0.8835466054449608,19.533333333333335,11.790508553663958,3.6017671734329
2024-10-30,PFE,34.0,0.3561914993680161,20.266666666666666,11.988308480760955,1.1455605563848166
2024-10-31,PFE,12.0,1.2564085418540636,19.8,12.029847936666128,-0.6483872482067001
2024-11-01,PFE,10.0,1.4700593416339316,19.466666666666665,12.161934207935879,-0.778384959564203
2024-11-02,PFE,7.0,1.659990349634621,19.066666666666666,12.37331202931182,-0.9752171963400967
2024-11-03,PFE,7.0,1.7609330628580386,18.766666666666666,12.557957590730059,-0.9369888838733217
2024-11-04,PFE,17.0,0.0994427220077738,19.066666666666666,12.398368450319786,-0.16668859898363173
2024-11-05,PFE,10.0,-0.4380636803779955,19.333333333333332,12.101106627461613,-0.7712793235085424
2024-11-06,PFE,12.0,-0.354284850855692,19.0,12.162690265017794,-0.5755305649880215
2024-11-07,PFE,15.0,-1.271770431527226,19.066666666666666,12.134116432983303,-0.3351432046269588
2024-11-08,PFE,21.0,1.7698062009744766,19.433333333333334,12.016320319589875,0.13037823768001366
2024-11-09,PFE,10.0,1.4090558332207317,18.366666666666667,11.345615386824425,-0.7374361267686557
2024-11-10,PFE,2.0,1.64762534227174,17.566666666666666,11.631358723172735,-1.3383360480193738
2024-11-11,PFE,5.0,1.1344669282287214,17.433333333333334,11.75521405467652,-1.057686680608512
2024-11-12,PFE,12.0,1.5830989506538549,17.6,11.637039557171422,-0.48122204728168644
2024-11-13,PFE,21.0,0.4431818201478439,17.5,11.592952674971892,0.3019075552301852
2024-11-14,PFE,30.0,0.4908844136741534,17.7,11.759515589366414,1.045961451942997
2024-11-15,PFE,45.0,-0.4643255789963694,18.433333333333334,12.746015830063522,2.0843114445225246
2024-11-16,PFE,2.0,1.47696725317693,17.7,13.04408969081664,-1.2036102458765816
2024-11-17,PFE,8.0,0.9372542928459882,17.133333333333333,13.085220231457594,-0.6979885070162055
2024-11-18,PFE,10.0,0.8064256408297658,17.266666666666666,12.98788117713064,-0.5594959306728167
2024-11-19,PFE,13.0,0.6488996504301817,17.233333333333334,12.99783359490802,-0.3256953016379413
2024-11-20,PFE,34.0,-0.0659788839906512,18.033333333333335,13.272952360639891,1.2029476361276497
2024-11-21,PFE,29.0,-0.2691936221880191,18.3,13.41422302298366,0.7976608098483852
2024-11-22,PFE,24.0,0.378127618603572,18.1,13.277801022759755,0.4443506865245748
2024-11-23,PFE,5.0,-0.1003106741566218,17.333333333333332,13.350276591047516,-0.9238260532822121
2024-11-24,PFE,0.0,,16.7,13.714201046536674,-1.217715851133548
2024-11-25,PFE,10.0,-1.2813977781765105,16.533333333333335,13.765858148866444,-0.4746041447384321
2024-11-26,PFE,16.0,0.0334326396285479,16.766666666666666,13.692896052291152,-0.05599010346232665
2024-11-27,PFE,23.0,0.5846923117435952,16.866666666666667,13.728232508815253,0.4467678799433912
2024-11-28,PFE,12.0,-0.671035809468963,15.2,10.778010820247832,-0.2969007967581923
2024-11-29,PFE,9.0,1.3337343618501436,14.366666666666667,10.226683600819204,-0.5247709693723949
2024-11-30,PFE,9.0,0.4440876630966676,14.266666666666667,10.265218587233212,-0.5130593783182354
2024-12-01,PFE,3.0,-1.1216422909842398,14.033333333333333,10.443553805671426,-1.056473068328678
2024-12-02,PFE,7.0,1.0227772553443923,14.033333333333333,10.443553805671426,-0.6734616840403355
2024-12-03,PFE,18.0,-0.5099149562294527,14.4,10.381017158322175,0.3467868268683073
2024-12-04,PFE,19.0,0.0101399080672044,14.466666666666667,10.404685063199555,0.43570115825680583
2024-12-05,PFE,10.0,1.425973974754568,14.466666666666667,10.404685063199555,-0.4292937882824411
2024-12-06,PFE,14.0,0.6842843656524601,14.533333333333333,10.394737837610133,-0.05130801196386426
2024-12-07,PFE,5.0,1.259381331167416,14.2,10.538599003924446,-0.8729813134150024
2024-12-08,PFE,3.0,1.344926927448204,13.6,10.649915006945948,-0.9953131074836378
2024-12-09,PFE,7.0,-1.0903075318904711,13.5,10.698855884690634,-0.6075415979105838
2024-12-10,PFE,17.0,0.2463171351602545,14.0,10.491375768565412,0.285949151586839
2024-12-11,PFE,23.0,0.8623379222972579,14.6,10.473612162197815,0.8020155673052265
2024-12-12,PFE,19.0,0.1450230183208104,14.833333333333334,10.491649662644965,0.3971412314215838
2024-12-13,PFE,17.0,0.3748210763996934,14.7,10.43584670986136,0.22039419166885751
2024-12-14,PFE,22.0,-2.895961916791192,14.433333333333334,10.129109071123318,0.7470219358421345
2024-12-15,PFE,2.0,-1.001959800119571,13.0,8.578240314688777,-1.282314273845228
2024-12-16,PFE,4.0,0.6573244149456825,13.066666666666666,8.49719358674232,-1.067018960332134
2024-12-17,PFE,24.0,-0.8153504114970032,13.6,8.668611629679056,1.199730757852056
2024-12-18,PFE,9.0,-0.7526921627303327,13.566666666666666,8.68483947932311,-0.5258205033655486
2024-12-19,PFE,15.0,-1.3441008005090724,13.633333333333333,8.68801526215294,0.15730481881404976
2024-12-20,PFE,11.0,2.3920489802669627,12.866666666666667,7.7980250962855315,-0.23937684780673826
2024-12-21,PFE,8.0,0.5861348778219799,12.166666666666666,7.221057966871591,-0.5770160945642995
2024-12-22,PFE,1.0,1.85728250244379,11.4,7.141911267421649,-1.4561928327841822
2024-12-23,PFE,5.0,0.8363190569953218,11.4,7.141911267421649,-0.8961186663287276
2024-12-24,PFE,1.0,1.0,11.433333333333334,7.089007193430255,-1.4717622720149637
2024-12-25,PFE,2.0,1.815493004056185,11.166666666666666,7.292335765688549,-1.2570275095939911
2024-12-26,PFE,7.0,-0.6343843698344516,10.866666666666667,7.271737132181031,-0.5317390599221135
2024-12-27,PFE,5.0,-0.382179815180691,10.266666666666667,6.972524073391441,-0.7553457845725238
2024-12-28,PFE,3.0,-0.7999582578620569,9.966666666666667,7.088034275104605,-0.9828771132125843
2024-12-29,PFE,1.0,1.5358361774744,9.7,7.273712707532815,-1.1960879333315007
2024-12-30,PFE,103.0,-1.3504951660209332,12.833333333333334,18.517621306490067,4.869235911799589
2024-12-31,PFE,13.0,0.0705705629479426,13.166666666666666,18.424278085952402,-0.009046035122197876
2024-01-01,TSLA,13.0,1.2004493433783958,,,
2024-01-02,TSLA,118.0,0.4019956683023868,,,
2024-01-03,TSLA,85.0,-0.4379254540829113,,,
2024-01-04,TSLA,96.0,-3.51254724376742,,,
2024-01-05,TSLA,113.0,-0.1869437129322789,,,
2024-01-06,TSLA,24.0,-2.293192564691008,,,
2024-01-07,TSLA,17.0,-0.5897187198945926,,,
2024-01-08,TSLA,40.0,-0.7969033634292051,,,
2024-01-09,TSLA,27.0,-0.2866294659660969,,,
2024-01-10,TSLA,38.0,0.171368518061023,57.1,41.28074611728814,-0.46268543562009484
2024-01-11,TSLA,58.0,-0.3623690773475947,57.18181818181818,39.163294503445904,0.020891547265254454
2024-01-12,TSLA,50.0,-1.4877107828179463,56.583333333333336,37.3982457861166,-0.1760332121186624
2024-01-13,TSLA,23.0,-1.1824233923865877,54.0,36.997747679194376,-0.8378888430938947
2024-01-14,TSLA,14.0,-1.9139262626846916,51.142857142857146,37.11905408040695,-1.0006412626355896
2024-01-15,TSLA,29.0,0.5425863717521706,49.666666666666664,36.222855189717414,-0.5705421772641852
2024-01-16,TSLA,97.0,-0.4114912389975035,52.625,36.94116944548453,1.2012343048718543
2024-01-17,TSLA,46.0,-0.4705960545468896,52.23529411764706,35.804206128199354,-0.17414976596104856
2024-01-18,TSLA,22.0,-0.8976246314091415,50.55555555555556,35.45871206682369,-0.8053184645212494
2024-01-19,TSLA,14.0,-1.1601142675551857,48.63157894736842,35.46549265963527,-0.9764866169978245
2024-01-20,TSLA,11.0,0.0028460356356805,46.75,35.53037988449943,-1.0061811924391042
2024-01-21,TSLA,5.0,-1.0470026171687237,44.76190476190476,35.80908371056813,-1.1103859870664619
2024-01-22,TSLA,22.0,-0.7957127724209354,43.72727272727273,35.28142883698477,-0.6158274606071648
2024-01-23,TSLA,47.0,0.0184468924149276,43.869565217391305,34.47700728921455,0.09079775272687285
2024-01-24,TSLA,98.0,-0.2769988695348863,46.125,35.48338557936535,1.4619518164063485
2024-01-25,TSLA,123.0,-0.4967342733505842,49.2,37.986839826445156,1.942778086757902
2024-01-26,TSLA,49.0,-0.191953781644357,49.19230769230769,37.21937047374039,-0.005166871171111651
2024-01-27,TSLA,11.0,-1.3562337078705975,47.77777777777778,37.22936530516792,-0.9878701255396516
2024-01-28,TSLA,7.0,-0.0090942076588857,46.32142857142857,37.33735451699868,-1.0531391171146471
2024-01-29,TSLA,26.0,0.6335722180802835,45.62068965517241,36.85823594056349,-0.5323285055424835
2024-01-30,TSLA,39.0,-0.6497956569851999,45.4,36.2373402388504,-0.17661340368293635
2024-01-31,TSLA,47.0,-1.3097042136526214,46.53333333333333,35.71702321199845,0.013065665184267114
2024-02-01,TSLA,57.0,-2.883015760854186,44.5,33.15246909200808,0.3770458232027526
2024-02-02,TSLA,240.0,-1.8831634599821856,49.666666666666664,48.29959186900696,3.940682021693584
2024-02-03,TSLA,66.0,-4.8540981481292,48.666666666666664,47.612902723391336,0.3640469776445239
2024-02-04,TSLA,20.0,-2.642908309085601,45.56666666666667,46.28895998066876,-0.5523275242594313
2024-02-05,TSLA,45.0,-2.6101273036714168,46.266666666666666,46.11001337381429,-0.02747053349123514
2024-02-06,TSLA,39.0,-0.9385331524245648,47.0,45.80242426952439,-0.174663243869451
2024-02-07,TSLA,45.0,-1.3086686031477113,47.166666666666664,45.78516800444661,-0.047322457492265615
2024-02-08,TSLA,29.0,0.0608930782558875,47.233333333333334,45.75623819036409,-0.39848846964812623
2024-02-09,TSLA,29.0,-0.0285110964827163,46.93333333333333,45.84827551627314,-0.391145209528506
2024-02-10,TSLA,12.0,0.988962283274215,45.4,46.2329931452898,-0.7224278102661147
2024-02-11,TSLA,12.0,-0.6988928358046088,44.13333333333333,46.62153811375117,-0.689237949527356
2024-02-12,TSLA,27.0,-0.5817039993448159,44.266666666666666,46.56469976675266,-0.3708102221888504
2024-02-13,TSLA,53.0,-1.2575527032499425,45.56666666666667,46.23380113960014,0.16077703217368683
2024-02-14,TSLA,37.0,-1.626571792423333,45.833333333333336,46.15796216542025,-0.19137182230178534
2024-02-15,TSLA,28.0,-0.5887385581125328,43.53333333333333,45.230241129621206,-0.34342804604595795
2024-02-16,TSLA,18.0,0.1034762098369332,42.6,45.46586442141187,-0.5410652654041431
2024-02-17,TSLA,6.0,2.860825468082377,42.06666666666667,45.808396560044514,-0.7873374615806815
2024-02-18,TSLA,5.0,-2.87162618188142,41.766666666666666,46.027490536172735,-0.7987979843865691
2024-02-19,TSLA,15.0,0.4016381282220085,41.9,45.94100414737324,-0.5855335663475709
2024-02-20,TSLA,28.0,-1.1415482380692157,42.666666666666664,45.49371562006713,-0.32238885012498836
2024-02-21,TSLA,32.0,-1.406989540246632,43.0,45.37354538373274,-0.2424320142270325
2024-02-22,TSLA,21.0,-0.2601069100216116,42.13333333333333,45.54250256880801,-0.4640353986126252
2024-02-23,TSLA,34.0,-0.2696435427629626,40.0,44.317817698046014,-0.1353857277197235
2024-02-24,TSLA,11.0,-0.9056200758166596,36.266666666666666,41.72647661347303,-0.6055307976448778
2024-02-25,TSLA,3.0,-1.1213860214654443,34.733333333333334,42.08606398333294,-0.7540104806641094
2024-02-26,TSLA,30.0,0.2837809516991628,35.36666666666667,41.85894485492695,-0.1282083598921627
2024-02-27,TSLA,52.0,-0.9684037300441836,36.86666666666667,41.612940074082665,0.363668928616718
2024-02-28,TSLA,26.0,0.1725888999151838,36.86666666666667,41.612940074082665,-0.2611367196675112
2024-02-29,TSLA,30.0,-1.2882596461321485,36.56666666666667,41.629468452986046,-0.15774082424527447
2024-03-01,TSLA,29.0,-1.2481094824015129,35.96666666666667,41.603616664182326,-0.16745339048045935
2024-03-02,TSLA,22.0,-0.4712543521245417,34.8,41.48402268260678,-0.30855252630470476
2024-03-03,TSLA,8.0,-1.9839881735783975,27.066666666666666,15.226866757950141,-1.2521726872478027
2024-03-04,TSLA,21.0,-0.1422802063870859,25.566666666666666,13.361507589245699,-0.3417777998601182
2024-03-05,TSLA,69.0,-1.05060624867086,27.2,15.483918242419463,2.6995750911087524
2024-03-06,TSLA,59.0,-0.963798981802796,27.666666666666668,16.231797940087084,1.9303673843764733
2024-03-07,TSLA,28.0,-0.550558154857123,27.3,16.090584096039624,0.043503703521383684
2024-03-08,TSLA,30.0,-0.4217360923781454,26.8,15.751080970020347,0.20316065964556246
2024-03-09,TSLA,5.0,1.452669671423131,26.0,16.237462006538838,-1.2933055665684259
2024-03-10,TSLA,21.0,0.2079673336081116,25.733333333333334,16.252179341040158,-0.29124299172484985
2024-03-11,TSLA,27.0,0.1916699888645258,26.233333333333334,16.04451422703749,0.04778372569078556
2024-03-12,TSLA,32.0,-0.7211090366139367,26.9,15.847005591180176,0.3218273616839299
2024-03-13,TSLA,35.0,-1.7067688537521588,27.166666666666668,15.915906884435527,0.492170090602484
2024-03-14,TSLA,34.0,-1.148541222367407,26.533333333333335,15.215086282197412,0.4907410006214112
2024-03-15,TSLA,32.0,-1.060345240516358,26.366666666666667,15.123590463436463,0.37248650358211943
2024-03-16,TSLA,20.0,-1.2130384046929137,26.1,15.164272894332663,-0.4022612915571937
2024-03-17,TSLA,14.0,-0.4266799863461522,25.966666666666665,15.25526101073811,-0.7844288379099762
2024-03-18,TSLA,29.0,0.7026284062212508,26.733333333333334,14.788003836598893,0.15327739238590693
2024-03-19,TSLA,23.0,-1.7331940298457065,27.333333333333332,14.230451402764286,-0.30451130541730925
2024-03-20,TSLA,20.0,-0.8088572599033946,27.5,14.109791171259445,-0.5315457832768582
2024-03-21,TSLA,18.0,-0.4916670920281111,27.166666666666668,14.215298542193107,-0.6448451743351465
2024-03-22,TSLA,30.0,-0.2056176011288097,27.1,14.196527015800172,0.20427531302355947
2024-03-23,TSLA,6.0,0.0443912836226513,26.6,14.674867090980083,-1.4037605841528749
2024-03-24,TSLA,6.0,-1.67898933349114,25.666666666666668,15.073002431461681,-1.3047610624421244
2024-03-25,TSLA,31.0,-0.6998732139459566,26.333333333333332,14.842467806086422,0.31441312372279606
2024-03-26,TSLA,35.0,-0.4793051585013949,27.4,14.245628488574381,0.5334969956640057
2024-03-27,TSLA,19.0,-1.2081487470997458,27.033333333333335,14.31778092354789,-0.5610739105611839
2024-03-28,TSLA,29.0,-0.4773565187558837,26.266666666666666,13.528853796884292,0.2020373177484425
2024-03-29,TSLA,14.0,-0.68265011795637,25.866666666666667,13.713153346792375,-0.865349228333568
2024-03-30,TSLA,4.0,0.1921460958148733,25.0,14.253856102581597,-1.4732855340244784
2024-03-31,TSLA,1.0,-0.635930047694754,24.066666666666666,14.885617528184763,-1.5495942054800025
2024-04-01,TSLA,29.0,0.2548938433596143,24.3,14.906952786512392,0.3152891182598026
2024-04-02,TSLA,152.0,-1.479173376261374,29.1,27.414255038398256,4.483069112323423
2024-04-03,TSLA,81.0,-1.04113921684486,31.1,28.948646564753833,1.7237420716157177
2024-04-04,TSLA,49.0,-0.8093848664894276,30.433333333333334,28.268031576241768,0.6568079074268214
2024-04-05,TSLA,58.0,-1.0612972474126705,30.4,28.233753338623014,0.9775533443597789
2024-04-06,TSLA,39.0,-0.6537606367374926,30.766666666666666,28.272910555235857,0.2912092590272283
2024-04-07,TSLA,16.0,0.2501492484774004,30.3,28.40125057955649,-0.5034989554401272
2024-04-08,TSLA,57.0,-0.7003125876354783,32.03333333333333,28.390726185381954,0.8793951413444897
2024-04-09,TSLA,90.0,-1.7114042897621011,34.333333333333336,30.20314362872631,1.84307525570689
2024-04-10,TSLA,67.0,-0.8471225682236059,35.666666666666664,30.746273486933873,1.019093691033775
2024-04-11,TSLA,63.0,-0.1531542108718524,36.7,31.13723793477668,0.8446478154257205
2024-04-12,TSLA,51.0,-0.892590323249906,37.233333333333334,31.243960335899544,0.44061849133922576
2024-04-13,TSLA,12.0,-1.3319053238062235,36.5,31.578855867986007,-0.7758355813276184
2024-04-14,TSLA,9.0,0.0756814003284007,35.733333333333334,31.968662816871937,-0.8362355812775635
2024-04-15,TSLA,168.0,-1.0774448959244336,40.666666666666664,39.894112722118,3.1917825625117233
2024-04-16,TSLA,78.0,-1.5183353931599572,42.8,40.129445719983515,0.8771613803395055
2024-04-17,TSLA,184.0,-1.5729593328680709,47.96666666666667,47.57823563087567,2.859150439892629
2024-04-18,TSLA,100.0,-1.4940388570191427,50.53333333333333,48.25702259656161,1.0250666950635956
2024-04-19,TSLA,60.0,-1.11315581714954,51.86666666666667,47.935828752207044,0.16967127814513608
2024-04-20,TSLA,30.0,-0.995944105325742,52.266666666666666,47.69293545121775,-0.4668755750931269
2024-04-21,TSLA,30.0,-1.6898470359043216,52.266666666666666,47.69293545121775,-0.4668755750931269
2024-04-22,TSLA,89.0,-1.2087750662654428,55.03333333333333,47.3224327743002,0.7177709317833981
2024-04-23,TSLA,129.0,-1.226424521022626,59.13333333333333,48.247017655433154,1.448103324554381
2024-04-24,TSLA,94.0,0.7146944365741775,61.233333333333334,48.351217460215594,0.6776802816522205
2024-04-25,TSLA,33.0,-0.9561454181940042,61.166666666666664,48.38999849166136,-0.5820762046835027
2024-04-26,TSLA,34.0,-0.4084474193039043,61.666666666666664,48.01532322465211,-0.576204944767757
2024-04-27,TSLA,6.0,-2.4048761880160936,60.9,48.733158010282615,-1.1265430405395889
2024-04-28,TSLA,16.0,0.5868260246121932,60.96666666666667,48.668111299610395,-0.9239451761306924
2024-04-29,TSLA,110.0,0.6995108098441721,64.5,48.23559281063211,0.9432868417027285
2024-04-30,TSLA,54.0,-0.1211819369955639,66.26666666666667,46.77822462268717,-0.2622302741416442
2024-05-01,TSLA,64.0,-1.2241194555576125,67.43333333333334,46.250206585434874,-0.07423390265276271
2024-05-02,TSLA,41.0,-1.3937582966960405,63.733333333333334,43.616616047124744,-0.5212080943824605
2024-05-03,TSLA,29.0,-0.9383181060526756,62.0,43.938828951795855,-0.7510441399383547
2024-05-04,TSLA,11.0,-1.3374835574500687,60.733333333333334,44.864495857033184,-1.1085231736876162
2024-05-05,TSLA,14.0,-0.2164137521744861,59.266666666666666,45.66892351164678,-0.9911918912457499
2024-05-06,TSLA,15.0,-0.9658979331657228,58.46666666666667,46.242787570591496,-0.9399664023349162
2024-05-07,TSLA,31.0,-1.2458475326501954,58.96666666666667,45.84718494974466,-0.6099974665254213
2024-05-08,TSLA,25.0,-1.3967319211683176,57.9,46.26486713516514,-0.7111227598229342
2024-05-09,TSLA,36.0,-0.7254802266095978,56.1,46.02274550098328,-0.4367405677605775
2024-05-10,TSLA,26.0,-2.223939542480861,54.733333333333334,46.295850214964595,-0.6206459801454434
2024-05-11,TSLA,8.0,-2.450246075631453,52.9,47.04022489976733,-0.9545022392148912
2024-05-12,TSLA,5.0,-2.565038271996978,51.36666666666667,47.847086412454836,-0.9690593543559466
2024-05-13,TSLA,26.0,0.1108160858506942,51.833333333333336,47.51702659144357,-0.5436647700086765
2024-05-14,TSLA,42.0,-1.6817698041599145,52.93333333333333,46.86880687057507,-0.23327526479444985
2024-05-15,TSLA,50.0,0.0760181435863759,49.0,41.526061613202,0.02408126273361977
2024-05-16,TSLA,38.0,-1.7981388168671388,47.666666666666664,41.203727093999426,-0.23460660839282277
2024-05-17,TSLA,26.0,0.4688718045802612,42.4,32.315897657024955,-0.5074901577562987
2024-05-18,TSLA,10.0,0.4153902185555738,39.4,30.932183886689934,-0.950466352705564
2024-05-19,TSLA,5.0,1.3339485841369283,37.56666666666667,31.29689125614317,-1.0405719341301753
2024-05-20,TSLA,40.0,-2.5018834498236706,37.9,31.266761022331472,0.06716397641892395
2024-05-21,TSLA,32.0,-0.6694681152615033,37.96666666666667,31.251464333507734,-0.190924386870065
2024-05-22,TSLA,26.0,-1.028485415545522,35.86666666666667,29.786288599047506,-0.3312486090322169
2024-05-23,TSLA,27.0,-0.6080258841723408,32.46666666666667,24.05988696813725,-0.2272108208116784
2024-05-24,TSLA,18.0,-0.5287389099004705,29.933333333333334,21.187070444565688,-0.5632365911349551
2024-05-25,TSLA,15.0,-1.4468022010062922,29.333333333333332,21.35146499590285,-0.6713044437973584
2024-05-26,TSLA,7.0,-1.0765824941465385,28.433333333333334,21.71394488108623,-0.9870768969300773
2024-05-27,TSLA,18.0,-1.0094288379237972,28.833333333333332,21.394622807085703,-0.5063577624628853
2024-05-28,TSLA,22.0,-1.0413768001130228,29.033333333333335,21.29834595056352,-0.33022908678724155
2024-05-29,TSLA,21.0,-0.1399428009517271,26.066666666666666,14.855472307243037,-0.34106399055359066
2024-05-30,TSLA,21.0,-1.4060551342544347,24.966666666666665,13.907287430630076,-0.2852221676191353
2024-05-31,TSLA,35.0,-1.1076224422458976,24.0,11.974110002201748,0.9186486509625656
2024-06-01,TSLA,9.0,-2.2444399104986377,22.933333333333334,11.83196527626966,-1.177600931713196
2024-06-02,TSLA,6.0,-0.9998431550504148,22.166666666666668,12.165761263744953,-1.3288660130825325
2024-06-03,TSLA,18.0,-0.8971619619250708,22.4,12.010340372448622,-0.3663509828658539
2024-06-04,TSLA,18.0,0.9010848280184758,22.533333333333335,11.935843825054528,-0.3798083654393513
2024-06-05,TSLA,12.0,-0.2637282299145073,22.433333333333334,12.013450316447289,-0.8684710102849753
2024-06-06,TSLA,7.0,0.2752851592913662,21.633333333333333,12.220625113345058,-1.1974291983929342
2024-06-07,TSLA,8.0,-0.8051458443662105,21.066666666666666,12.451099752932334,-1.049438758499173
2024-06-08,TSLA,6.0,-0.6374446831881898,20.066666666666666,12.415044636783781,-1.1330339179763715
2024-06-09,TSLA,9.0,-0.1729110721448738,19.5,12.52239373393069,-0.8384978322115196
2024-06-10,TSLA,14.0,-0.6415972731607948,19.7,12.37948804021925,-0.46043907320573235
2024-06-11,TSLA,60.0,-1.1624502583565404,21.533333333333335,14.082841928446458,2.7314562545054497
2024-06-12,TSLA,40.0,-1.0507003915868056,22.0,14.462794121230647,1.2445727878803803
2024-06-13,TSLA,135.0,-0.801330331133379,25.1,25.014961040586677,4.393370824031574
2024-06-14,TSLA,69.0,0.3634669807113801,25.733333333333334,25.89226130337594,1.6710269589711495
2024-06-15,TSLA,14.0,0.0020656642027891,24.933333333333334,25.870944071031442,-0.4226105279851674
2024-06-16,TSLA,2.0,0.4684781153794669,24.133333333333333,26.20572895160632,-0.8445990330666469
2024-06-17,TSLA,34.0,0.3493962529693337,24.933333333333334,26.1256028913551,0.3470414330482993
2024-06-18,TSLA,17.0,-0.892791690315826,25.333333333333332,25.90078328376661,-0.3217405914730105
2024-06-19,TSLA,13.0,-1.0308424298862136,24.433333333333334,25.842604936133235,-0.44242185962248726
2024-06-20,TSLA,17.0,0.3009487082327047,23.933333333333334,25.836266055259635,-0.26835663166279694
2024-06-21,TSLA,28.0,-0.5460355136753745,24.0,25.84436175421554,0.1547726362152298
2024-06-22,TSLA,6.0,-0.6061102406339217,23.3,26.04392840753008,-0.6642623082544664
2024-06-23,TSLA,3.0,0.1181531338232386,22.8,26.2919943236956,-0.7530809476158792
2024-06-24,TSLA,24.0,-0.3829584774269248,23.1,26.2512397080004,0.034284095151731524
2024-06-25,TSLA,24.0,0.4309965417826839,23.666666666666668,26.07460560528701,0.012783830305212513
2024-06-26,TSLA,26.0,-0.42592907894624,23.933333333333334,26.05555514708886,0.07931769847158951
2024-06-27,TSLA,19.0,-0.6584537073666601,23.833333333333332,26.0689845222822,-0.1854055085729208
2024-06-28,TSLA,22.0,-0.6691711407971326,23.866666666666667,26.065875873591352,-0.07161342575707885
2024-06-29,TSLA,5.0,0.5677801994387786,23.333333333333332,26.289283687114978,-0.6973690706650538
2024-06-30,TSLA,4.0,-0.9247989983206774,22.3,26.42380066113334,-0.6925574498038579
2024-07-01,TSLA,17.0,-0.1308473171666901,22.566666666666666,26.325133307889654,-0.2114582517611918
2024-07-02,TSLA,39.0,-0.5971399533489525,23.666666666666668,26.29846374604987,0.5830505341072045
2024-07-03,TSLA,62.0,0.2411962773162055,25.133333333333333,27.183581928009083,1.3562107732638593
2024-07-04,TSLA,39.0,0.624893741542101,25.833333333333332,27.263823868893066,0.48293543598223243
2024-07-05,TSLA,33.0,0.4822057731536586,26.533333333333335,27.165816924867226,0.23804425556395342
2024-07-06,TSLA,5.0,1.0605523320855077,26.466666666666665,27.217810260972488,-0.78869925467324
2024-07-07,TSLA,9.0,-0.8390684782023901,26.5,27.19501729209308,-0.643500234327415
2024-07-08,TSLA,30.0,-0.0786648111123496,27.3,26.92281432232676,0.10028669245625343
2024-07-09,TSLA,31.0,-0.229891560070702,28.033333333333335,26.705912212962076,0.11108651309153758
2024-07-10,TSLA,16.0,0.688369238348881,28.1,26.672147425279846,-0.45365676063006566
2024-07-11,TSLA,28.0,-0.612797862803605,27.033333333333335,25.983394343487834,0.037203248116385486
2024-07-12,TSLA,37.0,-0.3549022881345653,26.933333333333334,25.937502250380742,0.3881124161259165
2024-07-13,TSLA,20.0,-0.5715667291523521,23.1,16.015832683682866,-0.19355846562747378
2024-07-14,TSLA,6.0,-0.8934852206540227,21.0,13.761515554066994,-1.089996224693943
2024-07-15,TSLA,14.0,-0.708048034229626,21.0,13.761515554066994,-0.5086649048571734
2024-07-16,TSLA,28.0,-0.3852950764251979,21.866666666666667,13.335804368725562,0.4599147650753567
2024-07-17,TSLA,29.0,0.622438528097528,21.7,13.20958377271124,0.552629070348194
2024-07-18,TSLA,28.0,0.2403324621376523,22.066666666666666,13.227279370310063,0.4485679305036293
2024-07-19,TSLA,32.0,-0.8783212105844335,22.7,13.233056831414597,0.7027854651029896
2024-07-20,TSLA,1.0,-1.02880658436214,22.166666666666668,13.781755389252693,-1.5358469272479531
2024-07-21,TSLA,9.0,-0.5289809885533919,21.533333333333335,13.94010174932771,-0.8990847813530329
2024-07-22,TSLA,30.0,-0.1499261170652354,22.333333333333332,13.704601123492186,0.5594228243188051
2024-07-23,TSLA,74.0,0.2730596992310853,24.7,16.161149668903196,3.050525551091306
2024-07-24,TSLA,138.0,0.5128446565294548,28.5,26.246510441291576,4.171983176389507
2024-07-25,TSLA,73.0,0.8527763455205484,30.133333333333333,27.453701883834118,1.5614166296425163
2024-07-26,TSLA,11.0,-1.6206476624054948,29.633333333333333,27.667338310639906,-0.6734776263666676
2024-07-27,TSLA,11.0,0.3344820887783721,29.366666666666667,27.8115373396618,-0.6603973898441823
2024-07-28,TSLA,10.0,0.2422712758897595,28.966666666666665,28.0067520594506,-0.6772176447452981
2024-07-29,TSLA,36.0,0.2908016381229553,30.0,27.661750013206028,0.2169060163270774
2024-07-30,TSLA,19.0,-0.3979502995445659,30.5,27.308897122896887,-0.4211081812731988
2024-07-31,TSLA,11.0,-0.1582212489044646,30.3,27.43286476045689,-0.7035357104891207
2024-08-01,TSLA,6.0,0.7797824314208713,29.2,27.731968357213983,-0.8365796362220689
2024-08-02,TSLA,21.0,-0.9351706458313044,27.833333333333332,27.061976548519954,-0.2525068086243336
2024-08-03,TSLA,10.0,-1.5729851530179526,26.866666666666667,27.167086238914987,-0.6208493070746146
2024-08-04,TSLA,5.0,-1.9763209673599664,25.933333333333334,27.428821153761927,-0.7631874959548627
2024-08-05,TSLA,14.0,-1.1302242144362424,26.233333333333334,27.240541962978305,-0.44908553397943557
2024-08-06,TSLA,23.0,-1.0359046149174922,26.7,27.05441515372944,-0.1367614113620917
2024-08-07,TSLA,26.0,-1.7260017482474568,26.566666666666666,27.047446604367153,-0.02095083779831442
2024-08-08,TSLA,17.0,-0.187595582941889,26.1,27.089061286418005,-0.33592895315876403
2024-08-09,TSLA,14.0,0.2190293056452212,26.033333333333335,27.117221062655364,-0.4437524518286687
2024-08-10,TSLA,9.0,-1.955507094539152,25.4,27.291024165465103,-0.6009301776498758
2024-08-11,TSLA,2.0,-2.92473694792574,24.233333333333334,27.52514002386425,-0.8077464206923951
2024-08-12,TSLA,39.0,-1.1194074470757824,24.866666666666667,27.64271224445758,0.5112860564602193
2024-08-13,TSLA,68.0,-2.260069954160601,26.933333333333334,28.488271432212283,1.4415289030218845
2024-08-14,TSLA,84.0,-3.480014278435731,29.266666666666666,30.207253448791736,1.811926841548801
2024-08-15,TSLA,12.0,-0.8755091048730999,28.733333333333334,30.371190220376594,-0.5509607365373067
2024-08-16,TSLA,13.0,-0.1977127211871302,28.2,30.50652841380135,-0.4982540062842228
2024-08-17,TSLA,13.0,0.5272152536666598,27.7,30.632583508639836,-0.47988116953484855
2024-08-18,TSLA,3.0,1.1623666494332434,26.733333333333334,30.948158357923763,-0.766873849450134
2024-08-19,TSLA,3.0,0.389743648654335,26.8,30.89291850559127,-0.7704030940195071
2024-08-20,TSLA,20.0,-0.3893326679823851,27.166666666666668,30.73926314748899,-0.23314373647411565
2024-08-21,TSLA,70.0,0.126610898702575,28.5,31.718318431750617,1.3083921863416863
2024-08-22,TSLA,48.0,-0.1912876196418308,27.633333333333333,30.77334643120102,0.6618281411870421
2024-08-23,TSLA,18.0,0.5115531566676528,23.633333333333333,22.663175863719655,-0.24856769268385967
2024-08-24,TSLA,4.0,1.1854743899460725,21.333333333333332,20.914165028768775,-0.8287843817570637
2024-08-25,TSLA,5.0,0.851313285876072,21.133333333333333,21.044670606106912,-0.7666232290018182
2024-08-26,TSLA,15.0,-0.0919231179789389,21.266666666666666,20.990857342043537,-0.29854267334354545
2024-08-27,TSLA,14.0,-2.4297604116867584,21.4,20.929438103072545,-0.35356897607841853
2024-08-28,TSLA,43.0,-0.8091554875875134,21.633333333333333,21.135822399560116,1.010921943927356
2024-08-29,TSLA,16.0,-0.3402598165566954,21.533333333333335,21.15579863989904,-0.2615516165339973
2024-08-30,TSLA,27.0,-1.532492829951076,22.066666666666666,21.08265070904369,0.23399967117119258
2024-08-31,TSLA,4.0,0.6378136342436751,22.0,21.138296672317207,-0.8515350256945191
2024-09-01,TSLA,8.0,0.0335596633793298,21.566666666666666,21.292192730303,-0.6371662533074208
2024-09-02,TSLA,9.0,0.7469673722195405,21.533333333333335,21.311698800122116,-0.5880963995822576
2024-09-03,TSLA,49.0,1.4146242789612633,23.0,21.646055625400464,1.2011426215448888
2024-09-04,TSLA,17.0,1.1354772450491997,23.1,21.609943432883252,-0.2822774626386944
2024-09-05,TSLA,14.0,-0.4381120235742773,22.8,21.673756576512787,-0.4060209852839402
2024-09-06,TSLA,10.0,-0.3789769462258524,22.266666666666666,21.7888508872888,-0.5629790542934416
2024-09-07,TSLA,14.0,0.9528944917092044,22.166666666666668,21.820716719689106,-0.3742620726704995
2024-09-08,TSLA,8.0,0.86910803412647,21.966666666666665,21.92539597146987,-0.6370086398822901
2024-09-09,TSLA,12.0,-0.2145952022321937,22.066666666666666,21.870990601366405,-0.4602748384902943
2024-09-10,TSLA,10.0,-1.782450556141855,22.333333333333332,21.665694054208714,-0.5692563230365332
2024-09-11,TSLA,14.0,0.1506690397994395,21.5,21.48255105894084,-0.34912054808679577
2024-09-12,TSLA,21.0,-0.2768542753823263,19.933333333333334,19.606355994990476,0.054404126240450046
2024-09-13,TSLA,5.0,-0.2000630575804338,17.3,15.60095045734118,-0.7884135029870643
2024-09-14,TSLA,6.0,0.3530363356462155,17.1,15.70932075618452,-0.7065868838173732
2024-09-15,TSLA,2.0,-2.42003367003367,16.733333333333334,15.935069399962126,-0.9245854513422045
2024-09-16,TSLA,8.0,-1.0289688244679638,16.566666666666666,16.001472633379148,-0.5353673916734738
2024-09-17,TSLA,18.0,0.95171687598903,17.066666666666666,15.795969222499803,0.059086803740025784
2024-09-18,TSLA,14.0,-0.6757804467509548,17.433333333333334,15.584438156176125,-0.22030523647544528
2024-09-19,TSLA,34.0,1.555085756545056,17.9,15.870923315817258,1.0144337339185832
2024-09-20,TSLA,9.0,-1.0447402882081822,15.866666666666667,12.519593838661763,-0.5484735970796202
2024-09-21,TSLA,6.0,1.0000814819428834,14.466666666666667,11.066361995529158,-0.765081304053421
2024-09-22,TSLA,6.0,0.5307024086100538,14.066666666666666,11.15079503376587,-0.7234162803853793
2024-09-23,TSLA,9.0,0.4062685626896439,14.233333333333333,11.031876488185265,-0.4743828793712512
2024-09-24,TSLA,8.0,0.6303294859940234,14.333333333333334,10.958647454087965,-0.5779302016847686
2024-09-25,TSLA,6.0,-0.0251954710217733,14.033333333333333,11.062466312696296,-0.7261792358285916
2024-09-26,TSLA,10.0,-2.611516862882823,13.9,11.086960343357081,-0.35176458463087623
2024-09-27,TSLA,16.0,0.2538993486851494,13.0,9.645438443047617,0.311027851944085
2024-09-28,TSLA,4.0,0.1163497855450996,12.6,9.764820742744394,-0.8807125319110546
2024-09-29,TSLA,12.0,-0.6722411544881111,12.1,9.378441896914074,-0.010662751990061815
2024-09-30,TSLA,20.0,-1.5583491568120449,12.633333333333333,9.356846408520545,0.7873022966325944
2024-10-01,TSLA,28.0,-1.708636906911683,13.3,9.720756320795003,1.512228011369158
2024-10-02,TSLA,57.0,-0.4511160919182966,14.9,12.532303088006422,3.359318690615634
2024-10-03,TSLA,41.0,-0.3569565853140219,14.633333333333333,11.848129005017643,2.225386527737879
2024-10-04,TSLA,44.0,-0.977412417821784,15.533333333333333,13.003271029678054,2.189192750169991
2024-10-05,TSLA,8.0,0.48066534211223,15.333333333333334,13.073620012448167,-0.5609259964991207
2024-10-06,TSLA,9.0,-0.4924010385734133,15.3,13.088952962524258,-0.48132192223762255
2024-10-07,TSLA,23.0,0.3826856739893751,15.6,13.161071122953802,0.5622642664010756
2024-10-08,TSLA,28.0,-0.4151909732398319,16.266666666666666,13.268924893000642,0.8842715915531836
2024-10-09,TSLA,17.0,0.3641840559088803,16.433333333333334,13.24486454372446,0.042783877841556205
2024-10-10,TSLA,22.0,-0.082818987306709,16.833333333333332,13.2250632834242,0.39067235868295425
2024-10-11,TSLA,116.0,0.1794865566707248,20.233333333333334,22.40025143537046,4.275249630254111
2024-10-12,TSLA,21.0,0.0102216468025202,20.233333333333334,22.40025143537046,0.03422580629858838
2024-10-13,TSLA,10.0,0.5299929008083409,20.4,22.30138390633934,-0.466338772682341
2024-10-14,TSLA,19.0,-0.0287771168561226,20.833333333333332,22.13763114345522,-0.08281524438875384
2024-10-15,TSLA,27.0,-0.0127222671376316,21.666666666666668,21.87319779111403,0.24382961212466128
2024-10-16,TSLA,19.0,0.8746555681189795,22.033333333333335,21.72791519797919,-0.13960535586108375
2024-10-17,TSLA,25.0,-0.3607088288541714,22.266666666666666,21.720693031004483,0.12584006087797145
2024-10-18,TSLA,32.0,-0.1752739788930617,22.866666666666667,21.73307241927863,0.4202504439837728
2024-10-19,TSLA,5.0,-2.1459117293148657,21.9,21.865340231706345,-0.7729127386499004
2024-10-20,TSLA,2.0,1.485148514851485,21.666666666666668,22.044364880588102,-0.8921403167294153
2024-10-21,TSLA,32.0,0.4918193425306765,22.533333333333335,21.917924224224585,0.4319143806603601
2024-10-22,TSLA,27.0,-1.1831746618450292,23.233333333333334,21.706003195260156,0.1735311025610268
2024-10-23,TSLA,44.0,0.3047445916779904,24.4,21.85469254432322,0.8968325662898022
2024-10-24,TSLA,88.0,0.95191303288372,27.066666666666666,24.504655902900183,2.486602283859115
2024-10-25,TSLA,63.0,0.9469716158000668,28.966666666666665,25.019279922013993,1.3602842863350373
2024-10-26,TSLA,4.0,-0.519318861600742,28.766666666666666,25.199457209990886,-0.9828254021617326
2024-10-27,TSLA,15.0,-1.8930729005972664,28.733333333333334,25.21758189798558,-0.5445935850982753
2024-10-28,TSLA,21.0,-0.2514351010395335,29.3,24.830667912191124,-0.33426406528214836
2024-10-29,TSLA,15.0,0.2936245931142718,29.4,24.76454640450114,-0.5814764286327769
2024-10-30,TSLA,17.0,0.0497155380925745,29.3,24.80982841953763,-0.49577126419438694
2024-10-31,TSLA,15.0,0.2463861385286754,28.866666666666667,24.946471429474947,-0.5558568355395872
2024-11-01,TSLA,9.0,-0.000281878942117,27.266666666666666,24.61697386558411,-0.7420354250854722
2024-11-02,TSLA,5.0,2.7621420092815883,26.066666666666666,24.801186475140923,-0.8494217277783265
2024-11-03,TSLA,6.0,0.6464311681679175,24.8,24.824070632324204,-0.7573294597188234
2024-11-04,TSLA,15.0,0.2249275742334889,25.033333333333335,24.69326773159778,-0.40631857404982374
2024-11-05,TSLA,8.0,0.5975971773276975,25.0,24.7163215653976,-0.687804613442143
2024-11-06,TSLA,92.0,0.6770968793179581,27.3,27.56953591094395,2.3467932216558207
2024-11-07,TSLA,38.0,0.8567258850024404,27.633333333333333,27.638657751396885,0.3750785135773363
2024-11-08,TSLA,40.0,0.7678722853552675,28.4,27.65252373591817,0.4194915484308086
2024-11-09,TSLA,19.0,0.2111930532513062,28.3,27.68187506106753,-0.3359599008189929
2024-11-10,TSLA,8.0,-0.7655054866148611,24.7,22.402509095927268,-0.7454522137895717
2024-11-11,TSLA,44.0,0.062992477310513,25.466666666666665,22.663556243652405,0.8177592754678181
2024-11-12,TSLA,48.0,0.3009231784777901,26.733333333333334,22.830610627164486,0.9314979355551272
2024-11-13,TSLA,42.0,-0.0170265926954962,27.5,22.9478419088999,0.6318676962114002
2024-11-14,TSLA,26.0,-0.3508512941716555,27.466666666666665,22.94931947504798,-0.06390893935923993
2024-11-15,TSLA,24.0,0.0656772851743986,27.633333333333333,22.90382189660199,-0.15863436895972258
2024-11-16,TSLA,9.0,0.6464657107344594,27.1,23.152195099623597,-0.7817833221478971
2024-11-17,TSLA,32.0,0.6639315035610547,27.1,23.152195099623597,0.21164299881351906
2024-11-18,TSLA,74.0,-0.1064285333334894,29.4,24.280828253781944,1.8368401412770248
2024-11-19,TSLA,24.0,0.8259077765719428,30.133333333333333,23.751200816587897,-0.25823255761661523
2024-11-20,TSLA,18.0,0.4415919528989419,29.666666666666668,23.850588561137105,-0.489156342484424
2024-11-21,TSLA,23.0,-0.0509961181810468,29.533333333333335,23.87717613600665,-0.2736225295704505
2024-11-22,TSLA,11.0,-0.1636957124474988,28.433333333333334,23.947764035476276,-0.7279733217475983
2024-11-23,TSLA,14.0,1.3143913199997352,25.966666666666665,21.261075545073762,-0.5628438994676997
2024-11-24,TSLA,11.0,1.2570781594969258,24.233333333333334,20.232584394099735,-0.6540604539473693
2024-11-25,TSLA,21.0,0.0979600348896588,24.8,19.881372324797944,-0.19113368724855467
2024-11-26,TSLA,38.0,-0.0245846296132492,25.566666666666666,19.933827310989933,0.6237303624316329
2024-11-27,TSLA,38.0,-0.607315241762715,26.133333333333333,20.040877765437216,0.592123099874003
2024-11-28,TSLA,11.0,-2.5454510300041604,26.0,20.130608021377427,-0.7451339762848173
2024-11-29,TSLA,8.0,0.2164183148199487,25.7,20.335377700128827,-0.870404290542775
2024-11-30,TSLA,10.0,-2.016695407921411,25.533333333333335,20.44628510787825,-0.759714209763617
2024-12-01,TSLA,8.0,1.9034509083371316,25.5,20.47496368570735,-0.8547023705939933
2024-12-02,TSLA,23.0,-0.2875778818116841,26.1,20.11407124549791,-0.15412096149822815
2024-12-03,TSLA,45.0,-0.3859341793383692,27.4,20.030321842233302,0.8786678585908169
2024-12-04,TSLA,17.0,0.6418478370812343,27.466666666666665,19.99091747792471,-0.5235711006373094
2024-12-05,TSLA,15.0,0.0192757319553761,27.7,19.795767572718763,-0.6415512787441651
2024-12-06,TSLA,18.0,2.1345063765509806,25.233333333333334,15.692483009023968,-0.46094256270176004
2024-12-07,TSLA,6.0,0.3808331726771944,24.166666666666668,15.881204100387386,-1.1439099045533665
2024-12-08,TSLA,6.0,0.2132522274734578,23.033333333333335,15.925436892904546,-1.0695677266425516
2024-12-09,TSLA,14.0,1.8505231495263117,22.866666666666667,15.995114196557639,-0.5543359401944684
2024-12-10,TSLA,13.0,0.0973613663084627,23.033333333333335,15.860345983383965,-0.6326049471962794
2024-12-11,TSLA,26.0,1.2212819449796313,22.433333333333334,15.372800281853246,0.23201151392547018
2024-12-12,TSLA,39.0,1.5225428558547045,22.133333333333333,14.938340703990718,1.1290856863480696
2024-12-13,TSLA,29.0,0.4062982542041393,21.7,14.525008160719418,0.5025814732236566
2024-12-14,TSLA,7.0,2.299042815791592,21.066666666666666,14.74363295269108,-0.9540841603832215
2024-12-15,TSLA,5.0,-2.081610984278444,20.433333333333334,15.018800478603213,-1.027600929602913
2024-12-16,TSLA,14.0,0.9622733085182004,20.6,14.914931190380774,-0.4425095842384175
2024-12-17,TSLA,23.0,0.3110114165646322,20.3,14.767508603174326,0.1828338193362979
2024-12-18,TSLA,44.0,-0.7226721616271635,19.3,11.703668743986462,2.110449342022882
2024-12-19,TSLA,22.0,-0.5164851749208137,19.233333333333334,11.681648836539729,0.2368387121869854
2024-12-20,TSLA,18.0,0.1552100728551648,19.233333333333334,11.681648836539729,-0.10557870302311409
2024-12-21,TSLA,11.0,0.1106652667979615,18.833333333333332,11.753453882196487,-0.6664707593058117
2024-12-22,TSLA,9.0,-0.6717607912533355,18.766666666666666,11.80497654654036,-0.8273346946656108
2024-12-23,TSLA,18.0,-0.4741718714857798,18.9,11.771824925174755,-0.07645373641900624
2024-12-24,TSLA,12.0,1.02488835760737,18.933333333333334,11.750079481267013,-0.5900669305588144
2024-12-25,TSLA,5.0,-0.0505217454644225,18.4,12.013211118569027,-1.1154386506441554
2024-12-26,TSLA,10.0,1.1260222454998972,17.466666666666665,11.515307153983121,-0.6484122886886227
2024-12-27,TSLA,12.0,0.3023818665962908,16.6,10.877372907982448,-0.4228962304514038
2024-12-28,TSLA,13.0,0.3863616534044864,16.666666666666668,10.847956531971374,-0.3380052875267498
2024-12-29,TSLA,119.0,0.4374122166742863,20.366666666666667,21.494960649727496,4.588672430744076
2024-12-30,TSLA,15.0,0.1021046456147619,20.533333333333335,21.431097825892834,-0.2581917817876795
2024-12-31,TSLA,25.0,0.5308492224363353,21.1,21.312696555873888,0.18298951471371364
2024-01-01,UNH,8.0,2.505660619406729,,,
2024-01-02,UNH,17.0,-0.4154444677693931,,,
2024-01-03,UNH,97.0,-1.2830345753012928,,,
2024-01-04,UNH,16.0,1.5777581854707177,,,
2024-01-05,UNH,27.0,1.2820266500548902,,,
2024-01-06,UNH,24.0,1.6055972205297355,,,
2024-01-07,UNH,22.0,1.87663784170766,,,
2024-01-08,UNH,70.0,-1.1574908210749062,,,
2024-01-09,UNH,108.0,-2.111165837839484,,,
2024-01-10,UNH,97.0,-0.0827211526415296,48.6,39.66582632163079,1.2201939172412057
2024-01-11,UNH,69.0,0.355689043062101,50.45454545454545,38.12968302087925,0.4863784085301557
2024-01-12,UNH,138.0,1.15458063381506,57.75,44.27625055982455,1.8124840966732032
2024-01-13,UNH,36.0,0.2476202793193208,56.07692307692308,42.818340187474064,-0.4688860658544704
2024-01-14,UNH,12.0,1.5157806807719352,52.92857142857143,42.79191923305557,-0.9564556150347947
2024-01-15,UNH,75.0,-1.0884438394190874,54.4,41.627257553537824,0.4948680554683633
2024-01-16,UNH,50.0,1.2078131213724526,54.125,40.230792518500884,-0.1025334014512153
2024-01-17,UNH,31.0,2.36933441100577,52.76470588235294,39.35500192441348,-0.5530353149049505
2024-01-18,UNH,56.0,1.2686322807321275,52.94444444444444,38.187574545566555,0.08001439190408852
2024-01-19,UNH,30.0,2.117859794681264,51.73684210526316,37.483095605090455,-0.5799105371198624
2024-01-20,UNH,13.0,2.437978515977272,49.8,37.497508689174765,-0.9813985325010103
2024-01-21,UNH,33.0,1.9339664455377663,49.0,36.731457907357836,-0.4355939271551476
2024-01-22,UNH,32.0,2.6780508198469617,48.22727272727273,36.02899866203257,-0.4503947744840619
2024-01-23,UNH,15.0,2.430286008926508,46.78260869565217,35.87599415377557,-0.8859018250315828
2024-01-24,UNH,29.0,2.6242926280389085,46.041666666666664,35.27467273032996,-0.48311338837777096
2024-01-25,UNH,82.0,1.0716375074545652,47.48,35.27288855008428,0.9786553191124326
2024-01-26,UNH,15.0,0.8454203458467511,46.23076923076923,35.14234789231669,-0.8886933032040621
2024-01-27,UNH,9.0,0.8421271695698159,44.851851851851855,35.19692261865179,-1.0186075709031732
2024-01-28,UNH,24.0,1.6991026043556257,44.107142857142854,34.76304901356578,-0.5784056182556465
2024-01-29,UNH,35.0,2.0794391383122104,43.793103448275865,34.178501294511385,-0.25727001229535834
2024-01-30,UNH,9.0,2.1759006966563077,42.63333333333333,34.179529398238614,-0.9840197897829035
2024-01-31,UNH,34.0,3.1978005942712446,43.5,33.59572017077627,-0.2827741138367891
2024-02-01,UNH,21.0,2.6220483327983466,43.63333333333333,33.49470707886323,-0.6757286540838584
2024-02-02,UNH,17.0,2.3397248998446627,40.96666666666667,32.26130738242002,-0.7428919845860522
2024-02-03,UNH,10.0,2.215369241879485,40.766666666666666,32.43952817945642,-0.9484313858224006
2024-02-04,UNH,14.0,2.099468907455633,40.333333333333336,32.715422212997844,-0.8049210907897468
2024-02-05,UNH,20.0,2.0171339004411664,40.2,32.79234561653806,-0.6159974109876606
2024-02-06,UNH,29.0,2.166444902662321,40.43333333333333,32.683100487427204,-0.34982401188441703
2024-02-07,UNH,22.0,2.9103975999789804,38.833333333333336,32.3590666645733,-0.5202045382774425
2024-02-08,UNH,63.0,1.9073033198872844,37.333333333333336,29.999233706688337,0.8555774096637767
2024-02-09,UNH,12.0,1.3876565496334554,34.5,28.1250287356175,-0.7999991826321595
2024-02-10,UNH,7.0,2.6678867508692816,32.43333333333333,27.77828888418675,-0.915583153424964
2024-02-11,UNH,11.0,2.535659857921351,28.2,19.61245206143456,-0.8769938580919034
2024-02-12,UNH,27.0,2.233348627564899,27.9,19.557783528603743,-0.0460174844804743
2024-02-13,UNH,51.0,-0.0385032389907619,29.2,19.759589553185172,1.1032617829091456
2024-02-14,UNH,32.0,1.0248299163909973,27.766666666666666,17.783532354077057,0.23804794509021146
2024-02-15,UNH,10.0,2.2491418504833507,26.433333333333334,17.55716443474018,-0.9359901705321428
2024-02-16,UNH,13.0,1.7822871406466114,25.833333333333332,17.702685035645413,-0.7249371102458554
2024-02-17,UNH,3.0,1.2173821035704022,24.066666666666666,17.226549944446376,-1.2229185028113128
2024-02-18,UNH,12.0,2.454127339952614,23.466666666666665,17.32594891332438,-0.6618204130711894
2024-02-19,UNH,6.0,2.517024795546343,23.233333333333334,17.51783983953723,-0.9837590417077695
2024-02-20,UNH,9.0,2.08637624131795,22.433333333333334,17.60423799550263,-0.7630738312425202
2024-02-21,UNH,75.0,-0.6076928724098243,23.866666666666667,19.997815972704633,2.5569458886473457
2024-02-22,UNH,53.0,-1.592830123057658,25.133333333333333,20.610899917332542,1.3520354171062883
2024-02-23,UNH,301.0,-3.1461235116066426,34.2,54.43781647043684,4.901004803249028
2024-02-24,UNH,107.0,1.107032693519388,35.03333333333333,55.37800094356735,1.2995533504361039
2024-02-25,UNH,21.0,0.0930600726777737,35.233333333333334,55.31395242914154,-0.2573190435372805
2024-02-26,UNH,55.0,-0.0161989560506149,36.766666666666666,55.19912751267831,0.3303192306643877
2024-02-27,UNH,84.0,0.3252654790743761,38.766666666666666,55.80426589387251,0.8105712459215434
2024-02-28,UNH,81.0,-0.0401139755524327,40.3,56.326725450713,0.7225699643344847
2024-02-29,UNH,158.0,-1.8904566979693715,45.266666666666666,59.92577784705604,1.8812160206089266
2024-03-01,UNH,236.0,-1.9620430676784557,52.0,69.24070957225211,2.6573962216259135
2024-03-02,UNH,60.0,-1.0120507255678453,53.3,69.00432270317663,0.0970953664572606
2024-03-03,UNH,16.0,0.3842908491285612,53.266666666666666,69.0227015795045,-0.5399189804783384
2024-03-04,UNH,47.0,-0.2944512375370022,54.5,68.55189325587965,-0.10940616872542365
2024-03-05,UNH,90.0,-1.7012990546794131,57.03333333333333,68.4077447386616,0.48191424512837494
2024-03-06,UNH,110.0,-1.7072696956179736,60.03333333333333,68.70049105548203,0.7273116377918455
2024-03-07,UNH,59.0,-0.6327005505361102,61.03333333333333,68.45108161828155,-0.029704911672137548
2024-03-08,UNH,109.0,-1.5063553076107556,63.93333333333333,68.58316538854592,0.6571097500581864
2024-03-09,UNH,87.0,-1.2416308194055683,64.73333333333333,68.71175843424788,0.324059042790678
2024-03-10,UNH,104.0,-1.3689605716891902,67.8,68.32902145072613,0.5297895276621923
2024-03-11,UNH,70.0,0.1524336885554496,69.9,67.35717968540854,0.0014846227301535478
2024-03-12,UNH,61.0,0.425467124969803,71.56666666666666,66.46216623184866,-0.15898769579380814
2024-03-13,UNH,167.0,-0.0701069445459318,76.23333333333333,68.11941003112479,1.3324640748531733
2024-03-14,UNH,99.0,-0.5835831784879412,77.83333333333333,68.06998595934735,0.3109544738162249
2024-03-15,UNH,69.0,-0.3259658120119039,79.06666666666666,67.54407671180778,-0.1490384820806478
2024-03-16,UNH,21.0,0.6870497970586179,79.43333333333334,67.18511911044779,-0.8697362467613237
2024-03-17,UNH,23.0,0.770741122999385,79.76666666666667,66.86820972079607,-0.8489335500934188
2024-03-18,UNH,86.0,1.0187893467929272,82.53333333333333,65.28068486230788,0.05310401804115066
2024-03-19,UNH,56.0,0.1325877733626026,84.0,64.12541590911704,-0.43664434145243647
2024-03-20,UNH,96.0,0.8431834306584032,87.0,62.43341280502579,0.1441535805211583
2024-03-21,UNH,63.0,0.9300111776587416,88.8,60.86582190246073,-0.4238832105371921
2024-03-22,UNH,45.0,0.7005788472661894,87.8,61.344926440578604,-0.6976942101553901
2024-03-23,UNH,42.0,1.4736552707260353,87.43333333333334,61.59247789570844,-0.737644187822146
2024-03-24,UNH,14.0,0.990355596635675,77.86666666666666,48.084504159135136,-1.3282172247279629
2024-03-25,UNH,48.0,1.0874981393400278,75.9,48.05840555852416,-0.5805436047191408
2024-03-26,UNH,44.0,0.3724139599213416,76.66666666666667,47.330338257192174,-0.6901845173629779
2024-03-27,UNH,81.0,1.945905323023882,77.53333333333333,47.15764708041442,0.07351229082221215
2024-03-28,UNH,93.0,0.7673514857929894,77.83333333333333,47.228777998846915,0.3211318884227105
2024-03-29,UNH,44.0,0.3883445236267013,76.6,47.62468209686638,-0.6845190049498517
2024-03-30,UNH,17.0,1.3890210965080965,71.9,46.252194728913985,-1.186970700996378
2024-03-31,UNH,28.0,2.251542578013198,64.96666666666667,35.03444938454378,-1.0551519237797793
2024-04-01,UNH,46.0,0.84657718265203,64.5,35.195757973232276,-0.5256315267899603
2024-04-02,UNH,111.0,0.2359421961415996,67.66666666666667,34.954486006148365,1.2397073533197185
2024-04-03,UNH,66.0,0.7396772180681344,68.3,34.7385803612819,-0.06620880807678245
2024-04-04,UNH,59.0,0.8529875645964681,67.26666666666667,34.5312785080758,-0.23939648411029285
2024-04-05,UNH,58.0,2.2756761867127286,65.53333333333333,33.60493942894389,-0.22417339418992918
2024-04-06,UNH,42.0,1.7674703624663377,64.96666666666667,33.86126190016053,-0.6782578491724134
2024-04-07,UNH,38.0,1.8741673829311425,62.6,33.15127292505859,-0.7420529539125238
2024-04-08,UNH,45.0,0.0090930060566851,61.2,32.9716701803648,-0.49133088834691135
2024-04-09,UNH,28.0,-0.2391068065181197,58.666666666666664,32.48589437484109,-0.9439994575127556
2024-04-10,UNH,44.0,-0.2604276132449207,57.8,32.51991432316828,-0.42435536154436954
2024-04-11,UNH,52.0,0.44299845577983,57.5,32.53088717956604,-0.16907008928593784
2024-04-12,UNH,60.0,-0.2321326836843006,53.93333333333333,25.13677527576611,0.2413462586235327
2024-04-13,UNH,23.0,-0.0371153538457766,51.4,24.252408341128227,-1.1710177232929941
2024-04-14,UNH,19.0,0.0179744909710529,49.733333333333334,24.714833369977338,-1.24351772367873
2024-04-15,UNH,34.0,0.0464563489785662,50.166666666666664,24.304226017276275,-0.6651792431149565
2024-04-16,UNH,201.0,-0.0239379144748013,56.1,36.23995699167728,3.9983491159572053
2024-04-17,UNH,68.0,0.269919014154975,55.5,35.87502252792755,0.3484318369492076
2024-04-18,UNH,65.0,0.6374440861717432,55.8,35.91695402183898,0.2561464425520612
2024-04-19,UNH,52.0,0.8537356227879763,54.333333333333336,35.1080434180499,-0.06646150301083746
2024-04-20,UNH,23.0,1.3337462927330623,53.0,35.524639336663206,-0.8444842948493638
2024-04-21,UNH,19.0,1.1762524388631732,52.13333333333333,36.03995228797534,-0.9193500887177425
2024-04-22,UNH,81.0,-0.2195844569156053,53.43333333333333,36.36375927356447,0.7580807710028742
2024-04-23,UNH,265.0,-0.8363659391309738,61.8,52.34263772621638,3.8821123433415554
2024-04-24,UNH,51.0,-0.3954278630035389,61.9,52.31822389688069,-0.20834040584947833
2024-04-25,UNH,29.0,-0.6092539296050397,61.4,52.56628000061872,-0.6163647113628479
2024-04-26,UNH,47.0,-1.186963450562792,60.266666666666666,52.4956046326464,-0.25271957070509254
2024-04-27,UNH,25.0,0.9043694381862644,58.0,52.50155991114405,-0.6285527526391721
2024-04-28,UNH,12.0,1.7868403774564827,56.93333333333333,53.117263466418514,-0.8459271129760068
2024-04-29,UNH,43.0,-0.2408853367634321,57.8,52.653322913118245,-0.28108387431541704
2024-04-30,UNH,90.0,-0.5666570075414507,59.86666666666667,52.6600897974098,0.5722233564215362
2024-05-01,UNH,146.0,-0.2847984690262101,63.2,54.870631551828815,1.5090039545433354
2024-05-02,UNH,133.0,-0.3408276113526221,63.93333333333333,55.67264748654333,1.240585274543676
2024-05-03,UNH,44.0,-0.3591134244473731,63.2,55.78925863739672,-0.34415226996993714
2024-05-04,UNH,10.0,0.2356433169882695,61.56666666666667,56.62744755056468,-0.9106302490611279
2024-05-05,UNH,22.0,1.7675430733804898,60.36666666666667,57.085225658709156,-0.672094508236621
2024-05-06,UNH,53.0,1.0256533181042893,60.733333333333334,56.99844724644476,-0.1356762106149426
2024-05-07,UNH,26.0,0.676183922079491,60.333333333333336,57.20521638460251,-0.6001783666458532
2024-05-08,UNH,74.0,1.30521081716244,61.3,57.18219520336607,0.2220971047864285
2024-05-09,UNH,53.0,-0.4031221235206316,62.13333333333333,56.86143674324231,-0.16062438546136074
2024-05-10,UNH,91.0,-1.5152644351132505,63.7,56.99192320272082,0.47901524401788714
2024-05-11,UNH,53.0,-1.7877318017236956,63.733333333333334,56.98513619468183,-0.18835321015403714
2024-05-12,UNH,19.0,0.9129011767429588,62.36666666666667,57.566443370238275,-0.7533323951899231
2024-05-13,UNH,29.0,1.263579316731685,62.56666666666667,57.43523088772637,-0.5844264251724233
2024-05-14,UNH,27.0,0.6302359872459675,62.833333333333336,57.24423376070794,-0.6259728007387374
2024-05-15,UNH,36.0,0.4931570227279226,62.9,57.21065128706066,-0.47019216517963286
2024-05-16,UNH,37.0,-0.2288397502875601,57.43333333333333,51.064991269296556,-0.40014367623360625
2024-05-17,UNH,50.0,-0.8959526651478246,56.833333333333336,51.0422970873571,-0.1338758975059121
2024-05-18,UNH,19.0,0.8691302291276045,55.3,51.47758132731514,-0.7051613355567351
2024-05-19,UNH,18.0,-0.0798955869651855,54.166666666666664,51.925067584724054,-0.6965165063609202
2024-05-20,UNH,32.0,0.0103789010331322,54.46666666666667,51.76454207362366,-0.43401652495472254
2024-05-21,UNH,26.0,-0.2578621801856166,54.7,51.61471989989704,-0.5560429283673639
2024-05-22,UNH,47.0,0.1456328885544948,53.56666666666667,51.390112649817375,-0.12778074084821073
2024-05-23,UNH,72.0,0.0981309016064893,47.13333333333333,32.68526329680715,0.7607913829807135
2024-05-24,UNH,34.0,-0.5380593604633388,46.56666666666667,32.763187219524426,-0.3835605670005716
2024-05-25,UNH,19.0,0.7107046222456634,46.233333333333334,32.998101652120496,-0.8253000012072903
2024-05-26,UNH,20.0,0.3595044912034021,45.333333333333336,33.342872198369186,-0.7597825760965008
2024-05-27,UNH,13.0,2.219888500458186,44.93333333333333,33.66563102993433,-0.9485440301100936
2024-05-28,UNH,31.0,0.9126736185811336,45.56666666666667,33.200211188914224,-0.43875222912830686
2024-05-29,UNH,48.0,0.4284639937769827,45.733333333333334,33.199432206749776,0.06827426000995974
2024-05-30,UNH,61.0,-0.9073789262087416,44.766666666666666,32.27541322509402,0.5029628349022027
2024-05-31,UNH,49.0,-0.5913988828777054,41.53333333333333,26.040728488847698,0.2867303297549595
2024-06-01,UNH,18.0,1.1097417317308016,37.7,19.837529740542173,-0.9930671942353236
2024-06-02,UNH,8.0,0.3232033985605002,36.5,20.520385154683385,-1.3888628203206712
2024-06-03,UNH,29.0,-0.3225226217593345,37.13333333333333,19.959844746361362,-0.40748479944043764
2024-06-04,UNH,48.0,0.5348846786740634,38.0,19.8442209080698,0.5039250493292697
2024-06-05,UNH,60.0,0.4785468341836886,38.233333333333334,20.066584564692437,1.0847220460708376
2024-06-06,UNH,36.0,-0.4937883250476301,38.56666666666667,19.939016219866286,-0.12872584275794738
2024-06-07,UNH,56.0,0.701667102342957,37.96666666666667,19.088691964604045,0.9447128890115858
2024-06-08,UNH,17.0,1.0885926197511295,36.766666666666666,19.241985941905906,-1.0272674934045187
2024-06-09,UNH,51.0,-0.6286025897998293,35.43333333333333,16.55228567055133,0.9404542053283792
2024-06-10,UNH,29.0,-1.3214166887649474,34.63333333333333,16.251224533879693,-0.3466405452456372
2024-06-11,UNH,36.0,-0.0269535136598998,35.2,15.981454769567216,0.050058021096014496
2024-06-12,UNH,35.0,-0.3306855676760037,35.4,15.93867558206589,-0.025096188070361153
2024-06-13,UNH,32.0,0.0183373724722519,35.56666666666667,15.87381998510563,-0.2246886174854739
2024-06-14,UNH,27.0,1.5918041326827783,35.266666666666666,15.950209885838415,-0.5182794913568081
2024-06-15,UNH,17.0,1.4342535459078338,34.6,16.289620134856726,-1.0804426287596056
2024-06-16,UNH,4.0,-0.6022000990415699,33.06666666666667,16.941956352720005,-1.7156617607505558
2024-06-17,UNH,21.0,0.3863667662754774,33.13333333333333,16.888546074358967,-0.7184356356024492
2024-06-18,UNH,40.0,-0.7135005270730966,33.86666666666667,16.68518511431171,0.3675915664892725
2024-06-19,UNH,90.0,-0.9259666944878394,35.8,19.57197151452852,2.7692662417665312
2024-06-20,UNH,64.0,-1.4131280345280204,37.06666666666667,20.1373445041336,1.3374818774046753
2024-06-21,UNH,47.0,-0.920386060950536,37.06666666666667,20.1373445041336,0.4932792072606351
2024-06-22,UNH,30.0,0.0213104717913306,35.666666666666664,19.055876699370405,-0.2973710816912395
2024-06-23,UNH,16.0,0.8534375542131711,35.06666666666667,19.390600875136624,-0.9832942666111335
2024-06-24,UNH,21.0,-1.212061150300396,35.13333333333333,19.33682092998121,-0.7309026330910469
2024-06-25,UNH,44.0,-0.7708286625348414,35.93333333333333,19.185003722076537,0.42046729745401135
2024-06-26,UNH,86.0,-1.6172135722028709,38.36666666666667,20.742233001416608,2.2964419178050974
2024-06-27,UNH,40.0,-1.352016017467487,38.666666666666664,20.697048487452328,0.0644214238634883
2024-06-28,UNH,41.0,-0.7123337768481033,38.43333333333333,20.627539899339652,0.12442912141688968
2024-06-29,UNH,15.0,0.3345938841961672,36.9,20.60189144312923,-1.0630091931342396
2024-06-30,UNH,28.0,0.6289522923569847,36.2,20.53323630369667,-0.39935253647880775
2024-07-01,UNH,18.0,-0.1301836874148372,36.2,20.53323630369667,-0.8863678248675975
2024-07-02,UNH,27.0,-0.1447392624127318,36.833333333333336,19.91721371826012,-0.4937102886192423
2024-07-03,UNH,45.0,-0.1828886929319507,37.36666666666667,19.91444343865183,0.38330638548089374
2024-07-04,UNH,23.0,0.7997160950199849,36.53333333333333,19.977113341803488,-0.67744188571098
2024-07-05,UNH,30.0,1.108651295495808,35.53333333333333,19.507263604445697,-0.2836550243813944
2024-07-06,UNH,17.0,1.4775967454527563,34.9,19.79785777334991,-0.9041382257071956
2024-07-07,UNH,9.0,0.2963564865932566,33.333333333333336,19.92976172207909,-1.2209545539310573
2024-07-08,UNH,15.0,0.465393054209429,33.266666666666666,19.98953749328384,-0.9138113712137647
2024-07-09,UNH,45.0,-0.0949661085451549,33.06666666666667,19.835414746380216,0.6016175353989538
2024-07-10,UNH,49.0,-1.08823361455521,33.733333333333334,20.029174124060937,0.7622214761379953
2024-07-11,UNH,47.0,-0.6841732000942591,34.1,20.172275272144457,0.6394915707804852
2024-07-12,UNH,49.0,-1.5596112358450305,34.56666666666667,20.35492541145129,0.709083086357733
2024-07-13,UNH,21.0,0.6461274040823908,34.2,20.501303575037866,-0.6438614964987963
2024-07-14,UNH,9.0,0.2815740823022401,33.6,20.977163280823817,-1.1727038432545351
2024-07-15,UNH,37.0,-1.184382843584023,34.266666666666666,20.747967633470477,0.1317398109356957
2024-07-16,UNH,214.0,0.2526644094995766,41.266666666666666,38.23785210146266,4.517338810636962
2024-07-17,UNH,75.0,0.4886879406858973,43.06666666666667,38.52087059328186,0.8289878406565033
2024-07-18,UNH,26.0,0.3802120169986417,42.6,38.64390927608037,-0.42956316560537505
2024-07-19,UNH,24.0,0.8825652193364537,40.4,37.72002120890177,-0.4347823642296804
2024-07-20,UNH,15.0,1.1958975860741063,38.766666666666666,37.72375391176495,-0.6300186010717912
2024-07-21,UNH,11.0,1.2360308513910234,37.56666666666667,38.02420584160906,-0.698677752201608
2024-07-22,UNH,18.0,2.4200663071071364,37.166666666666664,38.169389553025,-0.5021475819004202
2024-07-23,UNH,23.0,-0.1589280884155497,37.4,38.056763411768344,-0.37838215100412526
2024-07-24,UNH,27.0,-0.039395775265586,37.6,37.98329941543728,-0.2790700166424173
2024-07-25,UNH,33.0,-1.442046865677712,37.233333333333334,37.97247944765127,-0.11148424845866052
2024-07-26,UNH,22.0,0.4927071375342545,35.1,36.921491732108244,-0.3548068993270869
2024-07-27,UNH,6.0,1.1699560196396952,33.96666666666667,37.28592535910912,-0.7500596108937466
2024-07-28,UNH,6.0,1.4308990621121476,32.8,37.6044751555468,-0.7126811340710042
2024-07-29,UNH,10.0,0.8694753802103068,32.63333333333333,37.69705314864748,-0.6004006001234446
2024-07-30,UNH,15.0,0.7743976598902911,32.2,37.82664632787041,-0.4547059194969437
2024-07-31,UNH,13.0,1.9796412230005265,32.03333333333333,37.90230939495987,-0.5021681696225171
2024-08-01,UNH,22.0,-0.3578096633914764,31.866666666666667,37.93618355855666,-0.26008590588552233
2024-08-02,UNH,7.0,0.2847924804427654,30.6,38.11651827642761,-0.6191541375539261
2024-08-03,UNH,5.0,7.70124963673351,30.0,38.3810297969695,-0.6513634504401431
2024-08-04,UNH,6.0,2.353568066035186,29.2,38.63034362099126,-0.6005641634363666
2024-08-05,UNH,13.0,1.5254131850813657,29.066666666666666,38.68077427935709,-0.41536569435325454
2024-08-06,UNH,13.0,-0.4248156623555864,29.2,38.61605883567093,-0.41951458767292754
2024-08-07,UNH,22.0,0.8812304127212476,29.433333333333334,38.54838726742714,-0.19283124042946406
2024-08-08,UNH,14.0,3.000124813378542,28.4,38.53220775510737,-0.373713338501641
2024-08-09,UNH,13.0,1.4811410256559532,27.2,38.42897613645919,-0.36951283712520927
2024-08-10,UNH,3.0,2.11870581250247,25.733333333333334,38.486839070118414,-0.5906781092600492
2024-08-11,UNH,6.0,-1.0823573466791507,24.3,38.39104601066636,-0.4766736492388259
2024-08-12,UNH,12.0,-0.2346287730234554,24.0,38.452837212033785,-0.3120706005081105
2024-08-13,UNH,10.0,1.054248390392983,24.033333333333335,38.43981712014097,-0.3650728433351576
2024-08-14,UNH,70.0,-1.1433376458749382,25.133333333333333,39.28651021734393,1.142037468292596
2024-08-15,UNH,36.0,0.5941795997637862,19.2,16.764905874042803,1.0020933088572561
2024-08-16,UNH,18.0,1.772942348605188,17.3,13.038801510399017,0.05368591579845115
2024-08-17,UNH,20.0,1.7481247418368269,17.1,12.946441396290473,0.2239997781035746
2024-08-18,UNH,10.0,1.3539726382135269,16.633333333333333,12.941468587273999,-0.5125641876422143
2024-08-19,UNH,31.0,1.284913817113189,17.166666666666668,13.198963735011864,1.0480620760127346
2024-08-20,UNH,27.0,1.2543883495848438,17.7,13.264289627052866,0.7011306493965879
2024-08-21,UNH,39.0,-0.3251019669037191,18.4,13.823019281942823,1.4902677613211486
2024-08-22,UNH,24.0,0.3086384329812796,18.433333333333334,13.835694300670522,0.4023409700803297
2024-08-23,UNH,10.0,1.4501447032430412,17.866666666666667,13.820857135287252,-0.5691880459846145
2024-08-24,UNH,5.0,-2.367780510364148,16.933333333333334,13.708626363775718,-0.8704981094872133
2024-08-25,UNH,30.0,-4.339187400184556,17.2,13.887230552338021,0.9217100523937815
2024-08-26,UNH,24.0,0.8914438985083186,17.8,13.775039896055784,0.45008944052316313
2024-08-27,UNH,21.0,-0.8458724017849557,18.3,13.603118303764196,0.1984839019780389
2024-08-28,UNH,20.0,-2.12500174003604,18.633333333333333,13.514955530393111,0.101122542622744
2024-08-29,UNH,23.0,0.503785974161731,18.9,13.519717401657745,0.3032607767006485
2024-08-30,UNH,17.0,-0.2358612084724418,19.033333333333335,13.479187874168236,-0.15084983993954507
2024-08-31,UNH,19.0,1.6147425926027092,18.933333333333334,13.467542932683592,0.004950172945421024
2024-09-01,UNH,16.0,1.4248666556632077,19.233333333333334,13.291644596962094,-0.2432605920017104
2024-09-02,UNH,37.0,1.3258169590171147,20.3,13.393642341514557,1.2468602322041369
2024-09-03,UNH,24.0,0.5311246637810946,20.9,13.131562398834365,0.23607244178919454
2024-09-04,UNH,43.0,-0.0069129544162599,21.9,13.641594607972841,1.5467399967792688
2024-09-05,UNH,32.0,1.5724159497712522,22.533333333333335,13.655195634486159,0.6932648143655024
2024-09-06,UNH,27.0,1.5256421560193876,22.7,13.678954386335462,0.3143515124442164
2024-09-07,UNH,10.0,2.721739495591216,22.566666666666666,13.785758101634437,-0.9115687780113279
2024-09-08,UNH,30.0,2.148754692854611,23.133333333333333,13.728232508815179,0.5001857786322776
2024-09-09,UNH,15.0,2.139514040950385,23.533333333333335,13.289179765906272,-0.6421264128901182
2024-09-10,UNH,37.0,0.8480572124826334,24.566666666666666,13.082452931795387,0.950382424317045
2024-09-11,UNH,29.0,0.690354909369369,25.133333333333333,12.88606125674722,0.30006583001784637
2024-09-12,UNH,29.0,1.1731624325915404,25.766666666666666,12.57990552383061,0.2570236578651806
2024-09-13,UNH,20.0,1.802862197928549,24.1,9.437087510967206,-0.4344560750586695
2024-09-14,UNH,13.0,2.103327608939997,23.333333333333332,9.371024061116318,-1.1026898731601784
2024-09-15,UNH,7.0,1.9513849962664611,22.966666666666665,9.792619787311695,-1.6304795870206956
2024-09-16,UNH,11.0,-0.5232206795223824,22.666666666666668,10.02181528512641,-1.164127090226999
2024-09-17,UNH,22.0,0.8424329392689067,23.066666666666666,9.734167811811327,-0.10957964638460264
2024-09-18,UNH,24.0,0.5577052615839868,22.833333333333332,9.620679355657051,0.12126655754103859
2024-09-19,UNH,22.0,0.0609735674347289,22.666666666666668,9.589266029707575,-0.0695221787153816
2024-09-20,UNH,44.0,-0.8888936309914094,22.833333333333332,9.920662287865817,2.1335941142312738
2024-09-21,UNH,19.0,0.6356480342785912,22.666666666666668,9.942362632324453,-0.3687922883385543
2024-09-22,UNH,8.0,2.40182651283824,22.6,10.036485165771758,-1.454692530188912
2024-09-23,UNH,23.0,1.2817050162349573,23.2,9.470098131523645,-0.021119105337910712
2024-09-24,UNH,19.0,0.3649170494853281,22.833333333333332,9.410497928609612,-0.40734649350267715
2024-09-25,UNH,23.0,1.3133174016057676,22.8,9.407993666429851,0.021258517712830834
2024-09-26,UNH,16.0,-0.1443546322743949,22.633333333333333,9.484954813602958,-0.6993531823493836
2024-09-27,UNH,16.0,1.0686091192353149,22.5,9.551132808784121,-0.6805475465718567
2024-09-28,UNH,7.0,4.683871311340829,21.966666666666665,9.960208186902255,-1.502645967415414
2024-09-29,UNH,8.0,4.842037680675562,21.666666666666668,10.246389888498502,-1.3338031067905587
2024-09-30,UNH,14.0,-0.5374642206069445,21.5,10.33157196705045,-0.7259301898993756
2024-10-01,UNH,26.0,1.0846094023374266,21.833333333333332,10.30929722121737,0.4041659268578783
2024-10-02,UNH,20.0,1.2351828070308382,21.266666666666666,9.906226997870139,-0.1278657017388156
2024-10-03,UNH,18.0,1.6208206654694637,21.066666666666666,9.909707303980909,-0.309460872314032
2024-10-04,UNH,22.0,0.5408428355713175,20.366666666666667,9.007595772968124,0.18132844484817814
2024-10-05,UNH,12.0,1.841096755655102,19.7,8.855740394288457,-0.8694925163983063
2024-10-06,UNH,2.0,2.559523809523811,18.866666666666667,9.309740295401038,-1.811722575655382
2024-10-07,UNH,18.0,1.5509874404490944,19.133333333333333,9.16038447218012,-0.12372115349254614
2024-10-08,UNH,36.0,-0.0499518448274248,19.333333333333332,9.466213361333908,1.7606476877802093
2024-10-09,UNH,25.0,-1.150677913918123,19.666666666666668,9.484409469677251,0.5623263472949594
2024-10-10,UNH,19.0,1.917387986562701,19.066666666666666,8.901504457629235,-0.007489370699525771
2024-10-11,UNH,23.0,1.3815027128705064,18.866666666666667,8.736500259349102,0.4731108808598925
2024-10-12,UNH,12.0,2.544041942558993,18.3,8.606933852704183,-0.7319679816082967
2024-10-13,UNH,19.0,2.52279578587926,18.266666666666666,8.60205802694031,0.08525091681974803
2024-10-14,UNH,100.0,0.4298532833871014,21.166666666666668,17.166694565315957,4.592225546588932
2024-10-15,UNH,146.0,0.2389952624977715,25.8,28.335916041854595,4.241966267208522
2024-10-16,UNH,56.0,1.53598638375785,27.3,28.71398794051906,0.9995128527410391
2024-10-17,UNH,37.0,2.06999186009267,27.8,28.749092939214353,0.32001009629945615
2024-10-18,UNH,33.0,-0.2176470805532204,28.1,28.755029545071405,0.1704049718439554
2024-10-19,UNH,15.0,2.602120459000391,27.866666666666667,28.834525920456358,-0.4462243181025752
2024-10-20,UNH,15.0,2.870528352678856,26.9,28.761024872631648,-0.4137543795013986
2024-10-21,UNH,18.0,2.031194577202609,26.866666666666667,28.77107423513548,-0.3081798960373408
2024-10-22,UNH,21.0,1.2952509274604451,27.3,28.574343447370307,-0.2204775067396969
2024-10-23,UNH,21.0,2.2500738074927416,27.233333333333334,28.587051968153055,-0.21804743421173609
2024-10-24,UNH,36.0,-0.4291110195616286,27.8,28.5867101989718,0.2868465781100945
2024-10-25,UNH,32.0,-1.362662989711041,28.1,28.58182446337481,0.1364503516910727
2024-10-26,UNH,18.0,1.3856234943093175,28.166666666666668,28.554948038321886,-0.3560387031005132
2024-10-27,UNH,21.0,2.1590778724534125,28.333333333333332,28.496017063894133,-0.2573459061626205
2024-10-28,UNH,14.0,1.336611438708017,28.566666666666666,28.343561372282885,-0.5139321229022187
2024-10-29,UNH,13.0,0.8660285034499577,28.733333333333334,28.23293910620556,-0.5572687021407264
2024-10-30,UNH,10.0,1.1830957359821783,28.6,28.31424644457515,-0.6569131209763718
2024-10-31,UNH,22.0,1.2665186837640985,28.466666666666665,28.336321681488233,-0.22821122442618436
2024-11-01,UNH,30.0,1.6607992906249187,28.8,28.292072729129327,0.042414707875555804
2024-11-02,UNH,19.0,1.7679794186244826,28.833333333333332,28.2794958416424,-0.34771954169188035
2024-11-03,UNH,41.0,1.354173519478545,29.466666666666665,28.333887756576882,0.40705085840739275
2024-11-04,UNH,29.0,1.3221244227275568,30.033333333333335,28.141861484558735,-0.036718727149599485
2024-11-05,UNH,16.0,1.705916982330841,30.5,27.77464733318422,-0.5220588339451527
2024-11-06,UNH,34.0,1.483539600918172,31.033333333333335,27.67979884984381,0.1071780428304451
2024-11-07,UNH,18.0,1.1193913994293925,30.433333333333334,27.76338861029819,-0.4478319814578208
2024-11-08,UNH,39.0,0.9999976262065788,30.9,27.786563361601136,0.2915078016158547
2024-11-09,UNH,17.0,2.051501152103772,30.833333333333332,27.818479758821343,-0.49727136253542864
2024-11-10,UNH,11.0,1.4939755284214482,30.433333333333334,28.02053844437402,-0.6935388972596696
2024-11-11,UNH,13.0,2.666697059483891,30.466666666666665,27.99844002222552,-0.6238442803528126
2024-11-12,UNH,102.0,1.1263551267167635,33.233333333333334,30.788134003253553,2.2335444772131923
2024-11-13,UNH,96.0,1.1672953774884662,33.1,30.496297118355752,2.062545487272959
2024-11-14,UNH,21.0,1.5113911969729326,28.933333333333334,21.853640639385485,-0.3630211306319172
2024-11-15,UNH,20.0,1.800645015501782,27.733333333333334,21.297455462927978,-0.3631106705115351
2024-11-16,UNH,9.0,1.920962293613513,26.8,21.490013719287635,-0.8282917001595124
2024-11-17,UNH,18.0,1.7933789639140003,26.3,21.515271240486893,-0.38577250117959333
2024-11-18,UNH,23.0,2.349349253254047,26.566666666666666,21.419751332040136,-0.16651298193791672
2024-11-19,UNH,35.0,0.4594304523036,27.233333333333334,21.358489119581066,0.3636337113165149
2024-11-20,UNH,29.0,0.4676743856962979,27.6,21.28881849947166,0.06576222161106514
2024-11-21,UNH,27.0,0.9097212958535064,27.8,21.252829426236126,-0.037642046804950084
2024-11-22,UNH,36.0,0.6902255699879092,28.3,21.26377849447429,0.36211814386615054
2024-11-23,UNH,9.0,0.5313976155124895,27.4,21.496751959949314,-0.8559432622324114
2024-11-24,UNH,17.0,0.7850205660652964,26.9,21.560420314500583,-0.4591747218091893
2024-11-25,UNH,34.0,0.4346389506270371,27.433333333333334,21.530544995798188,0.3049930537266098
2024-11-26,UNH,16.0,1.4747676191954913,27.266666666666666,21.601298385838327,-0.5215735862457703
2024-11-27,UNH,11.0,1.046095862176627,27.166666666666668,21.67166167002956,-0.7459818685257564
2024-11-28,UNH,8.0,1.7612865726043352,27.0,21.803194957272343,-0.8714319179934062
2024-11-29,UNH,21.0,1.5273152380004398,27.366666666666667,21.59898358613251,-0.29476695703192
2024-11-30,UNH,5.0,2.2094399305155448,26.8,21.964548238248454,-0.9925084624339364
2024-12-01,UNH,6.0,1.914597381482648,26.0,22.27879771410938,-0.8977145111979631
2024-12-02,UNH,11.0,1.7811404993315645,25.733333333333334,22.41294781783637,-0.6573581241111199
2024-12-03,UNH,9.0,3.2962834776758823,24.666666666666668,22.422792181068814,-0.6986938352795229
2024-12-04,UNH,1240.0,-2.893010296526806,65.03333333333333,223.04421756348168,5.267864280463822
2024-12-05,UNH,1347.0,-3.7745577238475785,109.4,322.9548489847437,3.8321146249718137
2024-12-06,UNH,1088.0,-4.063621383949873,144.53333333333333,368.5777635941864,2.5597492845646754
2024-12-07,UNH,828.0,-3.4754658445828905,171.53333333333333,388.13806051840436,1.691322581943852
2024-12-08,UNH,253.0,-2.3841690554212995,178.66666666666666,387.5844142389107,0.19178617767512593
2024-12-09,UNH,1018.0,-4.654672865599415,212.03333333333333,415.28440469346936,1.940758327444462
2024-12-10,UNH,1390.0,-4.903203609519843,258.0,465.54291627792145,2.431569594164364
2024-12-11,UNH,266.0,-3.889546990133118,266.43333333333334,463.2375337164274,-0.0009354452128626601
2024-12-12,UNH,253.0,-1.2483708394924589,271.46666666666664,462.20847164928495,-0.03995311163547603
2024-12-13,UNH,625.0,-3.3442852613832623,289.1,465.3635101205553,0.7218013288428716
2024-12-14,UNH,261.0,-3.92172039889228,297.1,462.6507098344764,-0.07802862771552993
2024-12-15,UNH,164.0,-4.068476145765872,301.9,460.4182768474471,-0.2995102647623416
2024-12-16,UNH,88.0,-3.060481944864814,304.53333333333336,458.9087305647015,-0.4718440049438204
2024-12-17,UNH,308.0,-8.095121241660015,314.2,455.70811892610874,-0.013605199781409411
2024-12-18,UNH,267.0,-7.229384446213625,322.3333333333333,452.4977678232872,-0.12228421280288504
2024-12-19,UNH,353.0,-6.587905161318111,332.93333333333334,449.2477185737042,0.044667264489122824
2024-12-20,UNH,158.0,-5.181281071311616,337.23333333333335,446.84925201122195,-0.40110469588261094
2024-12-21,UNH,56.0,-1.8864619121107316,338.2,446.1858589082079,-0.6324718597996982
2024-12-22,UNH,13.0,-2.2314790571151626,337.43333333333334,446.742437817504,-0.7262200898537998
2024-12-23,UNH,533.0,-8.353394379459147,354.9,443.6918276586064,0.40140473386640113
2024-12-24,UNH,138.0,-5.71374017556714,358.93333333333334,441.05640684949645,-0.5009185444362525
2024-12-25,UNH,10.0,-4.379904083371871,358.1333333333333,441.6874174262198,-0.78818938370932
2024-12-26,UNH,15.0,-1.604416896132,358.1,441.7141648716689,-0.7767466549316587
2024-12-27,UNH,66.0,-2.1703946560065246,359.93333333333334,440.33583839464245,-0.6675208050404049
2024-12-28,UNH,24.0,-1.9719551958465256,360.46666666666664,439.90435742120235,-0.7648632276322384
2024-12-29,UNH,6.0,-2.948938126476865,359.96666666666664,440.31183960002033,-0.8038999518800364
2024-12-30,UNH,15.0,-1.2470037267948468,360.3,440.03754933821983,-0.7847057609499524
2024-12-31,UNH,24.0,-1.5313678764394096,360.9,439.5497971082811,-0.7664660573532381
2024-01-01,WMT,11.0,0.6409324944058418,,,
2024-01-02,WMT,17.0,1.016235831116869,,,
2024-01-03,WMT,7.0,0.2378823552133002,,,
2024-01-04,WMT,20.0,0.6345502455750155,,,
2024-01-05,WMT,34.0,0.7332385254643143,,,
2024-01-06,WMT,21.0,0.5960477769026267,,,
2024-01-07,WMT,13.0,1.143593665805633,,,
2024-01-08,WMT,29.0,-0.507308629571152,,,
2024-01-09,WMT,49.0,0.0022119237759257,,,
2024-01-10,WMT,23.0,1.5466451827066254,22.4,12.37560324006695,0.048482485125044744
2024-01-11,WMT,37.0,0.0200615461029575,23.727272727272727,12.538667465810784,1.0585436856761734
2024-01-12,WMT,12.0,0.7728677349842731,22.75,12.425230928894788,-0.8651750668875658
2024-01-13,WMT,10.0,-0.7066736733896339,21.76923076923077,12.410706709355475,-0.9483126984508348
2024-01-14,WMT,14.0,2.4055491028855407,21.214285714285715,12.103264476537351,-0.5960611476573853
2024-01-15,WMT,13.0,1.580298907955584,20.666666666666668,11.85427389272787,-0.6467428318296127
2024-01-16,WMT,26.0,1.8895608760886575,21.0,11.529671865813587,0.4336636860260877
2024-01-17,WMT,22.0,1.336576185057876,21.058823529411764,11.166191093179973,0.08428804976865228
2024-01-18,WMT,37.0,2.691198630206003,21.944444444444443,11.465919948326777,1.3130700042740675
2024-01-19,WMT,29.0,1.9504793852930629,22.31578947368421,11.259823521307702,0.5936336847257705
2024-01-20,WMT,15.0,1.898784680897292,21.95,11.080922439276577,-0.6272041012908428
2024-01-21,WMT,14.0,1.493124162786821,21.571428571428573,10.938790740166066,-0.6921632154116542
2024-01-22,WMT,14.0,1.220502096103853,21.227272727272727,10.796524212214553,-0.6694073560355855
2024-01-23,WMT,31.0,1.4512137839074684,21.652173913043477,10.743322220431434,0.8701057173151724
2024-01-24,WMT,21.0,1.481103292476505,21.625,10.508019711671157,-0.05947838100320829
2024-01-25,WMT,14.0,-0.0390732296157533,21.32,10.39919868707841,-0.7039003888920319
2024-01-26,WMT,5.0,0.5886546097940005,20.692307692307693,10.6799596657262,-1.4693227487241332
2024-01-27,WMT,13.0,0.8428517196857154,20.40740740740741,10.576677023815034,-0.7003529927905029
2024-01-28,WMT,25.0,1.272391480408304,20.571428571428573,10.41519037157701,0.4252031187693862
2024-01-29,WMT,29.0,1.432338529581816,20.862068965517242,10.34658031128793,0.7865334042402806
2024-01-30,WMT,30.0,1.1143720462465168,21.166666666666668,10.302605406445474,0.8573882998379282
2024-01-31,WMT,35.0,1.5265153030491767,21.966666666666665,10.417105737872827,1.2511472630971625
2024-02-01,WMT,10.0,0.915282689319252,21.733333333333334,10.608823046727737,-1.1059976475856528
2024-02-02,WMT,11.0,0.8343147576664955,21.866666666666667,10.441077145296024,-1.0407610743075855
2024-02-03,WMT,5.0,-0.2642804379056138,21.366666666666667,10.883341694386958,-1.5038273286143091
2024-02-04,WMT,1.0,2.65486725663717,20.266666666666666,11.224767360567014,-1.716442403461395
2024-02-05,WMT,8.0,0.9116482121927364,19.833333333333332,11.444267751490965,-1.0339965465935275
2024-02-06,WMT,17.0,0.7875421039637024,19.966666666666665,11.385057761376753,-0.2605754602959447
2024-02-07,WMT,11.0,2.232532972304765,19.366666666666667,11.366870595130253,-0.7360571756883623
2024-02-08,WMT,13.0,0.7018023188960953,18.166666666666668,9.941495528004495,-0.5197071861182787
2024-02-09,WMT,12.0,-0.772041451338892,17.8,9.959919678390987,-0.5823340134543117
2024-02-10,WMT,2.0,-0.7037833960910902,16.633333333333333,9.67928229504267,-1.5118200799689379
2024-02-11,WMT,1.0,4.25339366515837,16.266666666666666,10.061649050190306,-1.5173125787345874
2024-02-12,WMT,9.0,-0.4145527042259416,16.233333333333334,10.084755765539132,-0.7172541905328571
2024-02-13,WMT,15.0,1.1408476761353032,16.266666666666666,10.07877022237348,-0.12567670843957138
2024-02-14,WMT,15.0,-2.406122050653045,16.333333333333332,10.063019815944518,-0.13249833128825902
2024-02-15,WMT,9.0,-0.3513242823342856,15.766666666666667,9.978194617068361,-0.6781453886549614
2024-02-16,WMT,15.0,0.0064538507079195,15.533333333333333,9.90901134054889,-0.05382306216068881
2024-02-17,WMT,10.0,-0.9181289061807298,14.633333333333333,9.083836852014853,-0.5100634686438286
2024-02-18,WMT,2.0,-0.7171982119134652,13.733333333333333,8.947869456808816,-1.3112991187421648
2024-02-19,WMT,11.0,1.855807390228063,13.6,8.95814020107238,-0.29023881538366114
2024-02-20,WMT,69.0,0.8746603237800643,15.433333333333334,13.512914214732245,3.9641091340805255
2024-02-21,WMT,58.0,0.7449098275320118,16.9,15.581487689585028,2.637745561835668
2024-02-22,WMT,23.0,1.0467527226905404,16.633333333333333,15.39924613769114,0.4134401521827511
2024-02-23,WMT,26.0,1.5757634925019852,16.8,15.475007659738512,0.5945069755238787
2024-02-24,WMT,20.0,1.6209886404314964,17.0,15.476344574198082,0.19384422371944035
2024-02-25,WMT,5.0,-0.1816297689167164,17.0,15.476344574198082,-0.7753768948777614
2024-02-26,WMT,15.0,1.2999557338403196,17.066666666666666,15.462821559298702,-0.13365391683148917
2024-02-27,WMT,29.0,1.1059384477327014,17.2,15.550584865373152,0.7588139032812415
2024-02-28,WMT,30.0,2.3440701840583134,17.233333333333334,15.577798820499451,0.8195424022209413
2024-02-29,WMT,86.0,-0.1238536929808447,19.1,19.912480924076846,3.3597019002845085
2024-03-01,WMT,11.0,2.3055001781007687,18.3,19.732958601598845,-0.3699394575027652
2024-03-02,WMT,7.0,1.5046913998327405,18.2,19.784006079450243,-0.5661138575787995
2024-03-03,WMT,1.0,-0.764655904842821,17.866666666666667,19.992642324776305,-0.8436436961493726
2024-03-04,WMT,16.0,1.4773158752923616,18.233333333333334,19.848883115166466,-0.11251682628061081
2024-03-05,WMT,15.0,1.1350531172963465,18.7,19.592662243633548,-0.18884620956512838
2024-03-06,WMT,15.0,0.043758129558493,18.933333333333334,19.502313449564323,-0.20168547405955078
2024-03-07,WMT,6.0,-1.49225379695104,18.566666666666666,19.64281624118745,-0.639758907906323
2024-03-08,WMT,11.0,0.0738371462335477,18.566666666666666,19.64281624118745,-0.38521292332821033
2024-03-09,WMT,5.0,0.7922393489855424,18.3,19.774853415037164,-0.6725713572109938
2024-03-10,WMT,3.0,-0.305376486830887,18.0,19.94129314798299,-0.7522079881523236
2024-03-11,WMT,8.0,0.5922157717526371,18.2,19.804910571841035,-0.5150237847830799
2024-03-12,WMT,15.0,-0.743509007353763,18.666666666666668,19.548936532206298,-0.18756348513516027
2024-03-13,WMT,15.0,1.2816438842759283,18.866666666666667,19.477189723885477,-0.198522821899961
2024-03-14,WMT,25.0,0.6720463717312085,19.2,19.494296248054113,0.2975229229205413
2024-03-15,WMT,6.0,1.6443452169177433,18.9,19.629938429822463,-0.6571594733278371
2024-03-16,WMT,3.0,1.4889984096775175,18.7,19.764388037142936,-0.7943580125271377
2024-03-17,WMT,2.0,-1.1222492911058746,18.266666666666666,19.98953749328389,-0.8137590312998467
2024-03-18,WMT,11.0,-0.4837341389959992,18.3,19.976106417072547,-0.3654365794608036
2024-03-19,WMT,6.0,2.6341238546694203,18.433333333333334,19.87665991044276,-0.6255242776881811
2024-03-20,WMT,6.0,1.3402922633393637,18.266666666666666,19.961917766575944,-0.6145034164606099
2024-03-21,WMT,16.0,1.39024537504435,16.5,17.512064806672672,-0.028551744498426224
2024-03-22,WMT,12.0,0.563358645407988,14.966666666666667,15.670053436815198,-0.18932077536486155
2024-03-23,WMT,1.0,-0.398406374501992,14.233333333333333,15.795423460573973,-0.8377954137389401
2024-03-24,WMT,1.0,-2.63852242744063,13.4,15.812696775387332,-0.7841799647547003
2024-03-25,WMT,5.0,1.1339226047232656,12.9,15.833944331828642,-0.4989281150950996
2024-03-26,WMT,9.0,-0.7515436118221206,13.033333333333333,15.781882526870934,-0.2555673143850869
2024-03-27,WMT,19.0,0.978376396724047,13.166666666666666,15.81593115061265,0.36882642430492446
2024-03-28,WMT,17.0,0.4043717833207145,12.766666666666667,15.551213132262626,0.27221884860871964
2024-03-29,WMT,13.0,0.2871874040197184,12.2,15.207529895326244,0.05260551881248421
2024-03-30,WMT,6.0,3.650228213703992,9.533333333333333,6.117996817379961,-0.5775310839155499
2024-03-31,WMT,4.0,1.406403200615507,9.3,6.193155287395364,-0.85578348257904
2024-04-01,WMT,9.0,0.0189097112708529,9.366666666666667,6.178289760752255,-0.05934759955674571
2024-04-02,WMT,12.0,1.0801834712104808,9.733333333333333,5.988110825992441,0.3785278416738389
2024-04-03,WMT,13.0,1.6931380112514087,9.633333333333333,5.904313638368981,0.570204578020466
2024-04-04,WMT,8.0,1.5874651695955126,9.4,5.822666766685359,-0.2404396569644276
2024-04-05,WMT,19.0,-0.0356216128167286,9.533333333333333,5.998467237170039,1.578180940625235
2024-04-06,WMT,6.0,1.1754825025255724,9.533333333333333,5.998467237170039,-0.5890393651629398
2024-04-07,WMT,1.0,-0.744416873449132,9.2,6.188977966987936,-1.3249360465878004
2024-04-08,WMT,7.0,-0.1020081479604101,9.266666666666667,6.152842535313892,-0.36839341388265057
2024-04-09,WMT,6.0,1.307508476367796,9.366666666666667,6.071319423340363,-0.5545197727077206
2024-04-10,WMT,23.0,0.6307185456967821,9.866666666666667,6.553405712816938,2.004047041929296
2024-04-11,WMT,7.0,-0.6112050337258019,9.6,6.499867372652232,-0.4000081618494756
2024-04-12,WMT,10.0,0.8143159853990688,9.433333333333334,6.420244561532304,0.08826247368549174
2024-04-13,WMT,4.0,-0.4567305083848154,8.733333333333333,5.7770851338437295,-0.8193289909480793
2024-04-14,WMT,4.0,0.7287079089824754,8.666666666666666,5.821087310053374,-0.8016829877481905
2024-04-15,WMT,8.0,-0.496618674574433,8.833333333333334,5.724016755399308,-0.14558541124941213
2024-04-16,WMT,8.0,1.9347197759459271,9.033333333333333,5.580034194267582,-0.1851840503764091
2024-04-17,WMT,12.0,1.838595851579501,9.066666666666666,5.595153896582009,0.524263208403483
2024-04-18,WMT,8.0,-1.2822318821552958,9.133333333333333,5.569209275473767,-0.20349986457223251
2024-04-19,WMT,9.0,0.6069310725909667,9.233333333333333,5.53785302188078,-0.04213425896487358
2024-04-20,WMT,2.0,0.0,8.766666666666667,5.53785302188078,-1.2218935099813384
2024-04-21,WMT,0.0,,8.366666666666667,5.726425937964147,-1.4610625820197327
2024-04-22,WMT,10.0,1.4366979054573297,8.666666666666666,5.56053416767536,0.2397851165242903
2024-04-23,WMT,13.0,0.2720144369338645,9.066666666666666,5.419844337587402,0.7257280999852892
2024-04-24,WMT,9.0,0.5968993507252571,9.2,5.365277895556929,-0.0372767271133565
2024-04-25,WMT,9.0,1.2922550430937734,9.2,5.365277895556929,-0.0372767271133565
2024-04-26,WMT,16.0,2.0891658215197184,9.1,5.201790142792694,1.3264664299385953
2024-04-27,WMT,7.0,0.8134742532609526,8.766666666666667,4.994364640364138,-0.3537320147569082
2024-04-28,WMT,1.0,1.26931567328918,8.366666666666667,5.122521828656031,-1.4380937579331743
2024-04-29,WMT,6.0,-1.3449319285260888,8.366666666666667,5.122521828656031,-0.4620120217794361
2024-04-30,WMT,50.0,1.1629472303738506,9.9,9.106079818185895,4.403651274823625
2024-05-01,WMT,21.0,1.1559607519756832,10.3,9.32608503440568,1.147319583783087
2024-05-02,WMT,32.0,0.942458885629482,10.966666666666667,10.131832163459174,2.075965431917716
2024-05-03,WMT,12.0,0.4380496848445891,10.933333333333334,10.126555507021214,0.1053336118018705
2024-05-04,WMT,5.0,1.284447364323474,10.833333333333334,10.171235076848133,-0.573512782789892
2024-05-05,WMT,12.0,1.5867736812140012,10.6,10.057078481656935,0.13920543650459272
2024-05-06,WMT,12.0,1.0260583929842495,10.8,10.022044667149759,0.11973604587229164
2024-05-07,WMT,17.0,0.1961132240811081,11.333333333333334,9.907619267020204,0.5719503862577232
2024-05-08,WMT,11.0,1.2228326737712936,11.466666666666667,9.874150625482311,-0.04726144904680062
2024-05-09,WMT,14.0,1.4875664988977435,11.733333333333333,9.82934850099553,0.23060192305086102
2024-05-10,WMT,10.0,0.5514989505437853,11.3,9.599389348394462,-0.1354252810067998
2024-05-11,WMT,11.0,0.3137983963292737,11.433333333333334,9.565322906146488,-0.04530253056641529
2024-05-12,WMT,11.0,0.3774478367830661,11.466666666666667,9.561897565727808,-0.0488048176064252
2024-05-13,WMT,17.0,0.0624125805969318,11.9,9.506259280981215,0.5364886280982638
2024-05-14,WMT,29.0,0.6897191994407943,12.733333333333333,9.878340406940955,1.6467003561890814
2024-05-15,WMT,26.0,0.3208887950694499,13.333333333333334,10.124512192023717,1.2510890822617318
2024-05-16,WMT,113.0,0.7579953078134614,16.833333333333332,20.76981120451663,4.630117516222494
2024-05-17,WMT,28.0,1.5303183005343972,17.366666666666667,20.846703755540457,0.5100726454419585
2024-05-18,WMT,16.0,0.9584473204773362,17.633333333333333,20.773795385356134,-0.07862469534501636
2024-05-19,WMT,8.0,1.4351624430847258,17.6,20.788922779808185,-0.4617843888151947
2024-05-20,WMT,21.0,1.4008823206266543,18.233333333333334,20.58570534054678,0.1343974676066737
2024-05-21,WMT,7.0,0.1628290408746215,18.466666666666665,20.41083777924304,-0.5617930430238283
2024-05-22,WMT,28.0,1.07479746227055,19.066666666666666,20.417932168145448,0.4375239010378564
2024-05-23,WMT,24.0,2.343539237190928,19.433333333333334,20.403994425252797,0.2238123855304909
2024-05-24,WMT,30.0,2.849716538588265,20.133333333333333,20.393936443908053,0.4838039332820405
2024-05-25,WMT,11.0,1.1627180052351629,20.2,20.359527126816733,-0.4518768998265258
2024-05-26,WMT,7.0,2.352520713117507,19.9,20.48944219297613,-0.6295925422714618
2024-05-27,WMT,10.0,1.4599064714038703,20.0,20.431550990124787,-0.4894391035136449
2024-05-28,WMT,22.0,0.7736441797813721,20.7,20.115442686721035,0.06462696447929431
2024-05-29,WMT,20.0,-0.5314614704059621,21.166666666666668,19.924137732103144,-0.05855544076002115
2024-05-30,WMT,10.0,-2.041682737454194,19.833333333333332,19.25524260600453,-0.5106834296788823
2024-05-31,WMT,18.0,1.2052790844325822,19.733333333333334,19.256764746596122,-0.09001165855960945
2024-06-01,WMT,13.0,1.737704907603251,19.1,19.15157326750703,-0.3185116916921594
2024-06-02,WMT,6.0,0.2843167800024256,18.9,19.259301380246704,-0.6698062274071311
2024-06-03,WMT,14.0,1.3638861478455204,19.2,19.104792682682426,-0.27218301116209176
2024-06-04,WMT,13.0,1.4378731887144196,19.233333333333334,19.092665739950284,-0.3264778956607641
2024-06-05,WMT,23.0,1.1150529892221286,19.6,19.054549642249896,0.17843507528832564
2024-06-06,WMT,23.0,2.0437516920849848,19.8,19.057806799314555,0.16791019206444535
2024-06-07,WMT,23.0,1.8406830562436145,20.2,18.99255752602346,0.1474261692330515
2024-06-08,WMT,13.0,1.6832723545907888,20.166666666666668,19.004687866932738,-0.37709994064866126
2024-06-09,WMT,13.0,1.9636118094672224,20.266666666666666,18.95718103104146,-0.38332000178548975
2024-06-10,WMT,39.0,0.9305766456734572,21.2,19.17325723771129,0.928376424480955
2024-06-11,WMT,33.0,-0.1902921147276889,21.933333333333334,19.19039510713149,0.5766773745348316
2024-06-12,WMT,20.0,-1.174522481690088,22.033333333333335,19.17160855829901,-0.1060596103425628
2024-06-13,WMT,23.0,1.0879116878295316,21.833333333333332,19.12767147595217,0.06099365874897177
2024-06-14,WMT,16.0,1.720671403377424,21.5,19.139686157481705,-0.2873610337570791
2024-06-15,WMT,10.0,-0.0248872020638512,18.066666666666666,8.366325495631322,-0.9641827431742729
2024-06-16,WMT,6.0,1.5632597228652254,17.333333333333332,8.429559375457766,-1.3444751769979528
2024-06-17,WMT,12.0,1.3154318486578205,17.2,8.482842724562047,-0.6130020523595721
2024-06-18,WMT,16.0,0.5167085703771377,17.466666666666665,8.3075924282564,-0.1765453323971611
2024-06-19,WMT,19.0,1.4385512649817938,17.4,8.28625783846468,0.1930907812900567
2024-06-20,WMT,27.0,1.6856963313893645,18.066666666666666,8.224996943017292,1.0861199578824636
2024-06-21,WMT,23.0,1.078442138335022,17.9,8.065892429834115,0.6322920922099242
2024-06-22,WMT,12.0,0.5224300892889118,17.5,8.050487241626206,-0.683188462377961
2024-06-23,WMT,17.0,1.6532419738292412,17.066666666666666,7.696543484525731,-0.0086618969672169
2024-06-24,WMT,28.0,1.496766118068155,17.633333333333333,7.858592193540006,1.319150607558994
2024-06-25,WMT,28.0,1.6638848843481495,18.333333333333332,7.813928030406214,1.2371072051151382
2024-06-26,WMT,21.0,1.707218477770012,18.7,7.666091932480429,0.3000224912846586
2024-06-27,WMT,30.0,0.998052105305854,18.966666666666665,7.91978462495965,1.3931355277719497
2024-06-28,WMT,21.0,1.99413378198249,19.0,7.926385444002625,0.25232181984201496
2024-06-29,WMT,38.0,1.3613012463516223,19.933333333333334,8.460591539331187,2.135390484539908
2024-06-30,WMT,14.0,1.5523045559736453,19.8,8.52339579405234,-0.6804799565974943
2024-07-01,WMT,9.0,1.822763116589126,19.666666666666668,8.663571507430866,-1.2312089370437722
2024-07-02,WMT,9.0,1.7920441132957046,19.766666666666666,8.51644791315437,-1.264220338861774
2024-07-03,WMT,16.0,0.0552710728584018,19.833333333333332,8.47748878453721,-0.4521779303707561
2024-07-04,WMT,5.0,-0.106000102714852,19.566666666666666,8.818801753515965,-1.6517739114454055
2024-07-05,WMT,25.0,-0.7860506484057261,19.633333333333333,8.853144126215295,0.6061876538048533
2024-07-06,WMT,19.0,1.417203405608902,19.5,8.830784711490242,-0.05662010980172818
2024-07-07,WMT,5.0,0.1574376967591053,18.9,9.18901142857505,-1.5126763208472238
2024-07-08,WMT,7.0,-0.0818690247142495,18.7,9.385057823201075,-1.2466625374514038
2024-07-09,WMT,18.0,0.7460413251095878,18.866666666666667,9.324544301829539,-0.09294466717227363
2024-07-10,WMT,16.0,1.5151052474612778,18.1,8.52319350866839,-0.24638652142113482
2024-07-11,WMT,32.0,2.0235418447519806,18.066666666666666,8.46466624933575,1.6460582051214043
2024-07-12,WMT,26.0,1.6748744489776914,18.266666666666666,8.581991302293645,0.9011117654321678
2024-07-13,WMT,5.0,1.7154653457754718,17.666666666666668,8.864237849001922,-1.4289628598010695
2024-07-14,WMT,4.0,1.866027739258195,17.266666666666666,9.206194815910958,-1.4410586493062303
2024-07-15,WMT,9.0,1.6005876104090284,17.233333333333334,9.235177624016037,-0.8915186765788444
2024-07-16,WMT,43.0,0.6567076267550163,18.466666666666665,10.112243631576916,2.4261018847216573
2024-07-17,WMT,30.0,1.3266820054871826,19.066666666666666,10.248408903701655,1.0668322698740376
2024-07-18,WMT,23.0,1.6392715520881824,19.3,10.255864596448696,0.3607691935871697
2024-07-19,WMT,17.0,1.1475923417312195,19.233333333333334,10.264378756864339,-0.21758095509090453
2024-07-20,WMT,28.0,1.8432253363457125,19.266666666666666,10.292056975241117,0.848550814899539
2024-07-21,WMT,14.0,1.626160777898552,18.966666666666665,10.310635062996797,-0.481703273980788
2024-07-22,WMT,17.0,1.3759508669319431,19.133333333333333,10.234267432750503,-0.2084500280407457
2024-07-23,WMT,18.0,-0.2362431896371284,19.166666666666668,10.22870650579091,-0.11405808407995358
2024-07-24,WMT,15.0,2.101050276591984,18.733333333333334,10.116334804911192,-0.36904011238545675
2024-07-25,WMT,21.0,1.0994821302436029,18.5,9.974968671630005,0.25062735355854265
2024-07-26,WMT,29.0,1.9975814560866323,18.766666666666666,10.149514455291001,1.0082584125981158
2024-07-27,WMT,13.0,1.6607723982788525,18.2,9.973758673086369,-0.5213681391782528
2024-07-28,WMT,7.0,1.2199679205902294,17.733333333333334,10.163943483040272,-1.056020564384597
2024-07-29,WMT,12.0,0.6702439604264713,16.866666666666667,9.460383215003116,-0.514425954643008
2024-07-30,WMT,6.0,1.5427667200895567,16.6,9.654729053859993,-1.0979075581372306
2024-07-31,WMT,8.0,1.7638379984362862,16.566666666666666,9.683556390490846,-0.8846612051620876
2024-08-01,WMT,13.0,0.885659462332306,16.7,9.602980859051545,-0.38529702956894535
2024-08-02,WMT,5.0,1.47248597337036,16.333333333333332,9.837764440938923,-1.1520232468842964
2024-08-03,WMT,7.0,1.3147321018277076,16.4,9.764820742744387,-0.9626392790655718
2024-08-04,WMT,5.0,0.814322913437311,15.733333333333333,9.839867301226533,-1.090800618011935
2024-08-05,WMT,16.0,-0.3710105453486934,15.633333333333333,9.820749789948913,0.03733591370405686
2024-08-06,WMT,9.0,-1.2402766668426457,15.766666666666667,9.69778977070454,-0.6977534909147728
2024-08-07,WMT,11.0,0.1656896914024556,15.9,9.600107758015909,-0.510410937409384
2024-08-08,WMT,16.0,0.6532011850778424,15.833333333333334,9.591962631622204,0.01737565846193035
2024-08-09,WMT,12.0,0.7533543336212711,15.7,9.617333489500915,-0.3847220234214846
2024-08-10,WMT,4.0,1.2551194252237208,14.766666666666667,9.335447215460203,-1.1533102183724264
2024-08-11,WMT,8.0,1.3203165826381882,14.166666666666666,9.165464916000538,-0.6728154788854471
2024-08-12,WMT,10.0,0.4660777969137855,14.333333333333334,9.037597076631608,-0.47947848267522075
2024-08-13,WMT,22.0,1.5082901709481142,14.933333333333334,8.924717066251661,0.7918084813454633
2024-08-14,WMT,22.0,1.9287936383178683,15.366666666666667,8.942279788515451,0.7417944294085393
2024-08-15,WMT,147.0,0.1539668062929224,18.833333333333332,25.27242375196433,5.0714038322780475
2024-08-16,WMT,50.0,0.9846569552872898,19.5,25.834686653465702,1.1805833145612568
2024-08-17,WMT,21.0,1.634304650324954,19.433333333333334,25.827923052297535,0.06065786488113696
2024-08-18,WMT,21.0,1.252369204076088,19.566666666666666,25.82525272211135,0.05550123163387773
2024-08-19,WMT,25.0,1.1728139507565043,19.466666666666665,25.79726440099246,0.21449302714129873
2024-08-20,WMT,32.0,0.890314528021399,20.066666666666666,25.874942389852023,0.46119265324484376
2024-08-21,WMT,72.0,1.070061402232511,21.9,27.544759812048618,1.8188577552266505
2024-08-22,WMT,36.0,2.0935030141211084,22.5,27.652710785619263,0.4881980687050995
2024-08-23,WMT,20.0,0.7765892547820605,22.666666666666668,27.62099817584233,-0.09654490578834214
2024-08-24,WMT,16.0,-0.817459776377977,22.5,27.64647511359987,-0.23511134686398108
2024-08-25,WMT,3.0,0.8964440841106607,21.633333333333333,27.842516896402113,-0.6692402631078652
2024-08-26,WMT,45.0,-0.0317393208109975,22.7,28.11202957626063,0.7932547146589292
2024-08-27,WMT,26.0,1.2685159475413197,23.333333333333332,27.959741172564208,0.09537522719571391
2024-08-28,WMT,27.0,0.4520079845469069,23.833333333333332,27.88409920556423,0.11356532062670198
2024-08-29,WMT,12.0,0.976098317393855,24.033333333333335,27.773074697644123,-0.4332733578955906
2024-08-30,WMT,6.0,-0.2699100135927966,23.966666666666665,27.81525670827302,-0.6459284864814095
2024-08-31,WMT,18.0,1.6641693340675747,24.133333333333333,27.762208663668282,-0.2209238251767726
2024-09-01,WMT,11.0,1.5552372581020744,24.333333333333332,27.640965766516693,-0.4823758129856978
2024-09-02,WMT,36.0,1.710855922352066,25.3,27.52071320246651,0.3887980635269665
2024-09-03,WMT,16.0,1.3546342217668543,25.666666666666668,27.31342139875098,-0.3539163594901632
2024-09-04,WMT,28.0,1.2910775478144525,26.066666666666666,27.25477918651604,0.07093557133971667
2024-09-05,WMT,20.0,1.003628910399363,26.433333333333334,27.090758487024676,-0.23747335595696323
2024-09-06,WMT,41.0,1.0494796381797786,27.433333333333334,27.05509491610667,0.5014459091248666
2024-09-07,WMT,28.0,1.2394949284947832,27.833333333333332,26.968798489254645,0.006179981163531402
2024-09-08,WMT,18.0,1.705187641252032,28.033333333333335,26.869394630621894,-0.37341121641418656
2024-09-09,WMT,22.0,0.8421328493331657,28.633333333333333,26.512824916584652,-0.25019338204070296
2024-09-10,WMT,55.0,-0.7652426242059844,30.2,26.639871595424225,0.9309354180318103
2024-09-11,WMT,28.0,1.517411774292711,30.8,26.370568756697775,-0.10617897648828062
2024-09-12,WMT,18.0,1.481711828763942,30.666666666666668,26.42664973264592,-0.4793141315608772
2024-09-13,WMT,29.0,1.03529529952999,30.9,26.378347965316383,-0.07202877157046442
2024-09-14,WMT,12.0,1.312987359131247,26.4,14.91261904886436,-0.9656251496008409
2024-09-15,WMT,13.0,1.4516991923489906,25.166666666666668,14.415229813454694,-0.8440147555129998
2024-09-16,WMT,13.0,0.4910374133051627,24.9,14.568151374926025,-0.8168503809262776
2024-09-17,WMT,37.0,1.1215561659404478,25.433333333333334,14.712610901543965,0.7861736264263498
2024-09-18,WMT,19.0,0.9560915300221924,25.233333333333334,14.75941156974281,-0.422329393274176
2024-09-19,WMT,27.0,2.400953468021261,25.066666666666666,14.708508758030431,0.131443191498104
2024-09-20,WMT,8.0,1.0725078944045172,22.933333333333334,12.071434886950488,-1.237080220635297
2024-09-21,WMT,13.0,1.8990305683382769,22.166666666666668,11.942631066126484,-0.7675583894294925
2024-09-22,WMT,8.0,1.5403402770141787,21.766666666666666,12.215545023857317,-1.1269793234587537
2024-09-23,WMT,32.0,-2.2321441107429414,22.3,12.30405035638322,0.7883582819512548
2024-09-24,WMT,15.0,0.305432555809704,22.7,11.841336131506049,-0.650264456180138
2024-09-25,WMT,19.0,0.4019221645618871,21.833333333333332,11.079908294570501,-0.25571812130627053
2024-09-26,WMT,9.0,0.789091098870281,21.266666666666666,11.292149648236208,-1.0863003988423652
2024-09-27,WMT,12.0,1.6245885394480886,20.766666666666666,11.361408768079885,-0.7716179257009745
2024-09-28,WMT,8.0,2.3840229788372285,20.633333333333333,11.490575848639331,-1.099451715888488
2024-09-29,WMT,4.0,0.9194739965739988,20.566666666666666,11.58382741028476,-1.430154825335007
2024-09-30,WMT,16.0,1.3258466008279333,20.5,11.604844410551294,-0.387769093733694
2024-10-01,WMT,16.0,1.0363313701270638,20.666666666666668,11.499125404024056,-0.40582796540627286
2024-10-02,WMT,21.0,1.6353864156822788,20.166666666666668,11.129591910396092,0.07487546174580938
2024-10-03,WMT,21.0,-0.4764131667539483,20.333333333333332,11.102448730622092,0.060046813350996056
2024-10-04,WMT,23.0,1.4146758556593442,20.166666666666668,11.02061808559329,0.2570938681776124
2024-10-05,WMT,11.0,0.9148855043409172,19.866666666666667,11.147083531774935,-0.795424798010358
2024-10-06,WMT,6.0,0.2128095033364487,18.7,10.680791653469685,-1.1890504385856426
2024-10-07,WMT,13.0,-0.0202824493891143,18.2,10.581050074999892,-0.4914446074011281
2024-10-08,WMT,12.0,-1.1340423441688476,18.0,10.641493283855649,-0.563830642932668
2024-10-09,WMT,9.0,1.92870552579966,17.566666666666666,10.737248518457903,-0.7978456167741772
2024-10-10,WMT,10.0,1.3840095006413422,16.066666666666666,8.161868165685043,-0.7432938811941076
2024-10-11,WMT,18.0,1.877515168891681,15.733333333333333,7.856178474925643,0.28852026133330955
2024-10-12,WMT,12.0,0.868305295029371,15.533333333333333,7.872839970137982,-0.4488003499036456
2024-10-13,WMT,12.0,1.581928743930055,14.966666666666667,7.471709093748839,-0.3970532885372519
2024-10-14,WMT,13.0,1.3615409741317654,15.0,7.460239434079378,-0.268087910270511
2024-10-15,WMT,16.0,1.2587487134896316,15.1,7.452608892887425,0.12076307947126232
2024-10-16,WMT,21.0,1.4228022970898746,15.366666666666667,7.517718533838767,0.7493408150327208
2024-10-17,WMT,24.0,2.268290658644926,14.933333333333334,6.538656053693728,1.3866254154085456
2024-10-18,WMT,17.0,1.6476452861872246,14.866666666666667,6.505877095489054,0.3279086435267139
2024-10-19,WMT,16.0,0.7408584056300591,14.5,6.095504278875783,0.24608300336992803
2024-10-20,WMT,15.0,1.8269456175907008,14.733333333333333,5.970810222460899,0.04466172206638307
2024-10-21,WMT,10.0,1.4597895375136511,14.633333333333333,6.025711194730356,-0.7689272159915839
2024-10-22,WMT,24.0,0.7964879386339868,15.166666666666666,6.125601073017001,1.442035357516795
2024-10-23,WMT,21.0,1.0720931427623115,14.8,5.365277895556913,1.155578540514059
2024-10-24,WMT,16.0,0.957683572793193,14.833333333333334,5.369667897862327,0.21726979933547058
2024-10-25,WMT,13.0,1.41575018554983,14.633333333333333,5.320638627298299,-0.3069806930606567
2024-10-26,WMT,6.0,1.2035095839160448,14.533333333333333,5.456620991390004,-1.563849376161194
2024-10-27,WMT,12.0,1.7338243229814434,14.533333333333333,5.456620991390004,-0.4642677835478544
2024-10-28,WMT,15.0,1.9584551659975733,14.766666666666667,5.315451343818851,0.04389718167671077
2024-10-29,WMT,9.0,1.2351717805504532,14.933333333333334,5.0373318973121135,-1.1778722256715546
2024-10-30,WMT,13.0,2.2757708290988106,14.833333333333334,5.0451980128143274,-0.3633818392611826
2024-10-31,WMT,17.0,1.2709832947876485,14.866666666666667,5.056462804367685,0.42190230915781607
2024-11-01,WMT,11.0,0.8284948490356708,14.533333333333333,4.967017653261962,-0.7113591253320605
2024-11-02,WMT,13.0,1.6658901513897593,14.266666666666667,4.820454502346772,-0.26276913640612276
2024-11-03,WMT,4.0,2.1507110663593325,13.633333333333333,4.881233121006312,-1.9735450232598872
2024-11-04,WMT,15.0,1.4790504938354223,13.766666666666667,4.8614126890579,0.25369854653757895
2024-11-05,WMT,8.0,1.7638074064482652,13.833333333333334,4.763969174842593,-1.2244691599051065
2024-11-06,WMT,18.0,0.2397357395221688,14.0,4.820931373743529,0.8297151919202569
2024-11-07,WMT,13.0,1.5437599169932483,14.033333333333333,4.8100708528248575,-0.21482705035965893
2024-11-08,WMT,17.0,0.9438775145295866,14.3,4.742689474156591,0.569297234135311
2024-11-09,WMT,9.0,1.4810142842159106,14.266666666666667,4.777341154423346,-1.1024263280402855
2024-11-10,WMT,10.0,1.4282408543811451,14.0,4.785034140331475,-0.8359396992145404
2024-11-11,WMT,13.0,1.7737232288120528,14.033333333333333,4.7740919579526695,-0.21644604721365063
2024-11-12,WMT,14.0,0.785459065782276,14.1,4.7586581707669176,-0.021014327234999398
2024-11-13,WMT,15.0,-0.3585666043376264,14.166666666666666,4.75672542634206,0.17519054783327498
2024-11-14,WMT,8.0,1.4027046107567451,13.9,4.873220276374628,-1.2106984017536002
2024-11-15,WMT,17.0,1.9404797418141515,13.766666666666667,4.724720997661868,0.6843437601783086
2024-11-16,WMT,14.0,1.0222675871136522,13.433333333333334,4.312638470207358,0.13139674716100658
2024-11-17,WMT,12.0,0.5051157442048683,13.266666666666667,4.266415222475952,-0.29689249653754424
2024-11-18,WMT,14.0,2.736327217530637,13.2,4.237761282759446,0.18877892043014644
2024-11-19,WMT,55.0,0.7666178175678526,14.533333333333333,8.732552391160771,4.6340021627156425
2024-11-20,WMT,29.0,1.7691180472383403,15.166666666666666,9.07472174298714,1.5243809920699336
2024-11-21,WMT,17.0,0.3135203216182922,14.933333333333334,8.928579967155189,0.23146644531035598
2024-11-22,WMT,16.0,1.5562067771812471,14.766666666666667,8.857816860842732,0.13923671630483375
2024-11-23,WMT,22.0,1.7061386718942029,14.966666666666667,8.953840760691245,0.7855102096756915
2024-11-24,WMT,9.0,1.4458529842095054,14.833333333333334,9.01371879064249,-0.6471616730920379
2024-11-25,WMT,12.0,0.5052474659799118,15.033333333333333,8.876483201301538,-0.3417269277193656
2024-11-26,WMT,32.0,1.1850214572627933,15.7,9.377706505875771,1.7381648689673685
2024-11-27,WMT,27.0,1.1242232250973667,16.1,9.600107758015906,1.1354039219923036
2024-11-28,WMT,12.0,0.8952163585466755,16.2,9.53903052979053,-0.4402963159498587
2024-11-29,WMT,18.0,1.9329690541032527,16.366666666666667,9.52486160034607,0.17148105682438353
2024-11-30,WMT,12.0,0.2418031667815658,16.2,9.557087999724743,-0.4394644059070048
2024-12-01,WMT,13.0,0.5976986819197265,16.266666666666666,9.526490591424825,-0.3429034685246132
2024-12-02,WMT,19.0,1.253513994380946,16.466666666666665,9.518523984871536,0.26614770707724655
2024-12-03,WMT,19.0,0.4309322728541899,16.966666666666665,9.230695917775472,0.22027952729086897
2024-12-04,WMT,11.0,0.5745396908020656,16.833333333333332,9.288789436487528,-0.6279971543352322
2024-12-05,WMT,18.0,-1.3144708308079476,17.166666666666668,9.139091229752943,0.09118339147555043
2024-12-06,WMT,23.0,-0.0223656816474046,17.333333333333332,9.200199897878283,0.6159286460692549
2024-12-07,WMT,9.0,0.3259250370232337,17.2,9.293676010766863,-0.8823204069627752
2024-12-08,WMT,10.0,-0.5438664039744321,16.966666666666665,9.386282482994783,-0.7422178779818571
2024-12-09,WMT,15.0,1.5951872681292814,17.166666666666668,9.273928354609863,-0.23362986900687735
2024-12-10,WMT,14.0,-0.2238363217509977,17.3,9.195763642325593,-0.35886089816521605
2024-12-11,WMT,11.0,0.1881247422943829,17.233333333333334,9.235177624016035,-0.6749554353046313
2024-12-12,WMT,12.0,-0.2393503598182614,17.166666666666668,9.26648887615768,-0.5575646542845697
2024-12-13,WMT,14.0,0.8238653631792846,17.133333333333333,9.27634490047905,-0.3377767177642911
2024-12-14,WMT,3.0,0.9364365436329448,16.966666666666665,9.488589638788966,-1.4719433760283513
2024-12-15,WMT,2.0,1.154160172196245,16.466666666666665,9.874150625482306,-1.4651049204508195
2024-12-16,WMT,9.0,-0.4948385538664122,16.3,9.959054102709233,-0.7330013397571692
2024-12-17,WMT,21.0,-0.2612323574744656,16.6,9.96061208477914,0.44173992145760405
2024-12-18,WMT,15.0,-0.1294632713240343,16.633333333333333,9.953281674500827,-0.16409998096585035
2024-12-19,WMT,10.0,0.9075041274070936,15.133333333333333,6.891940987465907,-0.7448312953737006
2024-12-20,WMT,6.0,1.006425428800295,14.366666666666667,6.567859743416821,-1.2738802278859334
2024-12-21,WMT,5.0,-0.6691099456473542,13.966666666666667,6.7644268984421485,-1.325561914008073
2024-12-22,WMT,6.0,0.5247009259087425,13.633333333333333,6.905686479063922,-1.1053692281680365
2024-12-23,WMT,14.0,-0.2797772101715955,13.366666666666667,6.723521928754052,0.0941966636004855
2024-12-24,WMT,9.0,-1.7136285589793938,13.366666666666667,6.723521928754052,-0.6494612069296637
2024-12-25,WMT,2.0,2.62639282442423,13.033333333333333,7.034316540745243,-1.5685011144187746
2024-12-26,WMT,6.0,0.0889507813148674,12.166666666666666,6.164880138854002,-1.0002897911674558
2024-12-27,WMT,6.0,1.1811399132425646,11.466666666666667,5.587753439956604,-0.9783299720377645
2024-12-28,WMT,2.0,2.5974042065291503,11.133333333333333,5.847093786414423,-1.5620295598053184
2024-12-29,WMT,1.0,2.60560600078958,10.566666666666666,5.980908322973675,-1.5995340757723189
2024-12-30,WMT,6.0,-0.1745004077611984,10.366666666666667,6.031431083875526,-0.7239851713369564
2024-12-31,WMT,9.0,-1.1968817828419778,10.233333333333333,6.015401688271868,-0.205029256107359
2024-01-01,XOM,38.0,-0.1818049244101989,,,
2024-01-02,XOM,134.0,0.1344719452987039,,,
2024-01-03,XOM,108.0,-0.4116233858285965,,,
2024-01-04,XOM,103.0,-0.2489561833259303,,,
2024-01-05,XOM,115.0,-1.1067406698547555,,,
2024-01-06,XOM,33.0,0.2166313599142509,,,
2024-01-07,XOM,18.0,-0.7083985518134468,,,
2024-01-08,XOM,106.0,-1.120353763574707,,,
2024-01-09,XOM,98.0,-0.7914436082656685,,,
2024-01-10,XOM,128.0,-1.7022895791266903,88.1,42.056707748784454,0.9487190542429754
2024-01-11,XOM,200.0,-1.4899498638508502,98.27272727272727,52.251489756926375,1.9468779397584148
2024-01-12,XOM,101.0,-0.8268708290489226,98.5,49.82606108891574,0.05017454611831935
2024-01-13,XOM,34.0,0.318944195580211,93.53846153846153,50.94869213992868,-1.1685964651446081
2024-01-14,XOM,38.0,-0.1171615251278681,89.57142857142857,51.15092943845284,-1.008220752537482
2024-01-15,XOM,42.0,0.4543578762527185,86.4,50.79763774035166,-0.8740563926800553
2024-01-16,XOM,77.0,-0.0195050696909281,85.8125,49.13141391547096,-0.17936589439826883
2024-01-17,XOM,93.0,-0.4281017465543159,86.23529411764706,47.60321603075351,0.1421060685896239
2024-01-18,XOM,65.0,-0.2734178312826261,85.05555555555556,46.452343982170675,-0.43174474819297115
2024-01-19,XOM,99.0,0.1596651817558849,85.78947368421052,45.2567722953868,0.2919016457816652
2024-01-20,XOM,38.0,0.0009489918598274,83.4,45.327347386016655,-1.0016028428349144
2024-01-21,XOM,39.0,-0.0069678390822141,81.28571428571429,45.22957313212546,-0.9349129641835993
2024-01-22,XOM,152.0,-1.4363901038181677,84.5,46.64327645111606,1.4471539123273767
2024-01-23,XOM,128.0,-0.2100081250517817,86.3913043478261,46.464785424932074,0.8954888152748794
2024-01-24,XOM,61.0,-0.3979779917565431,85.33333333333333,45.73806964108513,-0.5320148734802622
2024-01-25,XOM,72.0,0.1033145457421883,84.8,44.854394061971966,-0.2853678054889158
2024-01-26,XOM,147.0,-0.4141171185207422,87.1923076923077,45.60966496765283,1.311294269539339
2024-01-27,XOM,56.0,0.4352712259720895,86.03703703703704,45.12502416916589,-0.6656403534418818
2024-01-28,XOM,57.0,0.2300632728201598,85.0,44.62020801120231,-0.6275183655121094
2024-01-29,XOM,150.0,-0.489054591136374,87.24137931034483,45.44828707475736,1.380879780714821
2024-01-30,XOM,110.0,-0.2130892929288858,88.0,44.8507102161889,0.4905162012810018
2024-01-31,XOM,66.0,0.408757049161385,88.93333333333334,44.05868604590874,-0.5205178681324499
2024-02-01,XOM,118.0,0.6331133455078943,88.4,43.588672998763144,0.6790755020424667
2024-02-02,XOM,327.0,0.5453552305529978,95.7,61.60113635315505,3.7548008639641504
2024-02-03,XOM,131.0,-0.0527747760342156,96.63333333333334,61.92681071278797,0.5549561857150492
2024-02-04,XOM,61.0,0.4661897940936258,94.83333333333333,62.158908332253326,-0.5443038534796423
2024-02-05,XOM,89.0,0.2649672936116705,96.7,61.069293599072,-0.12608627914630097
2024-02-06,XOM,132.0,0.7671450590335216,100.5,59.53078021581314,0.5291380339012031
2024-02-07,XOM,172.0,-0.6120965718263858,102.7,60.943812449354276,1.1371129769341213
2024-02-08,XOM,172.0,-1.0781166822172756,105.16666666666667,62.2309842626553,1.073955909989357
2024-02-09,XOM,117.0,-0.4388243097906199,104.8,62.12412491578231,0.1963810358140056
2024-02-10,XOM,63.0,-0.6645316453611101,100.23333333333333,59.87958222813593,-0.6218034920731013
2024-02-11,XOM,104.0,-1.5010705787631555,100.33333333333333,59.883411630482,0.061230089716536054
2024-02-12,XOM,217.0,0.2197744444934405,106.43333333333334,62.17033516648148,1.7784473313613016
2024-02-13,XOM,128.0,-0.0280687282008577,109.43333333333334,60.91298674357537,0.3048063747855039
2024-02-14,XOM,142.0,-0.5673588588088199,112.76666666666667,59.821967671516404,0.48867221308824443
2024-02-15,XOM,106.0,-0.0635669418034685,113.73333333333333,59.45727723409435,-0.13006537959829145
2024-02-16,XOM,107.0,-1.13590360073045,114.2,59.34376764767038,-0.1213269781377396
2024-02-17,XOM,44.0,-1.1311870450963275,113.5,60.06361570064262,-1.1571064976572234
2024-02-18,XOM,94.0,1.3304167095851085,113.33333333333333,60.11215571220031,-0.3216210282974339
2024-02-19,XOM,113.0,0.3413669851663453,115.83333333333333,58.4064730312833,-0.048510604840250444
2024-02-20,XOM,132.0,-0.636606186407176,118.93333333333334,56.628817650607424,0.23074235360671538
2024-02-21,XOM,212.0,-0.507541055949241,120.93333333333334,58.852787314728296,1.54736369884518
2024-02-22,XOM,298.0,-0.2198368634689351,126.6,67.15530122602847,2.5522929220897863
2024-02-23,XOM,119.0,-0.4145011773527759,128.53333333333333,66.02702337749261,-0.14438532657801242
2024-02-24,XOM,43.0,-0.2564443166564554,127.56666666666666,67.08701674759398,-1.2605519035797574
2024-02-25,XOM,41.0,0.8637571025384335,124.03333333333333,68.79779634268235,-1.206918502443649
2024-02-26,XOM,91.0,-0.087204078062059,125.2,67.89515243474995,-0.5037178469091386
2024-02-27,XOM,173.0,-0.6026487673824305,129.06666666666666,67.17652162378806,0.6539983355996805
2024-02-28,XOM,227.0,-1.8457260456099247,131.63333333333333,69.43688939746224,1.3734294190625438
2024-02-29,XOM,192.0,-0.9816906207403286,134.36666666666667,70.1660509979269,0.8213848793490763
2024-03-01,XOM,104.0,0.3499499419311237,135.63333333333333,69.22600833418794,-0.45695735020028444
2024-03-02,XOM,56.0,-0.2113589804970505,133.56666666666666,70.68077011725195,-1.0974224890021957
2024-03-03,XOM,30.0,-0.9235511814315936,123.66666666666667,63.03985238328012,-1.4858325824936356
2024-03-04,XOM,162.0,0.4242151164457172,124.7,63.41714659899656,0.5881690047623522
2024-03-05,XOM,83.0,0.3003727455890129,125.43333333333334,62.77913299998564,-0.6759146121585183
2024-03-06,XOM,83.0,0.0800788579189629,125.23333333333333,62.908627407525366,-0.6713440600085517
2024-03-07,XOM,116.0,0.7278149350529687,124.7,62.91710474080572,-0.13827718290345142
2024-03-08,XOM,62.0,-0.1938651205330156,121.03333333333333,63.269801770607394,-0.9330412247436161
2024-03-09,XOM,54.0,-0.749409705771907,117.1,63.65876162033379,-0.9912225496363517
2024-03-10,XOM,35.0,-0.2342526864173942,114.36666666666666,65.39982248912602,-1.2135608881792133
2024-03-11,XOM,93.0,-0.9859212274981908,115.36666666666666,64.81404878219097,-0.34508979282918023
2024-03-12,XOM,96.0,-0.9349868660796202,115.1,64.87885261964317,-0.29439484868783183
2024-03-13,XOM,135.0,0.3219817373420921,112.36666666666666,62.10585142809971,0.3644315762989913
2024-03-14,XOM,89.0,0.1189367659342339,111.06666666666666,62.17546546465998,-0.3549095531775178
2024-03-15,XOM,66.0,-0.3032415405694271,108.53333333333333,62.41945614747958,-0.6814114694117016
2024-03-16,XOM,51.0,-0.4373716583972269,106.7,63.29795442573763,-0.8799652454069161
2024-03-17,XOM,50.0,-0.1144281924917526,104.8,64.13853540686699,-0.854400551125351
2024-03-18,XOM,117.0,0.3739402775015798,107.23333333333333,63.129141493823,0.15470932180540276
2024-03-19,XOM,98.0,0.2258466013233275,107.36666666666666,63.1044472629926,-0.1484311656772836
2024-03-20,XOM,138.0,-0.0290428871166385,108.2,63.34601204005907,0.47043213992942323
2024-03-21,XOM,66.0,0.0376024297968105,106.0,63.636359158083124,-0.6285714728058759
2024-03-22,XOM,147.0,-2.0433637858539018,103.83333333333333,60.95282705860968,0.7081979417486152
2024-03-23,XOM,51.0,0.135572055431274,95.6,49.410036674120455,-0.9026506151807854
2024-03-24,XOM,46.0,1.0051493584669466,93.16666666666667,50.0117802214592,-0.9431111321733807
2024-03-25,XOM,121.0,1.0425046783611427,95.76666666666667,49.33676207407637,0.5114509398781968
2024-03-26,XOM,175.0,-1.2058156868557472,100.23333333333333,50.264598725718166,1.4874617237998933
2024-03-27,XOM,88.0,0.2604483265089233,100.13333333333334,50.28658101208567,-0.24128372001304413
2024-03-28,XOM,106.0,0.1845657238467669,97.9,48.39090111110584,0.16738683955073164
2024-03-29,XOM,57.0,-0.1655049400214377,92.23333333333333,42.32524585612711,-0.8324424966862388
2024-03-30,XOM,26.0,0.4653290801985427,86.7,39.595497828362475,-1.5330025717348161
2024-03-31,XOM,22.0,0.8074288115706028,83.96666666666667,41.159473986563164,-1.5055262048999016
2024-04-01,XOM,60.0,0.1746662043470462,84.1,41.07214006665793,-0.5867724438241337
2024-04-02,XOM,83.0,0.6580016619578052,85.86666666666666,39.784534625935926,-0.07205479952498557
2024-04-03,XOM,125.0,0.1886793511000681,84.63333333333334,37.870453712199065,1.0659145246433501
2024-04-04,XOM,129.0,-0.5155077369745181,86.16666666666667,38.72367478049757,1.1061278036273952
2024-04-05,XOM,103.0,-0.3937091899340905,86.83333333333333,38.839265000088794,0.416245432724582
2024-04-06,XOM,29.0,-1.0262624489365109,83.93333333333334,39.82196009423848,-1.379473366035571
2024-04-07,XOM,54.0,-0.9558344541071916,83.66666666666667,40.00028735528962,-0.7416613386589475
2024-04-08,XOM,123.0,-0.3994600406759145,85.96666666666667,40.218783854222146,0.9207969457148465
2024-04-09,XOM,125.0,-0.36827814646775,88.96666666666667,39.6384377483073,0.909050290077895
2024-04-10,XOM,62.0,0.45940703574478,87.93333333333334,39.93264443978159,-0.6494268961435998
2024-04-11,XOM,141.0,-0.6150498270986591,89.43333333333334,41.07493852354061,1.2554289432986758
2024-04-12,XOM,168.0,-0.3842940763594977,90.53333333333333,42.745222224109476,1.812288312843847
2024-04-13,XOM,47.0,-0.368436749013347,89.13333333333334,43.478677559222604,-0.9690573793543569
2024-04-14,XOM,49.0,-1.9256595914849632,88.56666666666666,43.89932316918611,-0.9013047083705237
2024-04-15,XOM,78.0,-0.4962771634150175,89.46666666666667,43.37624753911649,-0.264353587901445
2024-04-16,XOM,91.0,0.770830858925978,90.83333333333333,42.73098151937529,0.0039003706617668165
2024-04-17,XOM,115.0,0.0028798119070112,90.76666666666667,42.690290694023474,0.5676544464647072
2024-04-18,XOM,109.0,0.3524896645969932,91.13333333333334,42.80165428106021,0.41742934862619746
2024-04-19,XOM,100.0,0.298766287128559,89.86666666666666,41.920066245450826,0.24172989789664304
2024-04-20,XOM,56.0,-1.3039281838847052,89.53333333333333,42.15548668288935,-0.7954678257087779
2024-04-21,XOM,68.0,0.5365424647284407,86.9,40.89039175565613,-0.4622112723433538
2024-04-22,XOM,124.0,-0.4521728039066224,89.33333333333333,40.852411681929894,0.8485831127076559
2024-04-23,XOM,167.0,-0.2694603246876281,93.36666666666666,42.371496057620114,1.7378034807456624
2024-04-24,XOM,78.0,0.5715284892634981,91.93333333333334,42.131103534769515,-0.3307137047059444
2024-04-25,XOM,104.0,-0.0580662706013963,89.56666666666666,39.195956277475155,0.3682352646573335
2024-04-26,XOM,357.0,0.5803855641473067,98.53333333333333,62.60424868986918,4.128580281301141
2024-04-27,XOM,107.0,0.4714190459505515,98.56666666666666,62.60862743971518,0.13469922082948801
2024-04-28,XOM,94.0,1.1328333582422312,99.8,62.124124915782296,-0.09336147604272392
2024-04-29,XOM,130.0,0.6479562435075906,103.26666666666667,60.750441084440055,0.44005167462365163
2024-04-30,XOM,143.0,-0.4567541932184737,107.3,59.164965168994016,0.6033976340225912
2024-05-01,XOM,112.0,-0.1606806007516649,109.03333333333333,58.48930543761579,0.05072152326771756
2024-05-02,XOM,261.0,-0.6581200044474914,114.96666666666667,64.47907082699504,2.264817582827116
2024-05-03,XOM,199.0,-0.2156057771415263,117.43333333333334,66.26679791379033,1.2308828739964268
2024-05-04,XOM,93.0,-0.4535473729572294,116.23333333333333,66.37598409340396,-0.35002619773801774
2024-05-05,XOM,124.0,-0.0118714313542138,116.93333333333334,66.34233751629827,0.10651820438088423
2024-05-06,XOM,78.0,0.0272841390138727,118.56666666666666,64.68527697607288,-0.6271391043385699
2024-05-07,XOM,120.0,0.2230174735224752,120.76666666666667,63.52554920895097,-0.012068635001405698
2024-05-08,XOM,209.0,0.735530847240988,123.63333333333334,65.53834536089295,1.3025453449669386
2024-05-09,XOM,139.0,0.537460921575018,124.1,65.59822852948773,0.2271402800656752
2024-05-10,XOM,174.0,-0.5976542933213517,127.83333333333333,65.1275053569764,0.7088658841394013
2024-05-11,XOM,70.0,-1.397579118681792,125.46666666666667,65.91778229725652,-0.8414522566390279
2024-05-12,XOM,61.0,0.2668095180237649,121.9,66.42981777526694,-0.9167569931627031
2024-05-13,XOM,116.0,-0.3532444250367754,124.2,64.92457161968802,-0.1263004097744928
2024-05-14,XOM,111.0,-0.1666729678189643,126.26666666666667,63.41757253117724,-0.24073243514896903
2024-05-15,XOM,122.0,0.3361260147578206,127.73333333333333,62.768283959850045,-0.09134124706994827
2024-05-16,XOM,123.0,-0.507671199297853,128.8,62.393302027790085,-0.09295869606991919
2024-05-17,XOM,72.0,-0.053182712003784,127.36666666666666,63.20982209431856,-0.8759187232650532
2024-05-18,XOM,32.0,0.6697500885821206,124.8,65.50304020320026,-1.4167281352456387
2024-05-19,XOM,17.0,0.9168563590831448,122.03333333333333,68.28059922031336,-1.5382602749931065
2024-05-20,XOM,90.0,-0.5120124260444714,123.16666666666667,67.42356251051405,-0.4919150728870883
2024-05-21,XOM,108.0,-0.2611513610274146,124.5,66.686476941705,-0.24742647620182015
2024-05-22,XOM,152.0,-0.8703277777846916,125.43333333333334,66.87491325593257,0.39725908226594814
2024-05-23,XOM,149.0,-0.4370613165674756,124.83333333333333,66.56916720966626,0.36303092977791557
2024-05-24,XOM,121.0,-0.4375754044108326,126.26666666666667,65.98637964648897,-0.07981445102583222
2024-05-25,XOM,39.0,0.4213492656876285,124.1,67.78533561278523,-1.2554337782750313
2024-05-26,XOM,96.0,2.2816569018148147,115.4,51.70446522436849,-0.3752093734228726
2024-05-27,XOM,62.0,0.3924855639226269,113.9,52.60152744602738,-0.986663363592489
2024-05-28,XOM,170.0,-0.0291553810995616,116.43333333333334,53.43360903694082,1.002490148655949
2024-05-29,XOM,410.0,-0.0763441268239447,125.76666666666667,75.6998079227433,3.7547431246247336
2024-05-30,XOM,240.0,-1.0977756506451135,129.0,78.48171322253884,1.4143422135199053
2024-05-31,XOM,140.0,-0.2051745652921389,129.93333333333334,78.43905313981845,0.12833743223191033
2024-06-01,XOM,60.0,-0.2905899359471577,123.23333333333333,75.38255690182889,-0.8388324293069873
2024-06-02,XOM,42.0,-0.4708238395152451,118.0,75.39093515435577,-1.0080787543541836
2024-06-03,XOM,101.0,-0.9544678394191112,118.26666666666667,75.31356672826837,-0.22926369599470522
2024-06-04,XOM,259.0,-1.3558274578580234,122.76666666666667,79.58022771818487,1.7118992649251075
2024-06-05,XOM,126.0,-0.4646287380864788,124.36666666666666,79.13039580483523,0.020641035808309907
2024-06-06,XOM,112.0,-0.8395961208201521,124.1,79.15909340666754,-0.1528567278788569
2024-06-07,XOM,75.0,-0.2760736872648698,119.63333333333334,77.97501073325077,-0.572405606791413
2024-06-08,XOM,42.0,0.7604952310768622,116.4,79.14656853171101,-0.9400281197306838
2024-06-09,XOM,53.0,0.2525757308900941,112.36666666666666,79.19312201645192,-0.7496442261025341
2024-06-10,XOM,99.0,-1.622397230337428,113.33333333333333,78.83432358251477,-0.18181589797407002
2024-06-11,XOM,106.0,-0.9809781724905068,114.83333333333333,78.23002480895168,-0.11291487322042304
2024-06-12,XOM,102.0,0.1548966977121021,114.36666666666666,78.26457486092235,-0.15801103741561828
2024-06-13,XOM,109.0,0.8623451133459995,114.3,78.26839323322248,-0.06771571232090035
2024-06-14,XOM,99.0,0.7332135990294464,113.53333333333333,78.30300709130033,-0.18560377018966392
2024-06-15,XOM,57.0,0.0809261316406307,111.33333333333333,78.95233539527388,-0.6881789254404468
2024-06-16,XOM,33.0,-0.3440862705706748,110.03333333333333,79.93725269119581,-0.9636725148776308
2024-06-17,XOM,63.0,-0.1856670433365013,111.06666666666666,79.08961888953539,-0.6077493777508457
2024-06-18,XOM,142.0,-0.5902760974720154,115.23333333333333,77.23394078509396,0.3465661132214633
2024-06-19,XOM,163.0,-0.012341855076504,117.66666666666667,77.56080299300373,0.5844876739791175
2024-06-20,XOM,110.0,1.4999391883787336,117.73333333333333,77.55306674090676,-0.09971666702967723
2024-06-21,XOM,102.0,0.242967248976281,116.06666666666666,77.32820038454692,-0.1819086257887066
2024-06-22,XOM,45.0,0.4424140522065358,112.6,78.12792339357998,-0.8652476229203719
2024-06-23,XOM,35.0,0.0854192406678061,109.73333333333333,79.37685467106431,-0.9415003106765365
2024-06-24,XOM,104.0,-0.1618595316782506,111.9,78.25878820320744,-0.10094712915163978
2024-06-25,XOM,230.0,-0.2217538475507908,116.36666666666666,81.09274525710258,1.4012761927477189
2024-06-26,XOM,126.0,0.2170028462181318,118.5,80.45249187114008,0.09322271847107821
2024-06-27,XOM,129.0,-0.3912613608792757,117.13333333333334,79.89378005798713,0.14853054465633997
2024-06-28,XOM,81.0,-0.2252757009262901,106.16666666666667,57.84466913317454,-0.4350732235796179
2024-06-29,XOM,56.0,0.3644309257457426,100.03333333333333,52.690039190392106,-0.8357050784157074
2024-06-30,XOM,40.0,-0.4466828446018577,96.7,53.23477603325052,-1.0650932383858458
2024-07-01,XOM,59.0,-0.1750641504827796,96.66666666666667,53.25885604410252,-0.7072376213915618
2024-07-02,XOM,72.0,-0.8515105671970717,97.66666666666667,52.472872027844765,-0.48914163976095376
2024-07-03,XOM,62.0,0.4198953406102602,96.36666666666666,52.8690531559739,-0.6500337080991099
2024-07-04,XOM,69.0,-0.663484496820764,90.03333333333333,43.21357013344488,-0.48672982279366706
2024-07-05,XOM,68.0,-0.9955837343495944,88.1,42.844828280024956,-0.46913480125607093
2024-07-06,XOM,51.0,-0.5965158070048103,86.06666666666666,43.11806832514593,-0.8132708172878935
2024-07-07,XOM,37.0,0.4099516958658259,84.8,44.00344814075212,-1.0862785081547244
2024-07-08,XOM,82.0,0.3568610943017825,86.13333333333334,43.26162059021776,-0.09554272995191405
2024-07-09,XOM,109.0,0.4689159824448087,88.0,42.989974773596714,0.48848598098963375
2024-07-10,XOM,98.0,1.1894588976383995,87.96666666666667,42.981538405205555,0.23343355555924403
2024-07-11,XOM,103.0,-0.6555238715445928,87.86666666666666,42.94160697034289,0.3524165582295278
2024-07-12,XOM,74.0,0.2176268063580362,86.93333333333334,42.928114196942616,-0.30127886060866055
2024-07-13,XOM,46.0,0.1637146416862772,84.83333333333333,43.35028404101616,-0.8958034345655247
2024-07-14,XOM,122.0,-0.8949591138803153,85.6,43.81040657352919,0.8308528234931595
2024-07-15,XOM,55.0,0.4278139612811271,85.53333333333333,43.85692516647137,-0.6962032385406735
2024-07-16,XOM,85.0,0.3819618961537018,87.26666666666667,42.72198282022912,-0.05305621408548915
2024-07-17,XOM,91.0,-0.7472627708794649,88.2,42.47871678041067,0.06591536214416051
2024-07-18,XOM,106.0,0.7607273049112222,87.0,41.40131598774657,0.45892261022870323
2024-07-19,XOM,87.0,0.3692471188222528,84.46666666666667,38.83629064759361,0.06523108389318595
2024-07-20,XOM,69.0,0.3548074311110918,83.1,38.62762099130977,-0.3650237741323012
2024-07-21,XOM,55.0,0.8721093906424707,81.53333333333333,38.78742538266869,-0.6840704963415585
2024-07-22,XOM,106.0,0.0979834334897932,83.56666666666666,38.40319969906721,0.5841527140739324
2024-07-23,XOM,86.0,-0.0745022061603196,85.26666666666667,37.29188996915098,0.019664686717137978
2024-07-24,XOM,98.0,0.612164274822404,85.06666666666666,37.203942443420324,0.34763340882494703
2024-07-25,XOM,94.0,-0.1684553056813791,80.53333333333333,25.323742891266832,0.5317802634661402
2024-07-26,XOM,99.0,-0.0934820949836173,79.63333333333334,24.102487113521505,0.8035132049008317
2024-07-27,XOM,29.0,0.2329040365520555,76.3,23.954194794980292,-1.9746019603176943
2024-07-28,XOM,59.0,0.0447216987522798,75.56666666666666,24.141370034164083,-0.6862355634010022
2024-07-29,XOM,149.0,-0.3383363301443584,78.66666666666667,27.305845443829377,2.5757610573902734
2024-07-30,XOM,188.0,-0.6320286807930524,83.6,32.879718095947304,3.1752097051242103
2024-07-31,XOM,70.0,0.4006117722768189,83.96666666666667,32.65650205451864,-0.4276840992752351
2024-08-01,XOM,140.0,-0.999167410299392,86.23333333333333,34.12419844538812,1.5756169849004389
2024-08-02,XOM,283.0,0.0520058867724508,93.6,49.22544898308401,3.8476033009894137
2024-08-03,XOM,41.0,-0.57032903823198,92.66666666666667,49.96780572724203,-1.033999110321117
2024-08-04,XOM,35.0,0.2327680404083467,91.56666666666666,50.88437422460734,-1.1116706755000516
2024-08-05,XOM,116.0,0.3285717104757913,93.73333333333333,50.47972165979695,0.44110121717252415
2024-08-06,XOM,102.0,0.3294074161120348,95.9,49.3428190631975,0.12362487826622169
2024-08-07,XOM,67.0,-0.045847259185139,95.4,49.564030339029884,-0.5729961789978978
2024-08-08,XOM,64.0,-0.3069774654843472,93.9,49.818532765393144,-0.6001782537596188
2024-08-09,XOM,73.0,-0.2104438014414782,93.06666666666666,49.95648681315212,-0.40168290339791635
2024-08-10,XOM,33.0,0.7803230223941133,90.73333333333333,51.09823759247935,-1.1298497962644125
2024-08-11,XOM,116.0,-0.0557498229740339,92.13333333333334,51.19922772406073,0.4661528645567965
2024-08-12,XOM,67.0,0.2080911545853042,92.83333333333333,50.687741382278816,-0.5096564303093024
2024-08-13,XOM,80.0,0.753518150459259,91.43333333333334,50.433762181856814,-0.22669998902930144
2024-08-14,XOM,252.0,0.6055141674516942,98.0,57.81182315540415,2.6638149706165137
2024-08-15,XOM,107.0,0.6375665167391513,98.73333333333333,57.78075883850975,0.14306954136360517
2024-08-16,XOM,58.0,0.2455130970579457,97.63333333333334,58.24530961334158,-0.6804553636410748
2024-08-17,XOM,47.0,0.4717565157451248,95.66666666666667,58.944938265524,-0.8256292753661439
2024-08-18,XOM,44.0,0.8931939683865164,94.23333333333333,59.68115472982285,-0.8416950637222103
2024-08-19,XOM,51.0,0.4534356924723411,93.63333333333334,60.03302730844157,-0.7101646417777508
2024-08-20,XOM,108.0,0.5269206698533517,95.4,59.63544421647709,0.21128374518787693
2024-08-21,XOM,62.0,0.7407071312371358,93.93333333333334,59.90621022054813,-0.5330554748125269
2024-08-22,XOM,63.0,0.3854581069615302,93.16666666666667,60.15788613613194,-0.5014582227573986
2024-08-23,XOM,60.0,1.1659135340675155,91.9,60.45194728902024,-0.5276918516369106
2024-08-24,XOM,39.0,0.7505625756350351,90.06666666666666,61.21524113426685,-0.8342149066220168
2024-08-25,XOM,42.0,0.574735653298175,88.16666666666667,61.81010035380241,-0.7469113688929095
2024-08-26,XOM,97.0,0.0195468004922053,90.43333333333334,60.804198660229396,0.10799692803059283
2024-08-27,XOM,134.0,-0.3123668478119534,92.93333333333334,61.00872370256643,0.6731277786907568
2024-08-28,XOM,74.0,0.777531936078862,90.43333333333334,60.16281549109957,-0.27314767766751985
2024-08-29,XOM,104.0,0.7900566582031027,87.63333333333334,57.354603779580266,0.28535924909472776
2024-08-30,XOM,66.0,0.7354437593272226,87.5,57.401640010212844,-0.3745537583277192
2024-08-31,XOM,32.0,0.5951332204459705,83.9,57.382173129844496,-0.9044620858565356
2024-09-01,XOM,37.0,0.7646314946991891,75.7,43.95542412882427,-0.8804374151089589
2024-09-02,XOM,51.0,1.0962932239289789,76.03333333333333,43.72049415543472,-0.57257663292494
2024-09-03,XOM,55.0,0.0787334130549101,76.7,43.22287867992262,-0.5020489301671577
2024-09-04,XOM,120.0,0.7955124392736845,76.83333333333333,43.354261082654695,0.99567298781473
2024-09-05,XOM,96.0,0.4432271957016251,76.63333333333334,43.24786885985874,0.447806266001749
2024-09-06,XOM,57.0,0.4656279604294727,76.3,43.363062304382886,-0.445079267338766
2024-09-07,XOM,95.0,-0.0852715686552089,77.33333333333333,43.42916018095431,0.40679273080703776
2024-09-08,XOM,37.0,0.0400192704226178,76.13333333333334,44.046005207199464,-0.8884649844916439
2024-09-09,XOM,99.0,-0.4963931236815658,78.33333333333333,43.4617019941682,0.47551443497173157
2024-09-10,XOM,148.0,-1.424011695863947,79.4,44.79039305861053,1.5315784326838429
2024-09-11,XOM,143.0,-0.1043600029863629,81.93333333333334,46.192202158263505,1.3220124569389513
2024-09-12,XOM,91.0,0.15535782121088,82.3,46.21997627537849,0.18823029999334978
2024-09-13,XOM,94.0,0.3057956930625841,77.03333333333333,33.455563254019154,0.5071403681905846
2024-09-14,XOM,46.0,-0.9223460850480444,75.0,33.425160871869316,-0.8676098855938928
2024-09-15,XOM,39.0,-1.7046887852500907,74.36666666666666,33.9345041913484,-1.0422037247764884
2024-09-16,XOM,70.0,-0.9131680616604348,75.13333333333334,33.55256640919852,-0.15299376121422484
2024-09-17,XOM,72.0,0.1464721668286412,76.06666666666666,33.04222307513714,-0.12307485054559346
2024-09-18,XOM,67.0,0.5629189047549965,76.6,32.75152010160011,-0.29311616591289075
2024-09-19,XOM,66.0,0.2129503613643618,75.2,32.25694258338172,-0.28520991957680764
2024-09-20,XOM,100.0,2.5831622369208453,76.46666666666667,32.46614505469724,0.7248576415119694
2024-09-21,XOM,40.0,1.1390276100582546,75.7,33.061228464565644,-1.0798146849946166
2024-09-22,XOM,37.0,1.3039439458967133,74.93333333333334,33.698391789451925,-1.1256719184209558
2024-09-23,XOM,177.0,-2.9839455891710727,79.53333333333333,37.79411862047916,2.5788844990779407
2024-09-24,XOM,354.0,-2.867169025673675,89.93333333333334,62.17380163055337,4.247233718082623
2024-09-25,XOM,210.0,-2.162333395757197,93.7,65.92636958680912,1.7640892518260234
2024-09-26,XOM,183.0,0.4068803731663032,95.33333333333333,67.54632297265658,1.2978747444498941
2024-09-27,XOM,110.0,0.2834270858588801,96.53333333333333,67.47399669417142,0.1995830590516947
2024-09-28,XOM,48.0,-0.63625574783461,94.66666666666667,68.03261557230616,-0.6859455023755273
2024-09-29,XOM,42.0,0.2116545376240616,93.86666666666666,68.52069072529306,-0.7569489758152875
2024-09-30,XOM,109.0,-0.1673830209623114,96.43333333333334,67.55875263406854,0.18601093384204287
2024-10-01,XOM,203.0,-0.6693623524726319,101.96666666666667,69.29869548124479,1.4579399025004345
2024-10-02,XOM,230.0,-1.388096934396474,107.93333333333334,72.39591021661343,1.6860989288128982
2024-10-03,XOM,122.0,-0.0180998476567161,110.16666666666667,71.73710785693942,0.16495414558573737
2024-10-04,XOM,107.0,0.0230543446955862,109.73333333333333,71.71492093739955,-0.03811387222638479
2024-10-05,XOM,46.0,0.5491493224244433,108.06666666666666,72.62037964807044,-0.8546728475870177
2024-10-06,XOM,27.0,0.1004608389986567,107.06666666666666,73.54845146326112,-1.0886247782750602
2024-10-07,XOM,85.0,-0.1134699463546104,106.73333333333333,73.62764348434268,-0.2951789885541433
2024-10-08,XOM,81.0,-1.319118656981417,108.2,72.62202572697662,-0.3745420170770054
2024-10-09,XOM,88.0,-0.9261952345927058,107.83333333333333,72.69780783742941,-0.2728188637776486
2024-10-10,XOM,140.0,-0.2997581344214915,107.56666666666666,72.55993163007334,0.44698682323304384
2024-10-11,XOM,148.0,-0.1284569525226638,107.73333333333333,72.64981350491443,0.5542569859995966
2024-10-12,XOM,72.0,0.3384558403619064,107.1,72.88316110332887,-0.48159272277224036
2024-10-13,XOM,36.0,0.1857840210272858,105.16666666666667,74.00330064089792,-0.9346429965644224
2024-10-14,XOM,79.0,0.3461200846430355,106.26666666666667,73.33575753568876,-0.37180589091750194
2024-10-15,XOM,103.0,0.2355240492076326,108.4,72.23410217647462,-0.07475693387601474
2024-10-16,XOM,207.0,-0.725493967387251,112.96666666666667,74.03097363584556,1.270189067023194
2024-10-17,XOM,120.0,-0.7758260777701774,114.56666666666666,73.63267796547815,0.07378970157625794
2024-10-18,XOM,59.0,0.1274951032318673,114.3,73.82511954519317,-0.7490675306817114
2024-10-19,XOM,45.0,-0.3436404191019549,113.6,74.39623646395022,-0.9220896548072176
2024-10-20,XOM,40.0,0.5532343188976792,111.6,75.57166044271465,-0.9474451081338185
2024-10-21,XOM,87.0,0.2990444170915902,113.16666666666667,74.51594753327375,-0.3511552564634895
2024-10-22,XOM,85.0,0.7010231698981397,114.76666666666667,73.32999731178995,-0.4059275570419365
2024-10-23,XOM,80.0,-0.0535488606301067,111.53333333333333,72.62645729243972,-0.43418520617576495
2024-10-24,XOM,84.0,-1.2846912232194496,102.53333333333333,56.477479999787825,-0.3281543959362733
2024-10-25,XOM,84.0,-0.254855004843287,98.33333333333333,52.77364371790491,-0.27160022169305603
2024-10-26,XOM,27.0,0.2775821178414146,93.13333333333334,51.820468152461025,-1.2762010010940548
2024-10-27,XOM,44.0,0.1786890887419767,90.93333333333334,52.476551961301,-0.8943677047978396
2024-10-28,XOM,159.0,-0.6809375440989626,94.63333333333334,53.25247822197204,1.2087074407761345
2024-10-29,XOM,123.0,-1.1681804322975722,97.33333333333333,52.540515291786335,0.48851189456604255
2024-10-30,XOM,53.0,0.3846632788446645,95.46666666666667,53.10349902968164,-0.7996962053843264
2024-10-31,XOM,112.0,-0.0458653410198838,92.43333333333334,49.205188493822895,0.39765454143363393
2024-11-01,XOM,265.0,0.8207834102064581,93.6,52.85869256149212,3.2426076335619762
2024-11-02,XOM,57.0,0.8029102125694908,91.43333333333334,52.986454569220705,-0.6498516198767395
2024-11-03,XOM,51.0,0.048325461384248,89.56666666666666,53.403915220885615,-0.7221692736787155
2024-11-04,XOM,84.0,-0.3044042282748086,90.83333333333333,52.781974021527404,-0.12946339086420522
2024-11-05,XOM,87.0,0.0248399152230871,92.83333333333333,51.39843237468153,-0.11349243671110061
2024-11-06,XOM,69.0,-0.7658450626060445,92.3,51.56525828568071,-0.45185461635649815
2024-11-07,XOM,86.0,-0.5229448501696328,92.46666666666667,51.53554737924261,-0.1254797318650641
2024-11-08,XOM,78.0,-1.1334759989205323,92.13333333333334,51.59773674088436,-0.2739138230870221
2024-11-09,XOM,45.0,0.201913008549607,88.96666666666667,51.47378531556274,-0.8541564681347352
2024-11-10,XOM,41.0,-0.430768320014723,85.4,50.946625213939875,-0.8715003165283537
2024-11-11,XOM,59.0,0.756730458061817,84.96666666666667,51.11952412852096,-0.5079598667895104
2024-11-12,XOM,128.0,0.8168347362760694,88.03333333333333,50.839492749126684,0.7861342532248852
2024-11-13,XOM,104.0,-0.1127229502629008,88.86666666666666,50.891184341476674,0.2973664993093817
2024-11-14,XOM,104.0,-0.0336001360445587,88.9,50.901087313093534,0.29665378083418165
2024-11-15,XOM,166.0,-0.4303364200392819,87.53333333333333,48.09382592343868,1.631533053568643
2024-11-16,XOM,52.0,-0.2731133062581311,85.26666666666667,48.11332407995719,-0.6914231619370637
2024-11-17,XOM,35.0,0.527824339538941,84.46666666666667,48.76030984409301,-1.014486307097559
2024-11-18,XOM,94.0,-0.9347294427807852,86.1,48.21027934458333,0.16386546826527798
2024-11-19,XOM,66.0,0.1336693605031536,86.96666666666667,47.582583986691745,-0.4406374120525019
2024-11-20,XOM,108.0,-0.0290681253527174,87.66666666666667,47.73730799608041,0.42594218624566865
2024-11-21,XOM,90.0,-0.3640161606826763,87.83333333333333,47.73640505752493,0.04538814064560836
2024-11-22,XOM,111.0,-0.3505237659890132,88.86666666666666,47.896248023333136,0.46210996156840645
2024-11-23,XOM,46.0,-0.2512366025687566,87.6,48.527702717463164,-0.8572423104840244
2024-11-24,XOM,28.0,1.5749472741580417,85.73333333333333,49.733034420228954,-1.1608648860132744
2024-11-25,XOM,66.0,0.0079105882767857,87.03333333333333,48.64259757507378,-0.4324056358394719
2024-11-26,XOM,109.0,0.4151361162576191,89.2,48.10434061710955,0.4116052677574301
2024-11-27,XOM,80.0,-0.9092760281927896,86.56666666666666,46.279274674175866,-0.14189216907349037
2024-11-28,XOM,123.0,-0.7146296557748752,86.56666666666666,46.279274674175866,0.7872494456717009
2024-11-29,XOM,57.0,-0.0958623743787139,86.7,46.18489826324409,-0.6430673470517642
2024-11-30,XOM,29.0,0.2322360454734571,83.93333333333334,47.09413414921615,-1.1664580807299472
2024-12-01,XOM,21.0,-1.0418236147213564,75.8,33.99229121534713,-1.6121302224916931
2024-12-02,XOM,40.0,0.3743654989876573,75.23333333333333,34.45505151226223,-1.0225883226671166
2024-12-03,XOM,99.0,0.1224755489352447,76.83333333333333,34.40537581625103,0.644279161054723
2024-12-04,XOM,131.0,-1.1624896052643168,78.4,35.785375552706945,1.4698741926720154
2024-12-05,XOM,63.0,0.9603294689930646,77.6,35.854687569265685,-0.40719919736561816
2024-12-06,XOM,46.0,0.0287597213753858,76.83333333333333,36.28819826518442,-0.8496793670496287
2024-12-07,XOM,41.0,-0.0455548942670518,75.33333333333333,36.8223445406626,-0.9324048688811578
2024-12-08,XOM,21.0,-0.2344638461206185,73.43333333333334,38.12744810304743,-1.3752122405785263
2024-12-09,XOM,66.0,-0.1921168622052081,74.13333333333334,37.7786049041749,-0.21528940398840743
2024-12-10,XOM,58.0,0.5954568771017997,74.7,37.38997652884509,-0.4466437679391567
2024-12-11,XOM,128.0,0.6503113249814757,77.0,38.49675310984032,1.324787050338634
2024-12-12,XOM,110.0,-0.4374046882311666,76.4,37.8085923458202,0.8886868808199501
2024-12-13,XOM,86.0,1.0285147008346935,75.8,37.49703436549211,0.2720215124369113
2024-12-14,XOM,37.0,0.0588650389385553,73.56666666666666,37.75390670201387,-0.9685531872312467
2024-12-15,XOM,27.0,-0.6337487128226577,68.93333333333334,34.39921143175287,-1.219020192265976
2024-12-16,XOM,84.0,1.877093521928456,70.0,34.35213189188178,0.40754384746958106
2024-12-17,XOM,74.0,0.3971581027995898,71.3,33.71395904492319,0.0800855217390015
2024-12-18,XOM,47.0,0.891995615258306,69.73333333333333,33.71476023155532,-0.6742842949853186
2024-12-19,XOM,45.0,1.1641416175646118,69.03333333333333,34.01164438869412,-0.7066207401992683
2024-12-20,XOM,56.0,0.0760046775678055,67.3,33.27435587086081,-0.3396008639162176
2024-12-21,XOM,13.0,0.4587538351435157,64.73333333333333,34.41324257270471,-1.5032972619199292
2024-12-22,XOM,32.0,-0.3859640721623077,62.1,33.767307184357456,-0.8913947397601099
2024-12-23,XOM,27.0,1.3349114397759942,61.46666666666667,34.2543562126079,-1.0061980570512261
2024-12-24,XOM,40.0,-0.3372050540928352,61.86666666666667,33.918495954509716,-0.644682673901386
2024-12-25,XOM,30.0,-0.3453860521836893,60.666666666666664,34.40061480338069,-0.8914569359281603
2024-12-26,XOM,20.0,-0.0972017879677318,57.7,33.92298579897179,-1.1113408537624272
2024-12-27,XOM,28.0,0.1007053607859651,55.96666666666667,34.07242117985558,-0.8208006856642528
2024-12-28,XOM,57.0,-0.543798988174888,53.766666666666666,31.6387838527046,0.10219524708617829
2024-12-29,XOM,19.0,1.0965472708696902,52.5,32.259454641904654,-1.0384552489143413
2024-12-30,XOM,39.0,-0.2956538167130355,52.833333333333336,32.05930209119832,-0.43149202980096035
2024-12-31,XOM,122.0,-0.2104430890580078,56.2,33.85404778935804,1.9436375942224584
